Unnamed: 0,Unnamed: 1,Unnamed: 2,Unnamed: 3,Unnamed: 4,Unnamed: 5,Unnamed: 6,Unnamed: 7,Unnamed: 8,Unnamed: 9,Unnamed: 10,Unnamed: 11,Unnamed: 12,Unnamed: 13,Unnamed: 14,Unnamed: 15,Unnamed: 16,Unnamed: 17,Unnamed: 18,Unnamed: 19,Unnamed: 20,Unnamed: 21,Unnamed: 22,Unnamed: 23,Unnamed: 24,Unnamed: 25,Unnamed: 26,Unnamed: 27,Unnamed: 28,Unnamed: 29,Unnamed: 30,Unnamed: 31,Unnamed: 32,Unnamed: 33,Unnamed: 34,Unnamed: 35,Unnamed: 36,Unnamed: 37,Unnamed: 38,Unnamed: 39,Unnamed: 40,Unnamed: 41,Unnamed: 42,Unnamed: 43,Unnamed: 44,Unnamed: 45,Unnamed: 46,Unnamed: 47,Unnamed: 48,Unnamed: 49,Unnamed: 50,Unnamed: 51,Unnamed: 52,Unnamed: 53,Unnamed: 54,Unnamed: 55,Unnamed: 56,Unnamed: 57,Unnamed: 58,Unnamed: 59,Unnamed: 60,Unnamed: 61,Unnamed: 62,Unnamed: 63,Unnamed: 64,Unnamed: 65,Unnamed: 66,Unnamed: 67,Unnamed: 68,Unnamed: 69,Unnamed: 70,Unnamed: 71,Unnamed: 72,Unnamed: 73,Unnamed: 74,Unnamed: 75,Unnamed: 76,Unnamed: 77,Unnamed: 78,Unnamed: 79,Unnamed: 80,Unnamed: 81,Unnamed: 82,Unnamed: 83,Unnamed: 84,Unnamed: 85,Unnamed: 86,Unnamed: 87,Unnamed: 88,Unnamed: 89,Unnamed: 90,Unnamed: 91,Unnamed: 92,Unnamed: 93,Unnamed: 94,Unnamed: 95,Unnamed: 96,Unnamed: 97,Unnamed: 98,Unnamed: 99,Unnamed: 100,Unnamed: 101,Unnamed: 102,Unnamed: 103,Unnamed: 104,Unnamed: 105,Unnamed: 106,Unnamed: 107,Unnamed: 108,Unnamed: 109,Unnamed: 110,Unnamed: 111,Unnamed: 112,Unnamed: 113,Unnamed: 114,Unnamed: 115,Unnamed: 116,Unnamed: 117,Unnamed: 118,Unnamed: 119,Unnamed: 120,Unnamed: 121,Unnamed: 122,Unnamed: 123,Unnamed: 124,Unnamed: 125,Unnamed: 126,Unnamed: 127,Unnamed: 128,Unnamed: 129,Unnamed: 130,Unnamed: 131,Unnamed: 132,Unnamed: 133,Unnamed: 134,Unnamed: 135,Unnamed: 136,Unnamed: 137,Unnamed: 138,Unnamed: 139,Unnamed: 140,Unnamed: 141,Unnamed: 142,Unnamed: 143,Unnamed: 144,Unnamed: 145,Unnamed: 146,Unnamed: 147,Unnamed: 148,Unnamed: 149,Unnamed: 150,Unnamed: 151,Unnamed: 152,Unnamed: 153,Unnamed: 154,Unnamed: 155,Unnamed: 156
,,,,,,,,,,,,,,,,,,,,,,,,,,,,,,,,,,,,,,,,,,,,,,,,,,,,,,,,,,,,,,,,,,,,,,,,,,,,,,,,,,,,,,,,,,,,,,,,,,,,,,,,,,,,,,,,,,,,,,,,,,,,,,,,,,,,,,,,,,,,,,,,,,,,,,,,,,,,
,,,,,,,,,,,,,,,,,,,,,,,,,,,,,,,,,,,,,,,,,,,,,,,,,,,,,,,,,,,,,,,,,,,,,,,,,,,,,,,,,,,,,,,,,,,,,,,,,,,,,,,,,,,,,,,,,,,,,,,,,,,,,,,,,,,,,,,,,,,,,,,,,,,,,,,,,,,,
,,,,,,,,,,,,,,,,,,,,,,,,,,,,,,,,,,,,,,,,,,,,,,,,,,,,,,,,,,,,,,,,,,,,,,,,,,,,,,,,,,,,,,,,,,,,,,,,,,,,,,,,,,,,,,,,,,,,,,,,,,,,,,,,,,,,,,,,,,,,,,,,,,,,,,,,,,,,
NO.,DAERAH,PENDAPATAN,,,,,,,,,,,,,,,,,,,,,,,,,,,,,,,,,,,,,,,,,,,,,,,,,,,,,,,,,,,,,,,,,,,,,,,,TOTAL PENDAPATAN DAERAH,,,,BELANJA DAERAH,,,,,,,,,,,,,,,,,,,,,,,,,,,,,,,,,,,,,,,,,,,,,,,,,,,,,,TOTAL BELANJA DAERAH,,,,PEMBIAYAAN DAERAH,,,,,,TOTAL PEMBIAYAAN DAERAH,,,,SILPA,,,"TOTAL PENERIMAAN
(PENDAPATAN DAERAH + PENERIMAAN PEMBIAYAAN)",,,"TOTAL PENGELUARAN
(BELANJA DAERAH + PENGELUARAN PEMBIAYAAN)",,,,POSISI DATA
,,PENDAPATAN ASLI DAERAH,,,,,,,,,,,,TOTAL PENDAPATAN ASLI DAERAH,,,PENDAPATAN TRANSFER,,,,,,,,,,,,,,,,,,,,,,,,,,,,,,,,,,,,,,,,,,TOTAL PENDAPATAN TRANSFER,,,LAIN-LAIN PENDAPATAN YANG SAH,,,,,,,,,TOTAL LAIN-LAIN PENDAPATAN YANG SAH,,,,,,,BELANJA OPERASI,,,,,,,,,,,,,,,,,,TOTAL BELANJA OPERASI,,,BELANJA MODAL,,,,,,,,,,,,,,,,,,TOTAL BELANJA MODAL,,,TOTAL BELANJA TIDAK TERDUGA,,,BELANJA TRANSFER BANTUAN KEUANGAN DAN BAGI HASIL,,,,,,TOTAL BELANJA TRANSFER BANTUAN KEUANGAN DAN BAGI HASIL,,,,,,,,,,,,,,,,,,,,,,,,,,,
,,,,,,,,,,,,,,,,,TRANSFER PEMERINTAH PUSAT,,,,,,,,,,,,,,,,,,,,,,,,,,,,,,TOTAL TRANSFER PEMERINTAH PUSAT,,,TRANSFER PEMERINTAH DAERAH,,,,,,TOTAL TRANSFER PEMERINTAH DAERAH,,,,,,,,,,,,,,,,,,,,,,,,,,,,,,,,,,,,,,,,,,,,,,,,,,,,,,,,,,,,,,,,,,,,,,,,,,,,,,,,PENERIMAAN PEMBIAYAAN,,,PENGELUARAN PEMBIAYAAN,,,,,,,,,,,,,,,,,
,,,,,,,,,,,,,,,,,DANA PERIMBANGAN,,,,,,,,,,,,TOTAL DANA PERIMBANGAN,,,TRANSFER LAINNYA,,,,,,,,,,,,TOTAL TRANSFER PEMERINTAH PUSAT LAINNYA,,,,,,,,,,,,,,,,,,,,,,,,,,,,,,,,,,,,,,,,,,,,,,,,,,,,,,,,,,,,,,,,,,,,,,,,,,,,,,,,,,,,,,,,,,,,,,,,,,,,,,,,,,,,,,,,
,,PAJAK,,,RETRIBUSI,,,PENGELOLAAN KEKAYAAN,,,LAIN PAD,,,,,,DANA BAGI HASIL,,,DANA ALOKASI UMUM,,,DANA ALOKASI KHUSUS - FISIK,,,DANA ALOKASI KHUSUS - NON FISIK,,,,,,DANA INSENTIF DAERAH,,,DANA OTONOMI KHUSUS,,,DANA KEISTIMEWAAN,,,DANA DESA,,,,,,,,,DANA BAGI HASIL,,,BANTUAN KEUANGAN,,,,,,,,,HIBAH,,,DANA DARURAT,,,PENDAPATAN LAINNYA,,,,,,,,,,PEGAWAI,,,BARANG DAN JASA,,,BUNGA,,,SUBSIDI,,,HIBAH,,,BANTUAN SOSIAL,,,,,,TANAH,,,PERALATAN DAN MESIN,,,GEDUNG DAN BANGUNGAN,,,"JALAN, IRIGASI, DAN JARINGAN",,,ASET TETAP,,,ASET LAINNYA,,,,,,,,,BAGI HASIL,,,BANTUAN KEUANGAN,,,,,,,,,,,,,,,,,,,,,,,,,,,,,,
,,ANGGARAN,REALISASI,%,ANGGARAN,REALISASI,%,ANGGARAN,REALISASI,%,ANGGARAN,REALISASI,%,ANGGARAN,REALISASI,%,ANGGARAN,REALISASI,%,ANGGARAN,REALISASI,%,ANGGARAN,REALISASI,%,ANGGARAN,REALISASI,%,ANGGARAN,REALISASI,%,ANGGARAN,REALISASI,%,ANGGARAN,REALISASI,%,ANGGARAN,REALISASI,%,ANGGARAN,REALISASI,%,ANGGARAN,REALISASI,%,ANGGARAN,REALISASI,%,ANGGARAN,REALISASI,%,ANGGARAN,REALISASI,%,ANGGARAN,REALISASI,%,ANGGARAN,REALISASI,%,ANGGARAN,REALISASI,%,ANGGARAN,REALISASI,%,ANGGARAN,REALISASI,%,ANGGARAN,REALISASI,%,ANGGARAN,REALISASI,%,,ANGGARAN,REALISASI,%,ANGGARAN,REALISASI,%,ANGGARAN,REALISASI,%,ANGGARAN,REALISASI,%,ANGGARAN,REALISASI,%,ANGGARAN,REALISASI,%,ANGGARAN,REALISASI,%,ANGGARAN,REALISASI,%,ANGGARAN,REALISASI,%,ANGGARAN,REALISASI,%,ANGGARAN,REALISASI,%,ANGGARAN,REALISASI,%,ANGGARAN,REALISASI,%,ANGGARAN,REALISASI,%,ANGGARAN,REALISASI,%,ANGGARAN,REALISASI,%,ANGGARAN,REALISASI,%,ANGGARAN,REALISASI,%,ANGGARAN,REALISASI,%,,ANGGARAN,REALISASI,%,ANGGARAN,REALISASI,%,ANGGARAN,REALISASI,%,,ANGGARAN,REALISASI,,ANGGARAN,REALISASI,%,ANGGARAN,REALISASI,%,,
,,,,,,,,,,,,,,,,,,,,,,,,,,,,,,,,,,,,,,,,,,,,,,,,,,,,,,,,,,,,,,,,,,,,,,,,,,,,,,,,,,,,,,,,,,,,,,,,,,,,,,,,,,,,,,,,,,,,,,,,,,,,,,,,,,,,,,,,,,,,,,,,,,,,,,,,,,,,
I,Prov. Aceh,1552776409674,1375597590280.18,88.59,708333834165,574955694563.81,81.17,267905085228,270253493775,100.88,178532808280,216496374122.1,121.26,2707548137347,2437303152741.09,90.02,0,0,0,0,0,0,0,0,0,0,0,0,0,0,0,0,0,0,0,0,0,0,0,0,0,0,0,0,0,0,7935475288000,7451238983322,93.9,0,0,0,0,0,0,0,17335000000,0,7935475288000,7468573983322,94.12,2096400000,3337030028.55,159.18,0,0,0,0,0,0,2096400000,3337030028.55,159.18,10645119825347,9909214166091.64,93.09,,3515506357619.05,2987205453119,84.97,4041411969123.52,3189470184309.34,78.92,0,0,0,5023000000,4936985000,98.29,370914777808.87,292808353029.12,78.94,254445919074,86692833949,34.07,8187302023625.44,6561113809406.46,80.14,12630388080,554240204,4.39,561788782610.42,387861291368,69.04,250012497580.9,168720169166.15,67.48,126764011922,78960990655,62.29,102489266855,28293123795,27.61,509572230,158807700,31.16,1054194519278.3201,664548622888.15,63.03852000132636,80100066246.24,102671394,0.13,689811997239,665660491383,96.5,1114773374592,1064978096535,95.53,1804585371831,1730638587918,95.90228397795497,11126181980981,8956403691606.61,80.49844687887192,,530262155634,530262155633.59,100,58000000000,43985273856.7,75.84,472262155634,486276881776.89,102.9675734072055,,-8800000000,1439087356261.9214,,11175381980981,10439476321725.23,93.41493954740713,11184181980981,9000388965463.309,80.47427143772079,,12 Desember
1,Kab. Aceh Barat Daya,30904567724,15196637398,49.17,92208384460,66513503587.99,72.13,2580274392,2580274392,100,7483414511,9460273368.43,126.42,133176641087,93750688746.42,70.4,0,0,0,0,0,0,0,0,0,0,0,0,0,0,0,0,0,0,0,0,0,0,0,0,0,0,0,0,0,0,746280119000,642685971042,86.12,0,0,0,0,0,0,22943888373,17786294430,77.52,769224007373,660472265472,85.86,0,0,0,0,0,0,20654063276,11536120271,55.85,20654063276,11536120271,55.85,923054711736,765759074489.42,82.96,,379320977143.21,318909709979,84.07,268018411249.78,151706725934,56.6,0,0,0,0,0,0,34452881715,13289941685,38.57,6654309727,2014291600,30.27,688446579834.99,485920669198,70.58,0,0,0,48714313849,15571739331,31.97,38973304363,11455352735,29.39,25870139096,9224567741,35.66,2568259409,58381500,2.27,906936000,0,0,117032952717,36310041307,31.0254850997412,53621871301.01,421768000,0.79,3465571631,0,0,165922921439,121291530427,73.1,169388493070,121291530427,71.6055313018672,1028489896923,643944008932,62.610630484414976,,107435185187,107435185186.8,100,2000000000,1000000000,50,105435185187,106435185186.8,100.94844998662107,,0,228250250744.22003,,1030489896923,873194259676.2201,84.73583897169121,1030489896923,644944008932,62.58615546428703,,12 Desember
2,Kab. Aceh Barat,49712540645,48595456162.1,97.75,14712302000,8438192552.58,57.35,4000000000,3783983684,94.6,122269476078.32,104144487361.95,85.18,190694318723.32,164962119760.63,86.51,142797466000,93204983500,65.27,594961215000,524155353643,88.1,168814569742,133178739871,78.89,0,0,0,906573250742,750539077014,82.79,0,0,0,43646838000,32735128500,75,0,0,0,226338041000,204578920682,90.39,269984879000,237314049182,87.9,1176558129742,987853126196,83.96,28435146183,21919551594,77.09,1925807000,108000000,5.61,30360953183,22027551594,72.55,1206919082925,1009880677790,83.67,0,0,0,0,0,0,15991212256,9231687527,57.73,15991212256,9231687527,57.73,1413604613904.32,1184074485077.63,83.76,,618438668873.8,549436572090,88.84,311561782083.21,213580344473.24,68.55,0,0,0,2611032043,1010740000,38.71,27522523521,13942485785,50.66,12124354176.91,6993900000,57.68,972258360697.92,784964042348.24,80.74,0,0,0,57214481378.8,34228522599,59.82,56454687917,29651524593,52.52,127670475468,56243399225,44.05,5790942600,274755000,4.74,0,0,0,247130587363.8,120398201417,48.71845395639443,16920013084.09,340000000,2.01,6442484265,1210236057,18.79,310968874111,270461344117,86.97,317411358376,271671580174,85.58974750115354,1553720319521.81,1177373823939.24,75.7777193968604,,0,0,0,0,0,0,0,0,0,,-140115705617.49,6700661138.389893,,1413604613904.32,1184074485077.63,83.76277733044907,1553720319521.81,1177373823939.24,75.7777193968604,,05 Desember
3,Kab. Aceh Besar,126547602550,112588723422.8,88.97,29122000000,25074137151,86.1,5916175578,5916175578,100,26891921872,8109504982.43,30.16,188477700000,151688541134.23,80.48,0,0,0,0,0,0,0,0,0,0,0,0,0,0,0,0,0,0,0,0,0,0,0,0,0,0,0,0,0,0,1483423824971,1349034895587,90.94,0,0,0,0,0,0,89913842100,71601033375,79.63,1573337667071,1420635928962,90.29,0,0,0,0,0,0,27866755306.54,17745777707,63.68,27866755306.54,17745777707,63.68,1789682122377.54,1590070247803.23,88.85,,635051485289.68,498715596128,78.53,447612244925.22,255574023112.24,57.1,0,0,0,445000000,0,0,53363927180,18989395150,35.58,27123363065,8505134731,31.36,1163596020459.9,781784149121.24,67.19,0,0,0,54008915955,26654096180,49.35,51281025179,17645524516,34.41,32645460257,13183157345,40.38,1809444400,326472400,18.04,0,0,0,139744845791,57809250441,41.36771564903262,7500000000,270472500,3.61,15562393233,3676740584,23.63,535615721335,473454395099,88.39,551178114568,477131135683,86.56568957876054,1862018980818.9,1316995007745.24,70.72940830957786,,77836858441.36,77836858441.36,100,5500000000,0,0,72336858441.36,77836858441.36,107.60331609432359,,0.0001373291015625,350912098499.35,,1867518980818.9001,1667907106244.59,89.31138710639604,1867518980818.9,1316995007745.24,70.52110427106571,,2025-11-28 00:00:00
4,Kab. Aceh Jaya,14386983165,11218789110,77.98,8221971000,5059438194,61.54,6899613406,6899613406,100,59451499841,35064657207.2,58.98,88960067412,58242497917.2,65.47,21391083000,20656867023,96.57,423114605000,359779176955,85.03,123460119619,59245635531,47.99,0,0,0,567965807619,439681679509,77.41,0,0,0,0,0,0,0,0,0,121697824000,109822539296,90.24,121697824000,109822539296,90.24,689663631619,549504218805,79.68,27338861968,17796439215,65.1,83557045765,71289482515,85.32,110895907733,89085921730,80.33,800559539352,638590140535,79.77,0,843588,0,0,0,0,8557374156,3729647602,43.58,8557374156,3730491190,43.59,898076980920,700563129642.2,78.01,,369069384681.92,296857732908,80.43,188707618083,117065808490.85,62.04,0,0,0,503249000,503164000,99.98,22667604778,14791472359.04,65.25,12694135225,9015817238.85,71.02,593641991767.92,438233994996.74,73.82,311850000,0,0,25288823573,14329758695,56.66,100979283272,49408331192.73,48.93,56711774060.08,33258309060,58.64,1797888139,148994320,8.29,52000000,50000000,96.15,185141619044.08002,97195393267.73001,52.497862862800694,2420000000,960155000,39.68,1610895417,0,0,167960133900,146870671796,87.44,169571029317,146870671796,86.61306851032707,950774640129,683260215060.47,71.86352961283927,,53197659209,53197659208.82,100,500000000,0,0,52697659209,53197659208.82,100.94880874658396,,0,70500573790.54999,,951274640129,753760788851.0199,79.2369266512565,951274640129,683260215060.47,71.82575738251728,,05 Desember
5,Kab. Aceh Selatan,48510125963,22657006661,46.71,27440538500,26530460058,96.68,4200000000,4192945886,99.83,163149128928,124220685366.84,76.14,243299793391,177601097971.84,73,15720236000,10401541400,66.17,619920201000,616565404333,99.46,28986051000,26768814804,92.35,167830886000,86695971134,51.66,832457374000,740431731671,88.95,0,0,0,46423608000,46423608000,100,0,0,0,198440845000,165213857054,83.26,244864453000,211637465054,86.43,1077321827000,952069196725,88.37,34107397889,27403702882,80.35,573140272,652459558,113.84,34680538161,28056162440,80.9,1112002365161,980125359165,88.14,0,0,0,0,4000000000,0,18800000000,13480474911,71.7,18800000000,17480474911,92.98,1374102158552,1175206932047.84,85.53,,486487697714,433160529659,89.04,443066580826,301716484644,68.1,0,0,0,1323360000,520310000,39.32,65835704302,26330150217,39.99,11261264312,3383794200,30.05,1007974607154,765111268720,75.91,0,0,0,26156016347,5086062623,19.45,63256130661,23979567205,37.91,64818869144,30626920927,47.25,366660200,100000000,27.27,253200000,175000000,69.12,154850876352,59967550755,38.72600024470283,7941560871,6039585078,76.05,3949673800,0,0,263842581750,218181172730,82.69,267792255550,218181172730,81.47404124211613,1438559299927,1049299577283,72.94100266400189,,66457141375,10579905084.95,15.92,2000000000,0,0,64457141375,10579905084.95,16.41386021666401,,0,136487259849.79008,,1440559299927,1185786837132.79,82.31433702124443,1440559299927,1049299577283,72.83973504847548,,19 Desember
6,Kab. Aceh Singkil,19040635447,13297394582.42,69.84,10814720200,688179824,6.36,2451952004,2543224877,103.72,45776000000,31243076640.85,68.25,78083307651,47771875924.27,61.18,0,0,0,0,0,0,0,0,0,0,0,0,609568593000,432511882809,70.95,0,0,0,37492919000,26895942650,71.74,0,0,0,93077401000,91895014000,98.73,130570320000,118790956650,90.98,740138913000,551302839459,74.49,16100909934,17983370310,111.69,96000000,96000000,100,16196909934,18079370310,111.62,756335822934,569382209769,75.28,0,0,0,0,0,0,10494763156,6343242166,60.44,10494763156,6343242166,60.44,844913893741,623497327859.27,73.79,,414454087193.2,329007198501,79.38,189103834587.76,116380901282,61.54,0,0,0,1500000000,1500000000,100,32742286746,7923049065,24.2,7258250344,3180027726,43.81,645058458870.96,457991176574,71,0,0,0,20856926270,14102862754,67.62,24404510857,8577107170,35.15,18910779423.04,7615860468,40.27,4429225400,0,0,0,0,0,68601441950.04,30295830392,44.16208979114955,1608990000,0,0,2286972020,457394404,20,140837380900,111910984045,79.46,143124352920,112368378449,78.51101238641674,858393243741,600655385415,69.97438409431768,,13479350000,5674264700,42.1,0,0,0,13479350000,5674264700,42.09598163116174,,0,28516207144.27002,,858393243741,629171592559.27,73.2964287809688,858393243741,600655385415,69.97438409431768,,2025-11-14 00:00:00
7,Kab. Aceh Tamiang,32098828188,30709286100,95.67,84831624500,62441944470,73.61,4120585698,4132144663,100.28,981038000,11340099633.08,1155.93,122032076386,108623474866.08,89.01,0,0,0,0,0,0,0,0,0,0,0,0,0,0,0,0,0,0,0,0,0,0,0,0,0,0,0,0,0,0,1009687923124,839323441029,83.13,0,0,0,0,0,0,39097290935,24297590444,62.15,1048785214059,863621031473,82.34,0,0,0,0,0,0,30456659005.14,19163125552,62.92,30456659005.14,19163125552,62.92,1201273949450.14,991407631891.08,82.53,,577014987630.73,484067285534,83.89,298543465103,193070950241,64.67,0,0,0,0,0,0,27787476199,12159613680,43.76,15915121353.41,7480330888,47,919261050286.14,696778180343,75.8,0,0,0,24715275245,13477600297,54.53,38130788510,10619157859.63,27.85,57760523429,34221696120,59.25,8471314985,2738342000,32.32,1743064557,399572250,22.92,130820966726,61456368526.63,46.977460925929584,2500000000,32376000,1.3,3434370893,3299227465,96.06,234438369796,218020442806,93,237872740689,221319670271,93.04120750866454,1290454757701.1401,979586595140.63,75.91018509519068,,91680808251,91617534285,99.93,2500000000,2500000000,100,89180808251,89117534285,99.92904979530806,,-0.000244140625,100938571035.44995,,1292954757701.14,1083025166176.08,83.76357793846456,1292954757701.1401,982086595140.63,75.95676409333684,,2025-11-21 00:00:00
8,Kab. Aceh Tengah,34206456962,15095890411.11,44.13,9518224260,5110312055,53.69,6600000000,4034131610,61.12,152050015340.18,134545676862.45,88.49,202374696562.18,158786010938.56,78.46,0,0,0,0,0,0,0,0,0,0,0,0,0,0,0,0,0,0,0,0,0,0,0,0,0,0,0,0,0,0,1097183942032,828513260970,75.51,0,0,0,0,0,0,34560705541,21270890131,61.55,1131744647573,849784151101,75.09,0,0,0,0,0,0,19825922200,12684245797,63.98,19825922200,12684245797,63.98,1353945266335.18,1021254407836.56,75.43,,628252819305.06,523360336732,83.3,299779112048.64,210643284982,70.27,0,0,0,455000000,384800000,84.57,40545262106,18831869825,46.45,47242542997,13320154984,28.2,1016274736456.7,766540446523,75.43,0,0,0,27371656938,12353212449,45.13,20041960397.4,9431791096,47.06,80581811234,45613616522,56.61,2898443110,1316385710,45.42,365900000,365700000,99.95,131259771679.4,69080705777,52.629000411282576,2200000000,1116765700,50.76,3501631177.5,2188962427,62.51,282885899067,265477956471,93.85,286387530244.5,267666918898,93.46318908141095,1436122038380.5999,1104404836898,76.9018793238038,,82176772045.42,83574177164.92,101.7,0,0,0,82176772045.42,83574177164.92,101.70048674913592,,0,423748103.48005676,,1436122038380.5999,1104828585001.48,76.93138573705805,1436122038380.5999,1104404836898,76.9018793238038,,12 Desember
9,Kab. Aceh Tenggara,19039319194,10203291632,53.59,2887954000,1484095010,51.39,2500000000,2307395861,92.3,112604229400,51513905914.12,45.75,137031502594,65508688417.12,47.81,0,0,0,0,0,0,0,0,0,0,0,0,0,0,0,0,0,0,0,0,0,0,0,0,0,0,0,0,0,0,1092163588598,758600269741,69.46,0,0,0,0,0,0,45200858111,16781429156,37.13,1137364446709,775381698897,68.17,57455222000,0,0,0,0,0,13500000000,5391931842,39.94,70955222000,5391931842,7.6,1345351171303,846282319156.12,62.9,,475985917352,349093555963,73.34,389365637368,191689706334.13,49.23,0,0,0,0,0,0,27506010134,10747038067,39.07,20000000,20000000,100,892877564854,551550300364.13,61.77,0,0,0,50474645280,25043920431,49.62,6350300000,3184170000,50.14,92984555200,18577745600,19.98,3857331500,1148609000,29.78,0,0,0,153666831980,47954445031,31.206763628237844,5200000000,2137148000,41.1,0,0,0,337788869000,212791845760,63,337788869000,212791845760,62.99551740409777,1389533265834,814433739155.13,58.612036082943696,,44182094531,1306792781.09,2.96,0,0,0,44182094531,1306792781.09,2.9577429385406333,,0,33155372782.07999,,1389533265834,847589111937.21,60.99811589818152,1389533265834,814433739155.13,58.612036082943696,,2025-11-21 00:00:00
10,Kab. Aceh Timur,47208162810,24457689094,51.81,151699780444,119876109915.12,79.02,2000000000,1882039972,94.1,11084927072,8042745883.52,72.56,211992870326,154258584864.64,72.77,0,0,0,0,0,0,0,0,0,0,0,0,1225552572522,921965101953,75.23,0,0,0,64476522000,42286401000,65.58,0,0,0,378883238000,336291077590,88.76,443359760000,378577478590,85.39,1668912332522,1300542580543,77.93,49860730472,28814558494,57.79,675761237,198000000,29.3,50536491709,29012558494,57.41,1719448824231,1329555139037,77.32,0,0,0,4000000000,0,0,47771714041,27795689603,58.18,51771714041,27795689603,53.69,1983213408598,1511609413504.64,76.22,,921803651718.04,739027626200,80.17,379613893054,237188823633.63,62.48,0,0,0,960000000,560000000,58.33,44531827234,39170542192,87.96,26647467000,5832010746,21.89,1373556839006.04,1021779002771.63,74.39,666310000,490800000,73.66,49986606693,28119719531,56.25,21271914518,6444053928,30.29,45166382061,25830788959,57.19,1240840000,820073400,66.09,0,0,0,118332053272,61705435818,52.14600280463559,7989959924,1856830475,23.24,4425127375,0,0,483464280700,418547776390,86.57,487889408075,418547776390,85.78742835213579,1987768260277.04,1503889045454.63,75.65716162733322,,21118512879.04,0,0,16563661200,0,0,4554851679.040001,0,0,,-3.814697265625e-05,7720368050.01001,,2004331921477.04,1511609413504.64,75.41712015396625,2004331921477.04,1503889045454.63,75.03193604512262,,19 Desember
11,Kab. Aceh Utara,71938967052,72236297085,100.41,3317967342,2320455255,69.94,15014278846,14844028846,98.87,205440384150,133670696047.1,65.07,295711597390,223071477233.1,75.44,67407535666,66323862850,98.39,989536430000,909618771500,91.92,34607208000,30634157713,88.52,384205368157,210921962532,54.9,1475756541823,1217498754595,82.5,0,0,0,0,55558034000,0,0,0,0,614130396000,455685405978,74.2,614130396000,511243439978,83.25,2089886937823,1728742194573,82.72,52967005658,35637772411,67.28,64316417286,456000000,0.71,117283422944,36093772411,30.77,2207170360767,1764835966984,79.96,0,0,0,0,4000000000,0,62674098279,41653206251,66.46,62674098279,45653206251,72.84,2565556056436,2033560650468.1,79.26,,1044737116285.74,772313492373,73.92,601067068694.93,432995976608.75,72.04,0,0,0,1088100000,1088100000,100,55551915028.52,25967983302,46.75,20804370178.83,9599535773,46.14,1723248570188.02,1241965088056.75,72.07,970000000,0,0,77651032720.78,44910453927,57.84,52285082161.27,23955414032,45.82,54837363940.93,36296031932,66.19,17418100138,16171988634,92.85,50000000,0,0,203211578960.97998,121333888525,59.708156959057014,2800000000,2800000000,100,4930252143,4180583217,84.79,722498813656,534493387142,73.98,727429065799,538673970359,74.05175235434488,2656689214948,1904772946940.75,71.6972439314108,,89670951140,91245976969.32,101.76,0,0,0,89670951140,91245976969.32,101.7564504550208,,-1462207372,220033680496.6701,,2655227007576,2124806627437.4202,80.02353928213432,2656689214948,1904772946940.75,71.6972439314108,,19 Desember
12,Kab. Bener Meriah,15810420138,12915423243.5,81.69,4111204753.6,2961214816,72.03,3080202555,3080202555,100,70982551842,45699016740.8,64.38,93984379288.6,64655857355.3,68.79,14260451000,10061631800,70.56,448813638000,399931454159,89.11,158828857000,119449257517,75.21,0,0,0,621902946000,529442343476,85.13,6995436000,6995436000,100,40295469000,38518757000,95.59,0,0,0,166731553000,163259791960,97.92,214022458000,208773984960,97.55,835925404000,738216328436,88.31,44502989555.1,18046940264,40.55,432848400,432848400,100,44935837955.1,18479788664,41.12,880861241955.1,756696117100,85.9,57970000,0,0,0,0,0,19141269967,13127355072.66,68.58,19199239967,13127355072.66,68.37,994044861210.7,834479329527.96,83.95,,497131292779.5,406078106492,81.68,202257885949.81,130323398975,64.43,0,0,0,755000000,235004000,31.13,7655229300,4900282930,64.01,13554500000,8357624680,61.66,721353908029.31,549894417077,76.23,2671900000,2308515474,86.4,14203270185,6542369311,46.06,36915523882,17959057930,48.65,61632249864,23042725556,37.39,3420603700,2852705900,83.4,250000000,0,0,119093547631,52705374171,44.25544055023247,2000000000,1242089000,62.1,450000000,0,0,216151073000,197025100360,91.15,216601073000,197025100360,90.96219960092256,1059048528660.31,800866980608,75.62136757048252,,65003667449.61,39911758398.15,61.4,0,0,0,65003667449.61,39911758398.15,61.399240941427,,-0.0001068115234375,73524107318.10995,,1059048528660.3099,874391087926.11,82.56383576984989,1059048528660.31,800866980608,75.62136757048252,,2025-11-21 00:00:00
13,Kab. Bireun,73947532994,51207879574,69.25,149244360266,110378441637.81,73.96,4268554377,4268554377,100,18398841243,14548567420.83,79.07,245859288880,180403443009.64,73.38,0,0,0,0,0,0,0,0,0,0,0,0,1178290035748,1019516835160,86.53,0,0,0,45604892000,34203669000,75,0,0,0,434655377000,418019529918,96.17,480260269000,452223198918,94.16,1658550304748,1471740034078,88.74,46383513884.12,32366469749,69.78,2262829000,0,0,48646342884.12,32366469749,66.53,1707196647632.12,1504106503827,88.1,0,0,0,0,0,0,31500000000,24641510896,78.23,31500000000,24641510896,78.23,1984555936512.12,1709151457732.64,86.12,,832107381733.61,718047865721,86.29,416389269187.43,257049393977,61.73,0,0,0,442850000,442850000,100,60432537869,41004997983,67.85,36502454980,11714525400,32.09,1345874493770.04,1028259633081,76.4,0,0,0,35696560555,15498673404,43.42,73774137704,27084324902,36.71,45485406267,14898253850,32.75,19646485300,5351291580,27.24,0,0,0,174602589826,62832543736,35.98603193607592,2316638309.71,0,0,8873476399,0,0,524870213300,485838811985,92.56,533743689699,485838811985,91.02474115600026,2056537411604.75,1576930988802,76.67893518025014,,71981475092.63,71981475092.63,100,0,0,0,71981475092.63,71981475092.63,100,,0.0001220703125,204201944023.2699,,2056537411604.75,1781132932825.27,86.60834093144081,2056537411604.75,1576930988802,76.67893518025014,,05 Desember
14,Kab. Gayo Lues,27567628358,8306638795.09,30.13,44227129591,37721267617.31,85.29,4563729067,3598356115,78.85,18323529190,4375295928.95,23.88,94682016206,54001558456.35,57.03,0,0,0,0,0,0,0,0,0,0,0,0,0,0,0,0,0,0,0,0,0,0,0,0,0,0,0,0,0,0,664110189000,490727839867,73.89,0,0,0,0,0,0,33702261161,48790800512,144.77,697812450161,539518640379,77.32,0,0,0,0,0,0,0,0,0,0,0,0,792494466367,593520198835.35,74.89,,316967859338.45,269408538908,85,222189161666.55,116390181712.06,52.38,0,0,0,657332000,657330000,100,25116413501,11405817797,45.41,6373355112,2370664800,37.2,571304121618,400232533217.06,70.06,54100000,35084780,64.85,13904491070,10336203391,74.34,4151592000,866157300,20.86,43453997253,12287254400,28.28,2634261320,593137720,22.52,0,0,0,64198441643,24117837591,37.56763711667094,11713848000,10282459300,87.78,1265744762,0,0,151270372520,129565222708,85.65,152536117282,129565222708,84.9406848795471,799752528543,564198052816.06,70.54657943300582,,7258062176,0,0,0,0,0,7258062176,0,0,,0,29322146019.289917,,799752528543,593520198835.35,74.2129818478515,799752528543,564198052816.06,70.54657943300582,,2025-11-28 00:00:00
15,Kab. Nagan Raya,41783739403,35052104309,83.89,1051497475,777232440,73.92,2056156156,2056156156,100,91102463457,55708373745.31,61.15,135993856491,93593866650.31,68.82,0,0,0,0,0,0,0,0,0,0,0,0,0,0,0,0,0,0,0,0,0,0,0,0,0,0,0,0,0,0,975512323384,877513583349,89.95,45268254667,26273595697,58.04,425383150,425383150,100,45693637817,26698978847,58.43,1021205961201,904212562196,88.54,0,0,0,0,0,0,0,0,0,0,0,0,1157199817692,997806428846.31,86.23,,456967086782,333270970045,72.93,347811824520.67,187897987424,54.02,0,0,0,596000000,596000000,100,6250519685,902627255,14.44,12872315500,4484750000,34.84,824497746487.67,527152334724,63.94,0,0,0,25014045824.27,14868589154,59.44,35009674190.06,13483307713,38.51,38018919509,23138409657,60.86,4622643977,1114326899,24.11,124150000,11910000,9.59,102789433500.33,52616543423,51.188669526844976,8800000000,1338500000,15.21,2436193366,1683060051,69.09,239141961575,184218930802,77.03,241578154941,185901990853,76.95314623890656,1177665334929,767009369000,65.12965494108239,,20465517237,20475501793.16,100.05,0,0,0,20465517237,20475501793.16,100.0487872162935,,0,251272561639.47006,,1177665334929,1018281930639.4701,86.46615472475133,1177665334929,767009369000,65.12965494108239,,2025-11-30 00:00:00
16,Kab. Pidie Jaya,17509880973,14534924916,83.01,4950500000,2142806335,43.28,2550000000,2580274412.49,101.19,119400000000,78899405979.12,66.08,144410380973,98157411642.61,67.97,12081318000,7567050630,62.63,424080768000,375920558543,88.64,17382868000,11911978132,68.53,95365301000,62432831547,65.47,548910255000,457832418852,83.41,0,0,0,35765196000,26823897000,75,0,0,0,159206462000,159206462000,100,194971658000,186030359000,95.41,743881913000,643862777852,86.55,15168574892,17434448914,114.94,21816849000,20102000000,92.14,36985423892,37536448914,101.49,780867336892,681399226766,87.26,0,0,0,0,0,0,12259728955,9441781781,77.01,12259728955,9441781781,77.01,937537446820,788998420189.61,84.16,,339117401740,265345674691,78.25,299670709738,151870580015.76,50.68,0,0,0,0,0,0,9572779866,2779821676.2,29.04,6687500000,2485868854,37.17,655048391344,422481945236.96,64.5,6077000000,2007774000,33.04,18191993990,9071912948,49.87,34554541933,23535769607.99,68.11,31219870708,14189805231.65,45.45,2480137950,43308300,1.75,0,0,0,92523544581,48848570087.64001,52.79582652054082,514825055,66640000,12.94,0,0,0,203350685840,195979915200,96.38,203350685840,195979915200,96.37534016197051,951437446820,667377070524.6001,70.14408280388605,,15000000000,0,0,1100000000,1000000000,90.91,13900000000,-1000000000,-7.194244604316546,,0,120621349665.00989,,952537446820,788998420189.61,82.83122336278147,952537446820,668377070524.6001,70.16806244793257,,2025-11-14 00:00:00
17,Kab. Pidie,38870516899,44507121948.2,114.5,4229608080,3637842070,86.01,2429620214,3034694291,124.9,226421683922,136615483814.35,60.34,271951429115,187795142123.55,69.05,21426448000,17906178200,83.57,870445778475,877172654609,100.77,21777722000,15782979608,72.47,229416377458,117528541927,51.23,1143066325933,1028390354344,89.97,0,0,0,50486227000,37864670250,75,0,0,0,502708798000,397660662318,79.1,553195025000,435525332568,78.73,1696261350933,1463915686912,86.3,25245873038,39128182307,154.99,2539741000,582000000,22.92,27785614038,39710182307,142.92,1724046964971,1503625869219,87.21,0,0,0,0,0,0,0,1876000,0,0,1876000,0,1995998394086,1691422887342.55,84.74,,919344844206.32,722718780255.92,78.61,403267677103.87,246683248847,61.17,0,0,0,555500000,487500000,87.76,83485762396.66,40315680982,48.29,27345022620,5170628209,18.91,1433998806326.85,1015375838293.92,70.81,2731226670,31208880,1.14,40264520277.31,17500076123,43.46,55078370474.6,30201827366,54.83,40040106868,20755356418,51.84,8013483800,5049819950,63.02,0,0,0,146127708089.91,73538288737,50.324671274357556,7601502208.8,6580000000,86.56,2899453863,0,0,595759798000,471744342318,79.18,598659251863,471744342318,78.8001422929577,2186387268488.56,1567238469348.92,71.68164999571852,,190388874402.56,190388874402.56,100,0,0,0,190388874402.56,190388874402.56,100,,0,314573292396.1901,,2186387268488.56,1881811761745.11,86.06946211528201,2186387268488.56,1567238469348.92,71.68164999571852,,12 Desember
18,Kab. Simeulue,5765000000,6073052370.84,105.34,11017567916,5610507500,50.92,5000000000,5101608866,102.03,100916066380.65,32480828745.44,32.19,122698634296.65,49265997482.28,40.15,14428543000,6971147900,48.31,433420475000,378749949894,87.39,26878175000,16052944347,59.72,88493635000,7425642094,8.39,563220828000,409199684235,72.65,0,0,0,38546698000,27698601750,71.86,0,0,0,102841865000,80161985426,77.95,141388563000,107860587176,76.29,704609391000,517060271411,73.38,22434234535.72,19093635786,85.11,174000000,0,0,22608234535.72,19093635786,84.45,727217625535.72,536153907197,73.73,0,117376697.24,0,0,0,0,12118493127,0,0,12118493127,117376697.24,0.97,862034752959.37,585537281376.52,67.93,,389781603748.17,274268601333.15,70.36,205273897586.16,86663647110.43,42.22,0,0,0,1000000000,500000000,50,4138346694,4008346694,96.86,18937033915,8962708498,47.33,619130881943.33,374403303635.58,60.47,0,0,0,42082978155.8,16308084126,38.75,3489598476,1885043092,54.02,29134863539,21831215476,74.93,18806432506,8689239596.2,46.2,84902300,19902300,23.44,93598774976.8,48733484590.2,52.06637010183029,5259191554.9,283013600,5.38,2643445676,0,0,150673352100,110342837111,73.23,153316797776,110342837111,71.97048119424845,871305646251.03,533762638936.78,61.26009182121136,,9770893291.66,9770893291.33,100,500000000,500000000,100,9270893291.66,9270893291.33,99.99999999644047,,-3.4332275390625e-05,61045535731.06999,,871805646251.03,595308174667.85,68.28450552342893,871805646251.03,534262638936.78,61.28231002336765,,2025-11-28 00:00:00
19,Kota Langsa,33905738179,29218459367,86.18,2818940500,1946177988,69.04,896824266,956997704,106.71,172984843265,117080929036.85,67.68,210606346210,149202564095.85,70.84,18382476000,8197251300,44.59,462146834000,397257152278,85.96,108026792000,56978396765,52.74,0,0,0,588556102000,462432800343,78.57,0,0,0,33979938000,25484953500,75,0,0,0,58243045000,53222323118,91.38,92222983000,78707276618,85.34,680779085000,541140076961,79.49,22452662454,19944731154,88.83,1517772000,18000000,1.19,23970434454,19962731154,83.28,704749519454,561102808115,79.62,0,0,0,0,0,0,0,0,0,0,0,0,915355865664,710305372210.85,77.6,,423427852068,347181743766,81.99,286238558566,218017655339,76.17,0,0,0,1339014000,1118265000,83.51,11798619946,5116173046,43.36,18966622000,10561886144,55.69,741770666580,581995723295,78.46,0,0,0,36112650677,12883641615,35.68,6464853360,1744479802,26.98,7012571895,3007198198,42.88,1771035020,853710700,48.2,65000000,59995500,92.3,51426110952,18549025815,36.069275843769816,12265577200,0,0,3672467868,0,0,111429539064,88287569850,79.23,115102006932,88287569850,76.70376234374311,920564361664,688832318960,74.8271764197862,,5208496000,38445977282.05,738.14,0,0,0,5208496000,38445977282.05,738.1397102359299,,0,59919030532.89998,,920564361664,748751349492.9,81.33612169598517,920564361664,688832318960,74.8271764197862,,2025-11-14 00:00:00
20,Kota Banda Aceh,204854144922,173796031495.5,84.84,29638361674,23020268560,77.67,11934797838,11836101681.11,99.17,189688859380,139580265958.81,73.58,436116163814,348232667695.42,79.85,0,0,0,0,0,0,0,0,0,0,0,0,0,0,0,0,0,0,0,0,0,0,0,0,0,0,0,0,0,0,989937227000,903699123305,91.29,0,0,0,0,0,0,50070651983,51123672890,102.1,1040007878983,954822796195,91.81,0,0,0,0,0,0,16261490280,14114177727,86.8,16261490280,14114177727,86.8,1492385533077,1317169641617.42,88.26,,553729699031,549482680743,99.23,572914338806,428228329469.69,74.75,1482912500,1175813437.31,79.29,1580000000,1580000000,100,45105329905,31393232952,69.6,4058623000,2571677500,63.36,1178870903242,1014431734102,86.05,4231000000,1430989000,33.82,76080357916,61686069890,81.08,63255437342,39903316774.24,63.08,27719816743,19049683802,68.72,5235055800,3822989400,73.03,0,0,0,176521667801,125893048866.23999,71.31875108282135,500000000,0,0,3339960013,0,0,148335651940,133859904192,90.24,151675611953,133859904192,88.25407227200073,1507568182996,1274184687160.24,84.51920792252623,,17982649919,17724809746.47,98.57,2800000000,2800000000,100,15182649919,14924809746.470001,98.30174459725023,,0,57909764203.64993,,1510368182996,1334894451363.89,88.38205587169902,1510368182996,1276984687160.24,84.54790702934332,,19 Desember
21,Kota Lhokseumawe,61065908796,58523321043,95.84,3566500000,2526836971,70.85,14822175116,4428391225,29.88,10699489428.32,7736940284.79,72.31,90154073340.32,73215489523.79,81.21,0,0,0,0,0,0,0,0,0,0,0,0,0,0,0,0,0,0,0,0,0,0,0,0,0,0,0,0,0,0,690836560000,510152149730,73.85,24403444216,34735456627,142.34,1880799000,0,0,26284243216,34735456627,132.15,717120803216,544887606357,75.98,0,0,0,0,0,0,14013948735,8288851475,59.15,14013948735,8288851475,59.15,821288825291.32,626391947355.79,76.27,,411759253518.85,306922620765,74.54,187906716615.8,124960042519.1,66.5,0,0,0,1021000000,789000000,77.28,12419474218,2291710834,18.45,14875129668,6923442840.5,46.54,627981574020.65,441886816958.6,70.37,0,0,0,28431436290,15343078589,53.97,20737620505,9974988384,48.1,26141457089,19930223518,76.24,5049328200,2494937300,49.41,0,0,0,80359842084,47743227791,59.41179891953258,400000000,0,0,7673546069,2281761704,29.74,116508809127,76769833249,65.89,124182355196,79051594953,63.657670872992355,832923771300.65,568681639702.6,68.27535235482313,,12634946009.33,0,0,1000000000,0,0,11634946009.33,0,0,,-7.82012939453125e-05,57710307653.19006,,833923771300.6499,626391947355.79,75.11381362577329,833923771300.65,568681639702.6,68.19347994069548,,05 Desember
22,Kota Sabang,12968107998,7685726468,59.27,21235020122,15903691447,74.89,1452242234,1745540925,120.2,33460194418,7936593477.54,23.72,69115564772,33271552317.54,48.14,11425790001,5178244800,45.32,366975881000,326719171250,89.03,15908226000,10229665966,64.3,38772308000,16163318743,41.69,433082205001,358290400759,82.73,13677689000,13677689000,100,29591066000,22193299500,75,0,0,0,15258298000,14194578488,93.03,58527053000,50065566988,85.54,491609258001,408355967747,83.07,14829261901,13484584989,90.93,319214713,21000000,6.58,15148476614,13505584989,89.15,506757734615,421861552736,83.25,0,0,0,0,0,0,2586605643,1829887829,70.74,2586605643,1829887829,70.74,578459905030,456962992882.54,79,,257095360170.15,221420606646,86.12,188599065750.6,114285023249,60.6,0,0,0,1536001250,344493099,22.43,11528921893,5739729826,49.79,21179094157,3182774000,15.03,479938443220.75,344972626820,71.88,0,0,0,16200460881,7315375811,45.16,33284398678.4,16459771900.12,49.45,11232877006,5361671337,47.73,527000000,47874300,9.08,0,0,0,61244736565.4,29184693348.120003,47.65257389417492,200000000,0,0,1759732360,0,0,53970112964,40575046654,75.18,55729845324,40575046654,72.80667372770618,597113025110.15,414732366822.12,69.45625859452889,,19153120080.15,19153120080.15,100,500000000,0,0,18653120080.15,19153120080.15,102.68051670632883,,0,61383746140.569984,,597613025110.15,476116112962.69,79.66963452226194,597613025110.15,414732366822.12,69.39814719494743,,2025-11-30 00:00:00
23,Kota Subulussalam,17658258257,10935447094,61.93,53888601591,42079839714,78.09,1278272479,1344923844,105.21,5607159059,3104851012.37,55.37,78432291386,57465061664.37,73.27,0,0,0,0,0,0,0,0,0,0,0,0,446721708708,379963903373,85.06,0,0,0,35116368000,25017324750,71.24,0,0,0,65858945000,59220540560,89.92,100975313000,84237865310,83.42,547697021708,464201768683,84.76,25341821279,17588948105,69.41,338456643,0,0,25680277922,17588948105,68.49,573377299630,481790716788,84.03,0,0,0,0,0,0,6821551000,5230153593,76.67,6821551000,5230153593,76.67,658631142016,544485932045.37,82.67,,237407480752.72,176962961422,74.54,263042969514.28,132704716146,50.45,3977978627,3767520753,94.71,0,0,0,14448322000,9279829500,64.23,650000000,0,0,519526750894,322715027821,62.12,0,0,0,18411599229,10319500773,56.05,32603466715,16646150845,51.06,28672933825,9144638150,31.89,3225829300,837775500,25.97,0,93335000,0,82913829069,37041400268,44.67457441529391,1198930323,961218000,80.17,2647927120,239797005,9.06,106794765666,86340133103,80.85,109442692786,86579930108,79.10983173385092,713082203072,447297576197,62.727350965991825,,82884642736,0,0,28433581680,26469206496,93.09,54451061056,-26469206496,-48.61100221495746,,0,70719149352.37,,741515784752,544485932045.37,73.42877161104174,741515784752,473766782693,63.89166521269015,,2025-11-21 00:00:00
II,Prov. Sumatera Utara,5605254375313,4663685203040.09,83.2,192531703635,182761841779.52,94.93,353166995232,329075868190,93.18,268348553574,75128465319.93,28,6419301627754,5250651378329.54,81.79,0,0,0,0,0,0,0,0,0,0,0,0,5765863659000,5326124136242,92.37,5358460000,0,0,0,0,0,0,0,0,0,0,0,5358460000,0,0,5771222119000,5326124136242,92.29,0,0,0,13308995000,0,0,13308995000,0,0,5784531114000,5326124136242,92.08,6300000000,42118985000,668.56,20000000000,0,0,354554453629,375633822145,105.95,380854453629,417752807145,109.69,12584687195383,10994528321716.5,87.36,,3564822018789.92,3145693382813.89,88.24,2891751233984.64,2088212370255.31,72.21,0,0,0,0,0,0,882656024000,740763370820,83.92,14807815130,6000000000,40.52,7354037091904.56,5980669123889.2,81.32,7363233952,0,0,352364968819,199079108467,56.5,175136889681,103366331265.17,59.02,703525030044,459562508219.67,65.32,136521108508,58590919013,42.92,2301054340,814336000,35.39,1377212285344,821413202964.84,59.64318004610796,114049842728,60093967717.8,52.69,3554256970681,2779389050110,78.2,146123530622,128522020622,87.95,3700380501303,2907911070732,78.58410965326537,12545679721279.559,9770087365303.84,77.8761102017625,,10992525896.56,10992525896.56,100,50000000000,0,0,-39007474103.44,10992525896.56,-28.180563210552993,,0.00140380859375,1235433482309.2202,,12595679721279.56,11005520847613.06,87.37536275251558,12595679721279.559,9770087365303.84,77.56697202135055,,19 Desember
1,Kab. Asahan,178910712717,136369037601,76.22,8387484993,6805343904,81.14,8895884519,8895884519,100,75586515756.97,38561128374.93,51.02,271780597985.97,190631394398.93,70.14,80191543000,72416814600,90.3,950554498000,941774658470,99.08,7316701000,6224700529,85.08,249615793000,229226008576,91.83,1287678535000,1249642182175,97.05,14519419000,14519419000,100,0,0,0,0,0,0,173849005000,163800142894,94.22,188368424000,178319561894,94.67,1476046959000,1427961744069,96.74,196556181539,170671245983,86.83,0,0,0,196556181539,170671245983,86.83,1672603140539,1598632990052,95.58,0,4000000000,0,0,0,0,29921580297,13400502263,44.79,29921580297,17400502263,58.15,1974305318821.97,1806664886713.93,91.51,,755095131902.88,663512017511,87.87,663021257311.42,498527933210.69,75.19,0,0,0,0,0,0,61391420200,43029837763,70.09,1538200000,1472800000,95.75,1481046009414.3,1206542588484.69,81.47,0,0,0,54044364399,33340237261,61.69,80086903388,59213797273,73.94,106442213840,89087880132,83.7,13178056697,4262228675,32.34,70000000,70000000,100,253821538324,185974143341,73.26964629124828,2000000000,222682800,11.13,19525384525,19358465735,99.15,287172775075,276853729169,96.41,306698159600,296212194904,96.58101479654265,2043565707338.3,1688951609529.69,82.64728672363135,,69260388516.33,69260388516.33,100,0,0,0,69260388516.33,69260388516.33,100,,0,186973665700.57,,2043565707338.3,1875925275230.26,91.7966703245188,2043565707338.3,1688951609529.69,82.64728672363135,,19 Desember
2,Kab. Batubara,187608858370,165753086877,88.35,23753000000,19478581531,82,5298987222,5298987222,100,12000000000,10588500262.29,88.24,228660845592,201119155892.29,87.96,0,0,0,0,0,0,0,0,0,0,0,0,0,0,0,0,0,0,0,0,0,0,0,0,0,0,0,0,0,0,977450713974,882596500138,90.3,0,0,0,0,0,0,71720445978,49740072454,69.35,1049171159952,932336572592,88.86,0,0,0,0,0,0,24253683151,17450669909.99,71.95,24253683151,17450669909.99,71.95,1302085688695,1150906398394.28,88.39,,545440228363,459693561015.32,84.28,410764369112,306448497066.92,74.6,0,0,0,0,0,0,28669446400,21916046950,76.44,1400000000,1385000000,98.93,986274043875,789443105032.24,80.04,150000000,0,0,40859083871,25605815348,62.67,21174501060,15160007334,71.6,47286499127,34269747504,72.47,10407838250,4978386000,47.83,127800000,125883000,98.5,120005722308,80139839186,66.7800148565562,2193392527,840456691,38.32,13891800690,13891800690,100,197913023700,165346780382,83.55,211804824390,179238581072,84.62440909370639,1320277983100,1049661981981.24,79.50310430206855,,31104578877,31104578877.76,100,12912284472,12912284472,100,18192294405,18192294405.76,100.0000000041776,,0,119436710818.80003,,1333190267572,1182010977272.04,88.66033648930794,1333190267572,1062574266453.24,79.70162191390696,,12 Desember
3,Kab. Dairi,30000000000,25811519864.8,86.04,60789727000,48981443304,80.58,12539755000,12539756694,100,9034469000,10595474941.48,117.28,112363951000,97928194804.28,87.15,0,0,0,0,0,0,0,0,0,0,0,0,860304003000,817682435564,95.05,0,0,0,0,0,0,0,0,0,130570255000,96952553564,74.25,130570255000,96952553564,74.25,990874258000,914634989128,92.31,69690690909,57846729818,83,0,0,0,69690690909,57846729818,83,1060564948909,972481718946,91.69,0,0,0,0,0,0,15000000000,12673017464,84.49,15000000000,12673017464,84.49,1187928899909,1083082931214.28,91.17,,616018558650,557511143746,90.5,308572683108,199528162429.28,64.66,0,0,0,0,0,0,11159769500,3200339500,28.68,0,0,0,935751011258,760239645675.28,81.24,0,0,0,23638270512,13257926379,56.09,38180161569,11676893907,30.58,16834704388,3986692160,23.68,10670618050,4165054020,39.03,0,0,0,89323754519,33086566466,37.04117302745282,1685655000,666556766,39.54,2381148000,2381148000,100,196792301000,162898528764,82.78,199173449000,165279676764,82.98278590536432,1225933869777,959272445671.28,78.24830272825187,,39004969868,39004969868.14,100,1000000000,0,0,38004969868,39004969868.14,102.6312348190598,,0,162815455411.14,,1226933869777,1122087901082.42,91.4546357161339,1226933869777,959272445671.28,78.18452724315382,,19 Desember
4,Kab. Deli Serdang,1264273303335,1051051176357.01,83.13,97763467504,44425261547,45.44,20435467088,21417196466,104.8,217315924698,231287831019.57,106.43,1599788162625,1348181465389.58,84.27,86003438000,76786669000,89.28,1858932206000,1820105105712,97.91,27057062000,20470103896,75.66,632548387000,586465963484,92.71,2604541093000,2503827842092,96.13,19684209000,19684209000,100,0,0,0,0,0,0,373382667000,295489650794,79.14,393066876000,315173859794,80.18,2997607969000,2819001701886,94.04,181528963809,480492630108,264.69,7901950000,7901950000,100,189430913809,488394580108,257.82,3187038882809,3307396281994,103.78,0,0,0,0,4000000000,0,0,0,0,0,4000000000,0,4786827045434,4659577747383.58,97.34,,1724556532352,1331773952458,77.22,1523733668707,1026493001530.76,67.37,0,0,0,1000000000,0,0,207860990481,174714041082,84.05,701415000,105465000,15.04,3457852606540,2533086460070.76,73.26,28961370966,2630665433,9.08,138636569737,93302344598,67.3,174279367948,32567165483.45,18.69,499748990846,275501614241,55.13,17474071216,12817591316,73.35,749346150,3300000,0.44,859849716863,416822681071.45,48.476224728217524,8841005000,2026949202,22.93,93089773381,90693764661,97.43,572367640300,492544803774,86.05,665457413681,583238568435,87.64476230098578,4992000742084,3535174658779.21,70.81678952842839,,223173696650,223173696650.44,100,18000000000,5000000000,27.78,205173696650,218173696650.44,106.33609483705717,,0,1342576785254.81,,5010000742084,4882751444034.0205,97.46009422751007,5010000742084,3540174658779.21,70.66215837138999,,19 Desember
5,Kab. Humbang Hasundutan,20690196699,14244093251.8,68.84,7782769500,4122663830,52.97,5000000000,5147408494,102.95,45789546430,42124231328.08,92,79262512629,65638396903.88,82.81,0,0,0,0,0,0,0,0,0,0,0,0,0,0,0,0,0,0,0,0,0,0,0,0,0,0,0,0,0,0,821953395067,732652811579,89.14,0,0,0,0,0,0,60871888458,54901755581,90.19,882825283525,787554567160,89.21,0,0,0,0,0,0,10839490335,9005468205,83.08,10839490335,9005468205,83.08,972927286489,862198432268.88,88.62,,481858512309,433904798049,90.05,237579518316,173381470254,72.98,0,0,0,0,0,0,12159521728,8172416755,67.21,1053000000,504500000,47.91,732650552353,615963185058,84.07,0,0,0,29617947997,19492261032,65.81,20909502803,10778807464,51.55,30945102910,14666271846,47.39,7079832400,3689751000,52.12,0,0,0,88552386110,48627091342,54.91336086821569,2059055000,1223226352,59.41,2335029350,765646850,32.79,179464375800,140464757830,78.27,181799405150,141230404680,77.68474520775955,1005061398613,807043907432,80.29797070564373,,32134112124,0,0,0,0,0,32134112124,0,0,,0,55154524836.880005,,1005061398613,862198432268.88,85.78564786775485,1005061398613,807043907432,80.29797070564373,,12 Desember
6,Kab. Karo,101353011918,80681181176.98,79.6,42142900000,36777738468,87.27,3446458482,3446458482,100,9403182532,12860265868.55,136.77,156345552932,133765643995.53,85.56,0,0,0,0,0,0,0,0,0,0,0,0,0,0,0,0,0,0,0,0,0,0,0,0,0,0,0,0,0,0,1170206183978,1135357265824,97.02,0,0,0,0,0,0,95414938986,82186588284,86.14,1265621122964,1217543854108,96.2,0,0,0,0,0,0,18557362093,13427217321,72.36,18557362093,13427217321,72.36,1440524037989,1364736715424.53,94.74,,636648855621,543081982895,85.3,358791314310,211539194283.5,58.96,0,0,0,0,0,0,20247819431,18713012822,92.42,1338000000,0,0,1017025989362,773334190000.5,76.04,0,0,0,45019777013,21738111914,48.29,47543608457,31319861634,65.88,47779884953,23213601134,48.58,9303536836,2991718800,32.16,0,0,0,149646807259,79263293482,52.96691251475596,2964550812,0,0,11790329192,9016071996,76.47,273895412700,245872097888,89.77,285685741892,254888169884,89.21977281608872,1455323089325,1107485653366.5,76.09895434835491,,14799051336,14799051336.83,100,0,0,0,14799051336,14799051336.83,100.00000000560847,,0,272050113394.86002,,1455323089325,1379535766761.36,94.79240567819267,1455323089325,1107485653366.5,76.09895434835491,,12 Desember
7,Kab. Labuhanbatu,138679503507,82771768566,59.69,120278978000,35087254113,29.17,13023127316,13023127316,100,14654532500,17858575929.09,121.86,286636141323,148740725924.09,51.89,0,0,0,0,0,0,0,0,0,0,0,0,979738640000,829134373636,84.63,0,0,0,0,0,0,0,0,0,77510135000,40561492964,52.33,77510135000,40561492964,52.33,1057248775000,869695866600,82.26,130502203786,89756910011,68.78,0,0,0,130502203786,89756910011,68.78,1187750978786,959452776611,80.78,0,0,0,0,0,0,18000000000,6346740474,35.26,18000000000,6346740474,35.26,1492387120109,1114540243009.09,74.68,,748462141704.2,586430332746,78.35,445459079187.35,269014325907.68,60.39,0,0,0,0,0,0,10639856000,10339856000,97.18,0,0,0,1204561076891.55,865784514653.68,71.88,450000000,92250000,20.5,34192223646,11984833875,35.05,55805907845.45,9118765709,16.34,57378170439,24629449474,42.92,457124890,226326708,49.51,60000000,25752000,42.92,148343426820.45,46077377766,31.06128714538227,1419200000,234950000,16.56,14580450351,8448892157,57.95,155613002520,137716860029,88.5,170193452871,146165752186,85.88212397147142,1524517156583,1058262594605.68,69.4162469760349,,32130036474,0,0,0,0,0,32130036474,0,0,,0,56277648403.410034,,1524517156583,1114540243009.09,73.10775337597264,1524517156583,1058262594605.68,69.4162469760349,,12 Desember
8,Kab. Labuhanbatu Selatan,61181432636,53043507267.35,86.7,2582547200,1878430317,72.74,3725208374,3725208374,100,38348027864,27793702761.34,72.48,105837216074,86440848719.69,81.67,0,0,0,0,0,0,0,0,0,0,0,0,739208294776,689076665404,93.22,7233497000,7233497000,100,0,0,0,0,0,0,59972090000,43105275188,71.88,67205587000,50338772188,74.9,806413881776,739415437592,91.69,79472870796,64945174954,81.72,0,0,0,79472870796,64945174954,81.72,885886752572,804360612546,90.8,0,0,0,0,0,0,9265461615,3954743827,42.68,9265461615,3954743827,42.68,1000989430261,894756205092.69,89.39,,454150334754.39,385838736717,84.96,302748274857.5,194903072176,64.38,0,0,0,0,0,0,21054890000,15110010690,71.76,560000000,360000000,64.29,778513499611.89,596211819583,76.58,0,0,0,24862728086,13249431874,53.29,15105599798,7550285582,49.98,86337283225,62057033862,71.88,8176913734,7088265402,86.69,200000000,200000000,100,134682524843,90145016720,66.9314870842245,25472730320,5535000,0.02,6376397984,0,0,121479798500,97233180224,80.04,127856196484,97233180224,76.04886028043843,1066524951258.89,783595551527,73.47184429225686,,74391349997.89,74391349997.89,100,8000000000,0,0,66391349997.89,74391349997.89,112.04976250709504,,855828999.9999847,185552003563.57996,,1075380780258.89,969147555090.58,90.1213386812869,1074524951258.89,783595551527,72.92483535249289,,12 Desember
9,Kab. Labuhanbatu Utara,56327389669,54818147461,97.32,3148500000,2212015493,70.26,3300000000,4718597274,142.99,23763298156,21667049286.99,91.18,86539187825,83415809514.99,96.39,56907518000,38561897800,67.76,597898460000,583437873768,97.58,7215137000,4198913188,58.2,171315097000,149424969336,87.22,833336212000,775623654092,93.07,7111464000,7108712000,99.96,0,0,0,0,0,0,85881348000,72638198200,84.58,92992812000,79746910200,85.76,926329024000,855370564292,92.34,52047829726,70613660200,135.67,16850357816,16850357816,100,68898187542,87464018016,126.95,995227211542,942834582308,94.74,0,0,0,0,0,0,22800033505,11798419468,51.75,22800033505,11798419468,51.75,1104566432872,1038048811290.99,93.98,,516209602479,455083395669,88.16,332920440090,228943661183.2,68.77,0,0,0,0,0,0,19199934419,11884067481,61.9,13015473364,1486712000,11.42,881345450352,697397836333.2,79.13,1500000000,0,0,29891052445,14038359714,46.97,14543933190,6375793311.55,43.84,54623794956,39479907461,72.28,5647713590,1309772030,23.19,640000000,348000000,54.38,106846494181,61551832516.55,57.607723106272466,6434360640,103970000,1.62,3829950000,2608316000,68.1,149339675600,130864855128,87.63,153169625600,133473171128,87.14075692563422,1147795930773,892526809977.75,77.76006048188938,,46229497901,0,0,3000000000,3000000000,100,43229497901,-3000000000,-6.93970586211829,,0,142522001313.24,,1150795930773,1038048811290.99,90.20268351085699,1150795930773,895526809977.75,77.8180375886641,,12 Desember
10,Kab. Langkat,212340000000,163426888445,76.96,9072600000,6331715205,69.79,10950000000,10442422162,95.36,46318766365,36674024301.04,79.18,278681366365,216875050113.04,77.82,0,0,0,0,0,0,0,0,0,0,0,0,1884504803900,1580233467030,83.85,0,0,0,0,0,0,0,0,0,239815472000,202080730708,84.27,239815472000,202080730708,84.27,2124320275900,1782314197738,83.9,162066248184,192063534165,118.51,1729459600,0,0,163795707784,192063534165,117.26,2288115983684,1974377731903,86.29,0,0,0,0,0,0,52299582488,0,0,52299582488,0,0,2619096932537,2191252782016.04,83.66,,1239001263092,884473940514,71.39,611823909414,374198433744.2,61.16,0,0,0,0,0,0,54848472700,9819610000,17.9,11467650000,11263250000,98.22,1917141295206,1279755234258.2,66.75,0,0,0,98113273834,46783964465,47.68,59826311199,10273307993,17.17,154173154962,50342240120,32.65,22104016749,110484500,0.5,0,0,0,334216756744,107509997078,32.167745904000085,6358763105.59,0,0,17441260000,17441260000,100,390460612900,352725871608,90.34,407901872900,370167131608,90.7490639786175,2665618687955.59,1757432362944.2,65.92962342607494,,49521755418.59,0,0,3000000000,3000000000,100,46521755418.59,-3000000000,-6.448595873063737,,0.000152587890625,430820419071.8401,,2668618687955.59,2191252782016.04,82.11187277919963,2668618687955.59,1760432362944.2,65.96792456298262,,12 Desember
11,Kab. Mandailing Natal,69897795000,41664173011,59.61,10350000000,3153349144,30.47,15593024399,15593024399,100,95892606659.19,84233066514.04,87.84,191733426058.19,144643613068.04,75.44,0,0,0,0,0,0,0,0,0,0,0,0,1285383062100,1178297497592,91.67,7118778000,7116040000,99.96,0,0,0,0,0,0,298316313000,153557693122,51.47,305435091000,160673733122,52.6,1590818153100,1338971230714,84.17,104126770936.86,82042103393,78.79,0,0,0,104126770936.86,82042103393,78.79,1694944924036.86,1421013334107,83.84,0,0,0,0,0,0,8031365063,8031365063,100,8031365063,8031365063,100,1894709715158.05,1573688312238.04,83.06,,974344047008,807550916115.34,82.88,451387612599.76,407086217295.01,90.19,0,0,0,0,0,0,4425260500,4279700000,96.71,4877500000,3765046000,77.19,1435034420107.76,1222681879410.35,85.2,7487500000,0,0,45305113760.5,20859495612,46.04,41151612539.41,14392772720,34.97,29294892469.14,20890258046.8,71.31,12366233550,52118000,0.42,0,0,0,135605352319.05,56194644378.8,41.439842467711884,5000000000,1082751000,21.66,6932090094,74819961,1.08,394050463638,209070489938,53.06,400982553732,209145309899,52.158206872706984,1976622326158.81,1489104584688.1501,75.33581731730928,,81912611000.76,74811197827.76,91.33,0,0,0,81912611000.76,74811197827.76,91.33050077852589,,0,159394925377.6499,,1976622326158.81,1648499510065.8,83.39982242684397,1976622326158.81,1489104584688.1501,75.33581731730928,,12 Desember
12,Kab. Nias,9233631402,6136483857,66.46,1729500000,573807675,33.18,11251132710,10251132710,91.11,92807215900,74811028689.74,80.61,115021480012,91772452931.74,79.79,0,0,0,0,0,0,0,0,0,0,0,0,0,0,0,0,0,0,0,0,0,0,0,0,0,0,0,0,0,0,759484882140,648741432446,85.42,0,0,0,0,0,0,29567601761,12185509067,41.21,789052483901,660926941513,83.76,0,0,0,0,0,0,8341850351,6799070700,81.51,8341850351,6799070700,81.51,912415814264,759498465144.74,83.24,,383310044580.76,321099429439,83.77,258199436370.24,161192667078.92,62.43,0,0,0,0,0,0,7461049000,2686800000,36.01,0,0,0,648970529951,484978896517.92,74.73,1400000000,760450000,54.32,18755887836,7119306508,37.96,25793531854,14427301565,55.93,68093178128,37599143676,55.22,5323038739,346445800,6.51,0,0,0,119365636557,60252647549,50.47738133598265,2075000000,1500000000,72.29,1096313141,934843706,85.27,188765518970,133308892155,70.62,189861832111,134243735861,70.70601519452121,960272998619,680975279927.9199,70.91475870999734,,47857184355,47657184355.02,99.58,0,0,0,47857184355,47657184355.02,99.58208991465854,,0,126180369571.84006,,960272998619,807155649499.76,84.05481052373199,960272998619,680975279927.9199,70.91475870999734,,12 Desember
13,Kab. Nias Barat,6709521252,4151017460,61.87,639750000,223312800,34.91,2145263065,2145263065,100,12505465683,10495046159.45,83.92,22000000000,17014639484.45,77.34,0,0,0,0,0,0,0,0,0,0,0,0,0,0,0,0,0,0,0,0,0,0,0,0,0,0,0,0,0,0,811239200524,686574427594,84.63,0,0,0,0,0,0,36496157330,24431203369,66.94,847735357854,711005630963,83.87,0,0,0,0,0,0,5588709218,248525136,4.45,5588709218,248525136,4.45,875324067072,728268795583.45,83.2,,353702270398.98,280981036079,79.44,165970589736.22,85574219855,51.56,0,0,0,0,0,0,3630775434,0,0,503000000,253000000,50.3,523806635569.2,366808255934,70.03,0,0,0,70086077287,26317913155,37.55,186504367699,87793433989,47.07,58307010230.21,13568151120,23.27,451946225,0,0,0,0,0,315349401441.21,127679498264,40.48826402729134,0,0,0,1146503129,0,0,124876622700,76115706935,60.95,126023125829,76115706935,60.39820583269846,965179162839.41,570603461133,59.11891626984275,,96699704143.41,0,0,6844608376,0,0,89855095767.41,0,0,,0,157665334450.44995,,972023771215.41,728268795583.45,74.92294089401014,972023771215.41,570603461133,58.702624156971225,,12 Desember
14,Kab. Nias Selatan,15045599586.01,12742235162.13,84.69,417715300,275691780,66,7599606377,7599606377,100,3540462200,20569260489.95,580.98,26603383463.01,41186793809.08,154.82,0,0,0,0,0,0,0,0,0,0,0,0,974685261000,829298784048,85.08,14443800000,14443800000,100,0,0,0,0,0,0,386459500000,214830436488,55.59,400903300000,229274236488,57.19,1375588561000,1058573020536,76.95,28323375519,32985317951,116.46,2995726273,2995726273,100,31319101792,35981044224,114.89,1406907662792,1094554064760,77.8,0,0,0,0,0,0,16500000000,8313073235,50.38,16500000000,8313073235,50.38,1450011046255.01,1144053931804.08,78.9,,522114316917.6,413174401224,79.13,239359866341.79,136555556806.35,57.05,0,0,0,4135118086,1786300000,43.2,86263848000,35289163931,40.91,1772475000,602900000,34.01,853645624345.39,587408321961.35,68.81,0,0,0,35326201927.71,20645406014,58.44,79574311209,33134565552,41.64,89082512059.01,51190830606.8,57.46,224290000,223510000,99.65,1052750000,649116700,61.66,205260065195.71997,105843428872.8,51.56552433707744,1479984375,4783503,0.32,1546331488.6,0,0,456484129400,271505624340,59.48,458030460888.6,271505624340,59.27676159643765,1518416134804.71,964762158677.15,63.53740167554478,,70905088549.7,129784312814,183.04,2500000000,2500000000,100,68405088549.7,127284312814,186.07433381439316,,0,306576085940.93005,,1520916134804.71,1273838244618.08,83.75466703702531,1520916134804.71,967262158677.15,63.59733693017526,,12 Desember
15,Kab. Nias Utara,9007497689,5480833613,60.85,1739958326,1252376964,71.98,3000000000,2939343383,97.98,11685566254,10381694963.03,88.84,25433022269,20054248923.03,78.85,0,0,0,0,0,0,0,0,0,0,0,0,586558791341,493820180096,84.19,14906329000,14906329000,100,0,0,0,0,0,0,104712572000,64195575942,61.31,119618901000,79101904942,66.13,706177692341,572922085038,81.13,32463402464,19250276636,59.3,12736172607,12736172607,100,45199575071,31986449243,70.77,751377267412,604908534281,80.51,0,0,0,0,0,0,8890689014,7873402089.86,88.56,8890689014,7873402089.86,88.56,785700978695,632836185293.89,80.54,,408463250102.3,281284359453,68.86,153626067082.6,96171036932.75,62.6,0,0,0,0,0,0,6750000000,4281231843.48,63.43,0,0,0,568839317184.9,381736628229.23,67.11,3500000,0,0,21416070253.1,10603352005,49.51,7913345907,2757212216,34.84,59010971281,37991828045,64.38,3759570150,2344470440,62.36,0,0,0,92103457591.1,53696862706,58.300593821777156,1983053905,0,0,1080000000,119998000,11.11,146123762646,99556041459,68.13,147203762646,99676039459,67.71296987747787,810129591327,535109530394.23,66.05233732022002,,24428612632,24366239292.64,99.74,0,0,0,24428612632,24366239292.64,99.74467097129252,,0,122092894192.30003,,810129591327,657202424586.53,81.12312296974935,810129591327,535109530394.23,66.05233732022002,,12 Desember
16,Kab. Padang Lawas,36809953827,28241147422,76.72,3845436132,3243427679,84.34,3876943562,3876943562,100,13664587293.89,9328274996.53,68.27,58196920814.89,44689793659.53,76.79,0,0,0,0,0,0,0,0,0,0,0,0,766945187000,731625308043,95.39,0,0,0,0,0,0,0,0,0,224897540000,144579029528,64.29,224897540000,144579029528,64.29,991842727000,876204337571,88.34,75279120426,63380934341,84.19,0,0,0,75279120426,63380934341,84.19,1067121847426,939585271912,88.05,0,0,0,0,0,0,27155000000,17958945425,66.13,27155000000,17958945425,66.13,1152473768240.89,1002234010996.53,86.96,,481078995977.7,431799015438,89.76,280925648677,178274608179,63.46,0,0,0,0,0,0,12580309006,3534370462,28.09,2515760406,2011640000,79.96,777100714066.7,615619634079,79.22,0,0,0,34511363655,8889037693,25.76,47678749483,26249237734,55.05,27441496046,15719149550,57.28,7574886100,818852500,10.81,0,0,0,117206495284,51676277477,44.08994343853091,6319399873,745428000,11.8,4065538996,0,0,285872237811,187559337131,65.61,289937776807,187559337131,64.68951345234697,1190564386030.7,855600676687,71.86513276611127,,38090617789.81,38608713195.21,101.36,0,0,0,38090617789.81,38608713195.21,101.36016540413951,,-6.103515625e-05,185242047504.74002,,1190564386030.7,1040842724191.74,87.42431206613472,1190564386030.7,855600676687,71.86513276611127,,12 Desember
17,Kab. Padang Lawas Utara,24273765680,20295848243,83.61,28273452500,28418255901,100.51,1850000000,1867317818,100.94,2498876192,5365554963.31,214.72,56896094372,55946976925.31,98.33,0,0,0,0,0,0,0,0,0,0,0,0,744526615572,683855118160,91.85,7623448000,7623448000,100,0,0,0,0,0,0,285911461000,222761461958,77.91,293534909000,230384909958,78.49,1038061524572,914240028118,88.07,59864592820,53639248177,89.6,3962000000,3962000000,100,63826592820,57601248177,90.25,1101888117392,971841276295,88.2,6000000000,0,0,0,0,0,18052834970,13968125251,77.37,24052834970,13968125251,58.07,1182837046734,1041756378471.31,88.07,,435624786857,405517904648,93.09,279872379610,223725735557.54,79.94,7558122966,7543829441,99.81,0,0,0,14806837000,10565082000,71.35,2388200000,759169000,31.79,740250326433,648111720646.54,87.55,0,0,0,27358219923,22219592341,81.22,18614850175,5917889950,31.79,29176909599,16872457085,57.83,5580980642,1473307145,26.4,110000000,50000000,45.45,80840960339,46533246521,57.56147171664786,3500000000,2910540000,83.16,5254721818,3669093853,69.82,343742847400,271635972758,79.02,348997569218,275305066611,78.88452267099653,1173588855990,972860573778.54,82.8962007276277,,14640973956,14640678956.71,100,23889164700,23889164700,100,-9248190744,-9248485743.29,100.00318980542428,,0,59647318949.48002,,1197478020690,1056397057428.02,88.21849246296082,1197478020690,996749738478.54,83.23741406996363,,19 Desember
18,Kab. Pakpak Bharat,5466793133,4279585517.2,78.28,3362560000,2195384049,65.29,2310000000,2496887967,108.09,13711000000,16232102364.72,118.39,24850353133,25203959897.92,101.42,16692986000,7737095200,46.35,315036867000,311343815370,98.83,50331861000,27132459668,53.91,0,0,0,382061714000,346213370238,90.62,0,0,0,0,0,0,0,0,0,40869330000,28811723676,70.5,40869330000,28811723676,70.5,422931044000,375025093914,88.67,17904296736,14288759361,79.81,0,0,0,17904296736,14288759361,79.81,440835340736,389313853275,88.31,0,11014192,0,0,0,0,7200325289,2798265832,38.86,7200325289,2809280024,39.02,472886019158,417327093196.92,88.25,,252542183672.4,215509963885.99,85.34,147048053977,81010067215.56,55.09,0,0,0,0,0,0,5190823209,1261173209,24.3,125000000,70000000,56,404906060858.4,297851204310.55,73.56,100000000,0,0,7496838021,4828006510,64.4,16366554973,10683252572,65.27,10866192956.6,8826401285,81.23,1217825100,301691500,24.77,100000000,0,0,36147411050.6,24639351867,68.16353135915946,95041336,0,0,882935313,729819856,82.66,73854570600,61796964276,83.67,74737505913,62526784132,83.66185540735842,515886019158,385017340309.55,74.63224937515336,,48000000000,33961680450.99,70.75,5000000000,2500000000,50,43000000000,31461680450.99,73.16669872323256,,0,63771433338.36,,520886019158,451288773647.91,86.63868045016983,520886019158,387517340309.55,74.3958036992359,,12 Desember
19,Kab. Samosir,45071304878,34325492203,76.16,20507396236.26,16507629821,80.5,8760152827,8760152827,100,44910221674,37845418557.39,84.27,119249075615.26,97438693408.39,81.71,0,0,0,0,0,0,0,0,0,0,0,0,548281709606,542505765533,98.95,0,0,0,0,0,0,0,0,0,99031474000,65575016876,66.22,99031474000,65575016876,66.22,647313183606,608080782409,93.94,35739250723,27157754476,75.99,324232765,0,0,36063483488,27157754476,75.31,683376667094,635238536885,92.96,0,0,0,0,0,0,8048236763,7212441818,89.62,8048236763,7212441818,89.62,810673979472.26,739889672111.39,91.27,,358310485892.17,336354476621,93.87,240486267796.81,178218774344.81,74.11,0,0,0,109375000,0,0,9768780182,8390410282,85.89,1302600000,1275479835,97.92,609977508870.98,524239141082.81,85.94,783380112,328800000,41.97,24405297600.46,14662115743,60.08,15135763785.75,8446394953.7,55.8,26278259343.01,11658842958.34,44.37,3235382955.98,2773654286,85.73,0,0,0,69838083797.2,37869807941.04,54.22515321441037,1590174520.29,0,0,5650941749,5378602985,95.18,143343613256.97,109062098079,76.08,148994555005.97,114440701064,76.8086465035011,830400322194.44,676549650087.85,81.47271045126527,,24726342722.18,26147929448.18,105.75,5000000000,0,0,19726342722.18,26147929448.18,132.55335678001612,,6.866455078125e-05,89487951471.72003,,835400322194.4401,766037601559.5701,91.69706800535255,835400322194.44,676549650087.85,80.98508369145478,,12 Desember
20,Kab. Simalungun,205495195692,188939591649,91.94,6038440966,4294592895,71.12,22984918125,22984918125,100,46452723880.93,51141755809.74,110.09,280971278663.93,267360858478.74,95.16,0,0,0,0,0,0,0,0,0,0,0,0,0,0,0,0,0,0,0,0,0,0,0,0,0,0,0,0,0,0,2333952128418.71,2102968819651,90.1,0,0,0,0,0,0,252140401744,160189572215,63.53,2586092530162.71,2263158391866,87.51,0,0,0,0,0,0,38588308898.68,13250604457,34.34,38588308898.68,13250604457,34.34,2905652117725.32,2543769854801.74,87.55,,1356639921836.17,1125092690446,82.93,768534251580.69,499362276575,64.98,0,0,0,0,0,0,39733357500,25204429837,63.43,628950000,266000000,42.29,2165536480916.86,1649925396858,76.19,0,0,0,61986181550,26106950332,42.12,73202143081,37227237661,50.86,150572222566.2,101589402619,67.47,27848333023,12344953178,44.33,438500000,241475000,55.07,314047380220.2,177510018790,56.523324176605335,32027096574,13256471640,41.39,10971574266,9113748767,83.07,488756299800,398104464898,81.45,499727874066,407218213665,81.4879927252603,3011338831777.06,2247910100953,74.64819558769004,,113186714051.74,113186714051.74,100,7500000000,7500000000,100,105686714051.74,105686714051.74,100,,-0.0002288818359375,401546467900.4802,,3018838831777.06,2656956568853.4805,88.01253451776506,3018838831777.06,2255410100953,74.71117958375198,,19 Desember
21,Kab. Tapanuli Selatan,42175896605,30826032212,73.09,18269427770,12456965114,68.18,102750494091,54619241642,53.16,15949653033,16979206937,106.46,179145471499,114881445905,64.13,0,0,0,0,0,0,0,0,0,0,0,0,0,0,0,0,0,0,0,0,0,0,0,0,0,0,0,0,0,0,1283397194000,995461406207,77.56,64858672593,46324719099,71.42,0,0,0,64858672593,46324719099,71.42,1348255866593,1041786125306,77.27,21037200000,18008865000,85.6,0,0,0,18187727298,9892287645,54.39,39224927298,27901152645,71.13,1566626265390,1184568723856,75.61,,706034813600,465824029951,65.98,382922159811,194593193344,50.82,0,0,0,0,0,0,27310107752,10315162868,37.77,3042727582,2247500000,73.86,1119309808745,672979886163,60.12,300000000,0,0,17091365098,3106373825,18.18,64664398000,20575127430,31.82,146985792681,37354933064,25.41,11366716800,89100000,0.78,220000000,0,0,240628272579,61125534319,25.402473975260758,5000000000,83470400,1.67,6054318681,43875000,0.72,260949380287,174953947172,67.05,267003698968,174997822172,65.54134749757652,1631941780292,909186713054,55.71195762212307,,76384114902,76384114902.85,100,10000000000,0,0,66384114902,76384114902.85,115.0638447399842,,1068600000,351766125704.85,,1643010380292,1260952838758.85,76.74649252883906,1641941780292,909186713054,55.37265230514519,,2025-11-14 00:00:00
22,Kab. Tapanuli Tengah,26957938000,30774932843,114.16,2090000000,1688134158,80.77,10790167000,10994120554,101.89,42967684000,44175427851.14,102.81,82805789000,87632615406.14,105.83,0,0,0,0,0,0,0,0,0,0,0,0,0,0,0,0,0,0,0,0,0,0,0,0,0,0,0,0,0,0,1003785554000,930909950842,92.74,0,0,0,0,0,0,59399999980,56569671976,95.24,1063185553980,987479622818,92.88,0,0,0,0,0,0,23345588108,12036975540,51.56,23345588108,12036975540,51.56,1169336931088,1087149213764.14,92.97,,529437964880,412948906191,78,337317626124.31,197781724696.2,58.63,3108426269,2528659483,81.35,0,0,0,14943742350,7748267100,51.85,200000000,0,0,885007759623.31,621007557470.2,70.17,0,0,0,32317731510.4,10853346635,33.58,53896608985,18690277647.2,34.68,29510525884,7034490526,23.84,3838477251,659903600,17.19,200000000,0,0,119763343630.4,37238018408.2,31.093001647582362,4362354077.29,84899200,1.95,2904793800,0,0,201524440200,106288548169,52.74,204429234000,106288548169,51.99283198850121,1213562691331,764619023247.3999,63.00614123270287,,54878606367,69799440371.9,127.19,10652846124,8877371770,83.33,44225760243,60922068601.899994,137.75245075983213,,0,383452259118.64014,,1224215537455,1156948654136.04,94.50530717337571,1224215537455,773496395017.3999,63.18302385096401,,12 Desember
23,Kab. Tapanuli Utara,38503750000,32230602289,83.71,94877368000,77518729510,81.7,9057524807,9057524807,100,11561357193,12648547993.65,109.4,154000000000,131455404599.65,85.36,0,0,0,0,0,0,0,0,0,0,0,0,0,0,0,0,0,0,0,0,0,0,0,0,0,0,0,0,0,0,1188936596000,1088780778989,91.58,0,0,0,0,0,0,73658841124,60532996682,82.18,1262595437124,1149313775671,91.03,0,0,0,0,0,0,28447206128,19257361077,67.7,28447206128,19257361077,67.7,1445042643252,1300026541347.65,89.96,,700034185582.84,660909457261,94.41,316143930358.02,234717762116.15,74.24,1305522106,1231916876,94.36,0,0,0,15790059080,7885042260,49.94,1598236199,700862700,43.85,1034871933325.86,905445041213.15,87.49,0,0,0,23777992589,14057660888,59.12,7497281776,2478337434.13,33.06,19537381777,12375926550.08,63.34,14588132802,6240026660,42.77,65500000,0,0,65466288944,35151951532.21,53.694736786255056,8017977058,5461659250,68.12,0,0,0,281340879824,243704167614,86.62,281340879824,243704167614,86.62238056782057,1389697079151.8599,1189762819609.3599,85.6131050038242,,10404650909.86,10404650909.86,100,65750215010,45703571482,69.51,-55345564100.14,-35298920572.14,63.7791323407086,,0.0001373291015625,74964801166.15004,,1455447294161.86,1310431192257.51,90.03632062211777,1455447294161.8599,1235466391091.3599,84.88568401254412,,19 Desember
24,Kab. Toba Samosir,89028741292,67052679710.98,75.32,32620748672,16522180377,50.65,11562177579,11562177579,100,8769927661,13723356073.11,156.48,141981595204,108860393740.09,76.67,21989413000,21647567202,98.45,566830844000,560642684043,98.91,187418114082,115181410409,61.46,0,0,0,776238371082,697471661654,89.85,7136775000,7134069000,99.96,0,0,0,0,0,0,173257260000,146293683946,84.44,180394035000,153427752946,85.05,956632406082,850899414600,88.95,169128137813,124672351770,73.71,8122961600,8122961600,100,177251099413,132795313370,74.92,1133883505495,983694727970,86.75,0,0,0,0,0,0,12553021952,5185466702,41.31,12553021952,5185466702,41.31,1288418122651,1097740588412.09,85.2,,539723481493,461237899202,85.46,332809412085.33,208018831829,62.5,0,0,0,60000000,0,0,14129686900,7375776900,52.2,436700000,372200000,85.23,887159280478.33,677004707931,76.31,2058332028,0,0,59306345186.66,29422902203,49.61,46417896912.17,27359980634,58.94,69206035488.4,50839779630,73.46,11857272679,159028255,1.34,0,0,0,188845882294.22998,107781690722,57.073889783877576,3582574808,20000000,0.56,7273000000,6896451914,94.82,259613587840,221173607511,85.19,266886587840,228070059425,85.45579651298524,1346474325420.56,1012876458078,75.22434248879097,,61056202769.56,61056202769.56,100,3000000000,3000000000,100,58056202769.56,58056202769.56,100,,-6.103515625e-05,142920333103.64996,,1349474325420.56,1158796791181.65,85.8702362359146,1349474325420.56,1015876458078,75.27942095240714,,19 Desember
25,Kab. Serdang Bedagai,173500000000,134010675843,77.24,9502230000,5591613951,58.85,7214161550,7214161550,100,49657526347,40168422707,80.89,239873917897,186984874051,77.95,60117160000,50804317600,84.51,889374347000,823030142458,92.54,290759131000,289016261619,99.4,0,0,0,1240250638000,1162850721677,93.76,15086442000,15086442000,100,0,0,0,0,0,0,208301736000,152152044220,73.04,223388178000,167238486220,74.86,1463638816000,1330089207897,90.88,161214613137,126068183259,78.2,2959892981,0,0,164174506118,126068183259,76.79,1627813322118,1456157391156,89.45,0,0,0,0,0,0,26976727195,19471458655,72.18,26976727195,19471458655,72.18,1894663967210,1662613723862,87.75,,768450356796.1,664499385889.01,86.47,550424452721.9,376243040883,68.36,3708160400,2910128093,78.48,0,0,0,28861165000,6628609500,22.97,206000000,163910078,79.57,1351650134918,1050445074443.01,77.72,6400000000,3702351310,57.85,43510310090,26506550712,60.92,44169559339,25994626991,58.85,70510441118,58893379860,83.52,12162416496,52662900,0.43,200000000,199000000,99.5,176952727043,115348571773,65.186094444857,11223350996,1732020500,15.43,29321307371,11021084371,37.59,302398300200,225007293238,74.41,331719607571,236028377609,71.15297746108705,1871545820528,1403554044325.01,74.99437250908662,,13747527846,0,0,36865674528,30721395440,83.33,-23118146682,-30721395440,132.88866042155516,,0,228338284096.99,,1908411495056,1662613723862,87.12029497669802,1908411495056,1434275439765.01,75.15546010284973,,2025-11-30 00:00:00
26,Kota Binjai,130712829043,97454868539,74.56,41350508158,8901927116,21.53,4514613121,4514613121,100,3643757299,9075270563.75,249.06,180221707621,119946679339.75,66.56,0,0,0,0,0,0,0,0,0,0,0,0,775247898497,666154948347,85.93,0,0,0,0,0,0,0,0,0,0,0,0,0,0,0,775247898497,666154948347,85.93,92270218917,75735015359,82.08,0,0,0,92270218917,75735015359,82.08,867518117414,741889963706,85.52,0,0,0,0,0,0,17020000000,0,0,17020000000,0,0,1064759825035,861836643045.75,80.94,,537254641521.89,441326994641.29,82.14,379050502618.76,262285828399.44,69.2,0,0,0,0,0,0,28818674000,4920524000,17.07,0,0,0,945123818140.65,708533347040.73,74.97,20000000,0,0,33114995089.19,18954766965,57.24,54994504589.62,25393245369.13,46.17,32349615856,10020593640,30.98,6911558100,6132994214,88.74,0,0,0,127390673634.81,60501600188.130005,47.492958834309604,1430937173.19,200000000,13.98,0,0,0,0,0,0,0,0,0,1073945428948.6499,769234947228.86,71.62700510601461,,11832289034.24,8782693273.24,74.23,2646685120.59,0,0,9185603913.65,8782693273.24,95.61367282763776,,9.72747802734375e-05,101384389090.13002,,1076592114069.24,870619336318.99,80.86807667838787,1076592114069.2399,769234947228.86,71.45091787096143,,12 Desember
27,Kota Gunung Sitoli,31741363421,18827372432,59.31,5742296000,3149775836,54.85,0,0,0,26446040698.77,3529704377.84,13.35,63929700119.77,25506852645.84,39.9,0,0,0,0,0,0,0,0,0,0,0,0,0,0,0,0,0,0,0,0,0,0,0,0,0,0,0,0,0,0,618980244029,563229236958,90.99,0,0,0,0,0,0,37914006989,18943522231,49.96,656894251018,582172759189,88.63,0,0,0,0,0,0,16129218792,8746141293,54.23,16129218792,8746141293,54.23,736953169929.77,616425753127.84,83.65,,332563960940.55,248615273516,74.76,181467100296.19,99590335881,54.88,0,0,0,0,0,0,13523199024,4533514650,33.52,600000000,0,0,528154260260.74,352739124047,66.79,1500000000,1498416000,99.89,29305847355.14,15412854845,52.59,22160965795.85,13579518600,61.28,39094465983.6,25239921846,64.56,2909719547.94,192745573,6.62,0,0,0,94970998682.53,55923456864,58.88477286728499,1000000000,0,0,3722565942,0,0,122429594668,75587609304,61.74,126152160610,75587609304,59.91780793804987,750277419553.27,484250190215,64.5428181089779,,13324249623.5,6643549250.03,49.86,0,0,0,13324249623.5,6643549250.03,49.860588308948834,,0,138819112162.86996,,750277419553.27,623069302377.87,83.04518917134115,750277419553.27,484250190215,64.5428181089779,,12 Desember
28,Kota Medan,3383136624077,2712296326730,80.17,126817422691,91904858123,72.47,19757014028,16898685100,85.53,177000000000,159138411131.73,89.91,3706711060796,2980238281084.73,80.4,272905899000,226062042200,82.84,2106714841000,1994314781674,94.66,6335406000,3061870449,48.33,563957439000,526770119491,93.41,2949913585000,2750208813814,93.23,0,0,0,0,0,0,0,0,0,0,0,0,0,0,0,2949913585000,2750208813814,93.23,205661879531,176270678450,85.71,0,0,0,205661879531,176270678450,85.71,3155575464531,2926479492264,92.74,0,0,0,0,0,0,103166960820,91687977400,88.87,103166960820,91687977400,88.87,6965453486147,5998405750748.73,86.12,,2326982863331,1951597889167,83.87,2979332683391,2127142954716.74,71.4,0,0,0,0,0,0,235600150746,125824417760,53.41,106505676100,91912136950,86.3,5648421373568,4296477398593.74,76.07,74980086414,5897350711,7.87,263836971842,160267198626,60.74,672273695283,399732749835,59.46,389037028984,222812014476.2,57.27,4870308000,2575823800,52.89,132000000,0,0,1405130090523,791285137448.2,56.31401268715822,16975598159,15269220290,89.95,0,0,0,0,0,0,0,0,0,7070527062250,5103031756331.94,72.17328653725626,,105073576103,105253576103.04,100.17,0,0,0,105073576103,105253576103.04,100.17130853133193,,0,1000627570519.8301,,7070527062250,6103659326851.7705,86.32537960910442,7070527062250,5103031756331.94,72.17328653725626,,19 Desember
29,Kota Padang Sidempuan,52142026713,36375447448,69.76,12472567015,3291665052,26.39,17772775693,14922100575,83.96,54433691667,44964410497.78,82.6,136821061088,99553623572.78,72.76,32337300000,32574711000,100.73,503210053000,500835026086,99.53,3327710000,713322004,21.44,105706657000,96171174993,90.98,644581720000,630294234083,97.78,0,0,0,0,0,0,0,0,0,31930786000,24073488898,75.39,31930786000,24073488898,75.39,676512506000,654367722981,96.73,42549202767,29468579401,69.26,0,0,0,42549202767,29468579401,69.26,719061708767,683836302382,95.1,0,4000000000,0,0,0,0,11100000000,8115364874,73.11,11100000000,12115364874,109.15,866982769855,795505290828.78,91.76,,418890146802,367067579239,87.63,302199032473,241198398213.2,79.81,0,0,0,0,0,0,16618811532,10067645481,60.58,1365300000,916500000,67.13,739073290807,619250122933.2,83.79,0,0,0,19202841600,13621445692,70.93,13233388312,8737870381,66.03,377000000,108900000,28.89,7590014500,3782400040,49.83,54000000,54000000,100,40457244412,26304616113,65.01830882282681,2015000000,788902600,39.15,0,0,0,89161299629,77548861329,86.98,89161299629,77548861329,86.97592077692975,870706834848,723892502975.2,83.13848863970045,,5224064993,5224064993.99,100,1500000000,1197237421,79.82,3724064993,4026827572.99,108.12989516990419,,0,75639615426.57008,,872206834848,800729355822.77,91.80498522031344,872206834848,725089740396.2,83.13277440924455,,19 Desember
30,Kota Pematang Siantar,140000000000,124192784014.9,88.71,27371090000,10490492000,38.33,13825713623,13825713623,100,55328700987,41743922747.5,75.45,236525504610,190252912385.4,80.44,0,0,0,0,0,0,0,0,0,0,0,0,0,0,0,0,0,0,0,0,0,0,0,0,0,0,0,0,0,0,791195446213.2,658800760563,83.27,0,0,0,0,0,0,77140404195,38409213690,49.79,868335850408.2,697209974253,80.29,0,0,0,0,0,0,19819570679,6227411437,31.42,19819570679,6227411437,31.42,1124680925697.2,893690298075.4,79.46,,514991340940.16,415810605849,80.74,409970513879.07,241396742910.93,58.88,0,0,0,0,0,0,34427435553,21983178843,63.85,8493030551,2457480000,28.94,967882320923.23,681648007602.93,70.43,22826907191,9726421000,42.61,85468359844.69,46290771011,54.16,31411960532,15140139748.62,48.2,85788810331.19,38395919762,44.76,7149519864,2744586800,38.39,240040656,198185000,82.56,232885598418.88,112496023321.62,48.30527266837637,12749999724.36,1994633400,15.64,0,0,0,0,0,0,0,0,0,1213517919066.47,796138664324.55,65.6058432937686,,108836993369.27,106378564369.27,97.74,20000000000,20000000000,100,88836993369.27,86378564369.27,97.23265172901449,,0,183930198120.12,,1233517919066.47,1000068862444.67,81.07453057524492,1233517919066.47,816138664324.55,66.16350291386169,,12 Desember
31,Kota Sibolga,17834753693,16817786788,94.3,64543982336,68017002171,105.38,10227264682,10227264681,100,42713582521.91,5833573106.29,13.66,135319583232.91,100895626746.29,74.56,0,0,0,0,0,0,0,0,0,0,0,0,498748726282,465115884486,93.26,0,0,0,0,0,0,0,0,0,0,0,0,0,0,0,498748726282,465115884486,93.26,37474760854,25438088760,67.88,125000000,125000000,100,37599760854,25563088760,67.99,536348487136,490678973246,91.49,1267140000,1269724365.92,100.2,4000000000,4000000000,100,10739750,10739750,100,5277879750,5280464115.92,100.05,676945950118.91,596855064108.21,88.17,,303856085794,259036816942,85.25,293957847650.65,237818634853.48,80.9,3972444293,3972444293,100,270000000,135000000,50,7626988698,3667500858,48.09,1640250000,1456250000,88.78,611323616435.65,506086646946.48,82.79,902279800,902279800,100,22435644872,15699235588,69.97,15842335522,6165739336,38.92,8852085815,4489762435,50.72,2882537300,1463408200,50.77,175000000,174497550,99.71,51089883309,28894922909,56.55703446069501,6364902499,2054903499,32.28,0,0,0,0,0,0,0,0,0,668778402243.65,537036473354.48,80.3011089402415,,4630257112.74,4630257112.74,100,12797804988,12797804988,100,-8167547875.26,-8167547875.26,100,,9.5367431640625e-06,51651042878.46998,,681576207231.65,601485321220.95,88.24916639387924,681576207231.65,549834278342.48,80.67099064031818,,19 Desember
32,Kota Tanjung Balai,31770000000,31842499277.7,100.23,4848565000,3959324962,81.66,7775808733,7775808733,100,47937740767,48432098813.86,101.03,92332114500,92009731786.56,99.65,0,0,0,0,0,0,0,0,0,0,0,0,526665860000,478743585762,90.9,7139409000,7139409000,100,0,0,0,0,0,0,0,0,0,7139409000,7139409000,100,533805269000,485882994762,91.02,39197238394,32023705538,81.7,0,0,0,39197238394,32023705538,81.7,573002507394,517906700300,90.38,0,0,0,0,0,0,12300000000,4102277039,33.35,12300000000,4102277039,33.35,677634621894,614018709125.56,90.61,,332446624761.07,283355219465.53,85.23,267081581145.46,201919633411.07,75.6,0,0,0,0,0,0,11804023974,7995186994,67.73,3899200000,2071400000,53.12,615231429880.53,495341439870.6,80.51,4700000000,700000000,14.89,28743021183,13488256958,46.93,7030354360.82,4398865038.06,62.57,21150120755.56,13718734244.66,64.86,3143540300,968705800,30.82,84951998,49951998,58.8,64851988597.380005,33324514038.72,51.38549296554077,1200000000,7617460,0.63,0,0,0,0,0,0,0,0,0,681283418477.91,528673571369.31995,77.59965339395116,,3648796583.91,0,0,0,0,0,3648796583.91,0,0,,-3.4332275390625e-05,85345137756.24011,,681283418477.91,614018709125.56,90.1267655240121,681283418477.91,528673571369.31995,77.59965339395116,,12 Desember
33,Kota Tebing Tinggi,60020740000,52966678461,88.25,56207960785,39360578351,70.03,13353327302,13353327302,100,10956515254,10386005662,94.79,140538543341,116066589776,82.59,18405747000,18066715200,98.16,434646880000,406199814044,93.46,77782727481,39270051774,50.49,0,0,0,530835354481,463536581018,87.32,19181135000,16450293500,85.76,0,0,0,0,0,0,0,0,0,19181135000,16450293500,85.76,550016489481,479986874518,87.27,35503265665,18711093545,52.7,0,0,0,35503265665,18711093545,52.7,585519755146,498697968063,85.17,0,0,0,0,0,0,0,0,0,0,0,0,726058298487,614764557839,84.67,,360431031369,318804468775,88.45,252746990429,167822232294.85,66.4,0,0,0,0,0,0,16101531000,8920684456,55.4,664800000,600000000,90.25,629944352798,496147385525.85,78.76,0,0,0,38177284611,22094977032,57.87,34563484300,10607585466,30.69,29213060476,14658835303,50.18,5908408100,2801010600,47.41,528738700,381945000,72.24,108390976187,50544353401,46.63151415280094,1888308112,0,0,0,0,0,0,0,0,0,0,0,740223637097,546691738926.85,73.85494214570869,,15165401100,15165401099.39,100,1000000000,0,0,14165401100,15165401099.39,107.05945417521569,,62490,83238220011.54002,,741223699587,629929958938.39,84.98513462121875,741223637097,546691738926.85,73.75530292962141,,12 Desember
III,Prov. Sumatera Barat,2118471018085,1874949026022.5,88.5,386624597307,382608734891.01,98.96,139682145880,126838893909,90.81,162665402244,125491878303.8,77.15,2807443163516,2509888533126.31,89.4,174378188000,146293883640,83.89,2044746809000,2044542990666,99.99,73140495000,43369677554,59.3,977086487000,921809404009,94.34,3269351979000,3156015955869,96.53,15594394000,15594394000,100,0,0,0,0,0,0,0,0,0,15594394000,15594394000,100,3284946373000,3171610349869,96.55,0,0,0,26606240000,29820560000,112.08,26606240000,29820560000,112.08,3311552613000,3201430909869,96.67,19049475000,15301522000,80.33,20000000000,20000000000,100,0,0,0,39049475000,35301522000,90.4,6158045251516,5746620964995.31,93.32,,2679434481943,2483702415851,92.7,1728331829254.66,1394052587357.75,80.66,0,0,0,1125000000,1124442040,99.95,161269439604,150604429898,93.39,0,0,0,4570160750801.66,4029483875146.75,88.17,14782202021,5089073250,34.43,208825446202,147875915796,70.81,136131470396.47,66271386518.76,48.68,347795037644.81,276393907162,79.47,62166382077,57390449300,92.32,0,0,0,769700538341.28,553020732026.76,71.8488171021071,28933275000,3495208300,12.08,866806142668.49,749137735856,86.43,40179498700,35577926260,88.55,906985641368.49,784715662116,86.51908324943214,6275780205511.431,5370715477589.51,85.57845083345833,,117734953995.43,117734953995.43,100,0,0,0,117734953995.43,117734953995.43,100,,-0.00067138671875,493640441401.2298,,6275780205511.43,5864355918990.739,93.44425277737778,6275780205511.431,5370715477589.51,85.57845083345833,,19 Desember
1,Kab. Agam,86794945026,67847675035,78.17,96151303597,90413999910,94.03,13807124697,13807124697,100,8321409176,6206771900.08,74.59,205074782496,178275571542.08,86.93,0,0,0,0,0,0,0,0,0,0,0,0,0,0,0,0,0,0,0,0,0,0,0,0,0,0,0,0,0,0,1263938865949,1239969906569,98.1,0,0,0,0,0,0,63741493309.46,56113809408,88.03,1327680359258.46,1296083715977,97.62,0,0,0,0,0,0,0,0,0,0,0,0,1532755141754.46,1474359287519.08,96.19,,875183897096.37,826796241739.12,94.47,397902349897.45,273483699978,68.73,0,0,0,0,0,0,18359064168,10949747812,59.64,4989000000,2327500000,46.65,1296434311161.82,1113557189529.12,85.89,0,0,0,35055539686.56,13296907950,37.93,8361821684.9,3988005246,47.69,20631351368,8396702088,40.7,5871878646,1195736365,20.36,225000000,222000000,98.67,70145591385.45999,27099351649,38.633007597134956,4714959028.91,1199493334,25.44,11197982264,9647487656,86.15,188840934100,180887336013,95.79,200038916364,190534823669,95.24887813443964,1571333777940.19,1332390858181.12,84.79362417370724,,39578636185.73,39619046535.73,100.1,1000000000,0,0,38578636185.73,39619046535.73,102.6968562211249,,0,181587475873.68997,,1572333777940.19,1513978334054.81,96.2886096639209,1572333777940.19,1332390858181.12,84.73969565969618,,19 Desember
2,Kab. Dharmasraya,53158000000,43452552482,81.74,73182745351,63110441003,86.24,5529319469,5529319459,100,5077200000,3729212513.04,73.45,136947264820,115821525457.04,84.57,0,0,0,0,0,0,0,0,0,0,0,0,0,0,0,0,0,0,0,0,0,0,0,0,0,0,0,0,0,0,766429095600,729242162231,95.15,0,0,0,0,0,0,45256330472.35,39920790612,88.21,811685426072.35,769162952843,94.76,100000000,82698940,82.7,0,0,0,17733367041,15312687554.74,86.35,17833367041,15395386494.74,86.33,966466057933.35,900379864794.78,93.16,,498077287499.19,475370411896.22,95.44,280362764298.21,208653618414.52,74.42,0,0,0,0,0,0,13646830285,5485792288,40.2,0,0,0,792086882082.4,689509822598.74,87.05,0,0,0,14255474863,7407652875,51.96,24722171276.5,10897834725.31,44.08,14138190500,4363550722,30.86,4634561060,1650858870,35.62,260051000,251304000,96.64,58010448699.5,24571201192.309998,42.35650946192695,1775000000,196489050,11.07,5134311500,1482385950,28.87,112044485640,111402562136,99.43,117178797140,112884948086,96.3356433426519,969051127921.9,827162460927.05,85.35797927410437,,4085069988.55,4085069988.55,100,1500000000,1500000000,100,2585069988.55,2585069988.55,100,,-4.863739013671875e-05,75802473856.27998,,970551127921.9,904464934783.3301,93.19085916884454,970551127921.9,828662460927.05,85.38060871675503,,19 Desember
3,Kab. Kep. Mentawai,9750886640,11161867188,114.47,22307054501,19112519898,85.68,16476655254,16530807515,100.33,10789757856,9028150498.53,83.67,59324354251,55833345099.53,94.12,0,0,0,0,0,0,0,0,0,0,0,0,0,0,0,0,0,0,0,0,0,0,0,0,0,0,0,0,0,0,692249976180,622913852450,89.98,0,0,0,0,0,0,23405242633,28863680875,123.32,715655218813,651777533325,91.07,0,0,0,0,0,0,9357382800,7316206076,78.19,9357382800,7316206076,78.19,784336955864,714927084500.53,91.15,,430793108735.72,337238731985,78.28,219882796811.28,172855926715.48,78.61,0,0,0,8213000000,6427054000,78.25,11250165825,7928559380,70.48,601500000,282000000,46.88,670740571372,524732272080.48,78.23,700000000,0,0,25245247670,15696607066,62.18,33049352788,22356855518,67.65,32005956927,22792555640,71.21,715317700,148031200,20.69,580000000,571600000,98.55,92295875085,61565649424,66.70465973403583,1650000000,1500212002,90.92,3205794114,2504924185,78.14,97986616000,86068966488,87.84,101192410114,88573890673,87.53017204868982,865878856571,676372024179.48,78.1139323412985,,81541900707,81541900707.21,100,0,0,0,81541900707,81541900707.21,100.00000000025754,,0,120096961028.26006,,865878856571,796468985207.74,91.98388194416334,865878856571,676372024179.48,78.1139323412985,,19 Desember
4,Kab. Limapuluh Kota,63463838243,54604508644,86.04,49759515029,34126728353,68.58,4844398220,4794398220,98.97,31365450745,6983715476.76,22.27,149433202237,100509350693.76,67.26,0,0,0,0,0,0,0,0,0,0,0,0,0,0,0,0,0,0,0,0,0,0,0,0,0,0,0,0,0,0,1095729342843,1076010427628,98.2,0,0,0,0,0,0,49355738719,44405585633,89.97,1145085081562,1120416013261,97.85,0,0,0,0,0,0,2197899046,0,0,2197899046,0,0,1296716182845,1220925363954.76,94.16,,787182135836,655735171289.32,83.3,243249766545,153992440687.26,63.31,0,0,0,0,0,0,29942781077,16407793951,54.8,2300150000,2135750511,92.85,1062674833458,828271156438.58,77.94,1115500000,0,0,28051187132,13735226986,48.96,36004814602,21594311464,59.98,10763597840,5628157596,52.29,6796258015,2357114798,34.68,75650000,0,0,82807007589,43314810844,52.308146502511576,3984928498,1053545252,26.44,6881613308,1834357356,26.66,163380615300,151981312572,93.02,170262228608,153815669928,90.34045377271231,1319728998153,1026455182462.58,77.77772435849592,,23012815308,23012815308.31,100,0,0,0,23012815308,23012815308.31,100.00000000134708,,0,217482996800.49005,,1319728998153,1243938179263.07,94.25709225181825,1319728998153,1026455182462.58,77.77772435849592,,12 Desember
5,Kab. Padang Pariaman,85859270526,68276500732,79.52,74094672200,59611937118,80.45,8728317039,8931467131,102.33,8059670813,4820979685.42,59.82,176741930578,141640884666.42,80.14,12533080000,11378088802,90.78,738825125000,720991386722,97.59,22864258000,18518272269,80.99,254709296000,221472917889,86.95,1028931759000,972360665682,94.5,7113627000,7113627000,100,0,0,0,0,0,0,102989508000,76112270022,73.9,110103135000,83225897022,75.59,1139034894000,1055586562704,92.67,62011663131.06,54742670996,88.28,600000000,500000000,83.33,62611663131.06,55242670996,88.23,1201646557131.06,1110829233700,92.44,0,0,0,4000000000,0,0,0,0,0,4000000000,0,0,1382388487709.06,1252470118366.42,90.6,,825676004549.41,675500296181.76,81.81,316747067393.89,208596034424,65.86,0,0,0,0,0,0,13475860000,8260349974,61.3,0,0,0,1155898931943.3,892356680579.76,77.2,0,0,0,21126541592.3,7721350604,36.55,25706349333,13531082541,52.64,15515265396,8576857777,55.28,110000000,49836800,45.31,100000000,0,0,62558156321.3,29879127722,47.762161609335436,14000000000,5863583536,41.88,10009191049,1243063884,12.42,177921751100,151044512842,84.89,187930942149,152287576726,81.03379623631092,1420388030413.6,1080386968563.76,76.06280434855285,,40499542704.54,0,0,2500000000,2362000000,94.48,37999542704.54,-2362000000,-6.215864275960878,,0,169721149802.6599,,1422888030413.6,1252470118366.42,88.02309750278498,1422888030413.6,1082748968563.76,76.09516317661554,,19 Desember
6,Kab. Pasaman,32576892802.32,22888233079.95,70.26,91039532011,63086290585.37,69.3,14667895911,14667895911,100,8797103670,3712491684.69,42.2,147081424394.32,104354911261.01,70.95,0,0,0,0,0,0,0,0,0,0,0,0,0,0,0,0,0,0,0,0,0,0,0,0,0,0,0,0,0,0,889482298000,841213534432,94.57,0,0,0,0,0,0,50808948508,43286782585,85.2,940291246508,884500317017,94.07,0,0,0,0,0,0,1720778059,0,0,1720778059,0,0,1089093448961.32,988855228278.01,90.8,,609479120318,566497563447.69,92.95,256634589073,179725534225.82,70.03,0,0,0,0,0,0,28660246736,19297538977,67.33,0,0,0,894773956127,765520636650.51,85.55,0,0,0,15435086409,9764264082,63.26,24406708506,16858147521.57,69.07,18077951098,15552718767,86.03,5170115200,3436438650,66.47,1153316750,1015339380,88.04,64243177963,46626908400.57,72.57877004064797,750000000,0,0,2771768918,0,0,135212858800,116264279997,85.99,137984627718,116264279997,84.25886413565574,1097751761808,928411825048.08,84.57393168005336,,8658312846.68,8637157360.68,99.76,0,0,0,8658312846.68,8637157360.68,99.75566272119501,,-5.340576171875e-05,69080560590.61005,,1097751761808,997492385638.6901,90.86684443082264,1097751761808,928411825048.08,84.57393168005336,,12 Desember
7,Kab. Pasaman Barat,62079355088,57489897229,92.61,78714313410,64424243786,81.85,8482828310,10307142856,121.51,12367699655,7197341827.39,58.19,161644196463,139418625698.39,86.25,0,0,0,0,0,0,0,0,0,0,0,0,0,0,0,0,0,0,0,0,0,0,0,0,0,0,0,0,0,0,1045393206000,971112516905,92.89,0,0,0,0,0,0,50946284406.24,44867456942,88.07,1096339490406.24,1015979973847,92.67,0,0,0,0,4000000000,0,0,0,0,0,4000000000,0,1257983686869.24,1159398599545.39,92.16,,684626192573.3,597831873184,87.32,303999954705.64,209838419398.5,69.03,0,0,0,0,0,0,27590319952.21,19288760484,69.91,0,0,0,1016216467231.15,826959053066.5,81.38,90001328.5,0,0,30504484465.37,11852467838,38.85,46642048825.6,33481791381,71.78,11748721051,4800845630,40.86,7786313880,1681446630,21.59,349362000,135237000,38.71,97120931550.47,51951788479,53.49185561714126,40603385611.62,389065187,0.96,6885880603,1398643442,20.31,168298027400,149148692888,88.62,175183908003,150547336330,85.9367381662829,1329124692396.2402,1029847243062.5,77.48311719390438,,71141005527,3289344225.85,4.62,0,0,0,71141005527,3289344225.85,4.623696560771273,,-0.000244140625,132840700708.7399,,1329124692396.24,1162687943771.24,87.47771751009033,1329124692396.2402,1029847243062.5,77.48311719390438,,19 Desember
8,Kab. Pesisir Selatan,61860668595,55532172206,89.77,110989831088,91010598689,82,17444302505,11922828204,68.35,3260000000,9007877606.49,276.32,193554802188,167473476705.49,86.53,26299085000,23799372800,90.5,895393253000,889367371529,99.33,44880521000,32701912738,72.86,272116241000,209253848856,76.9,1238689100000,1155122505923,93.25,0,0,0,0,0,0,0,0,0,167031704000,90757911480,54.34,167031704000,90757911480,54.34,1405720804000,1245880417403,88.63,101144620504,59930469536,59.25,0,0,0,101144620504,59930469536,59.25,1506865424504,1305810886939,86.66,0,0,0,0,0,0,0,1832112482,0,0,1832112482,0,1700420226692,1475116476126.49,86.75,,948912108991,857983033757,90.42,411254514759,296109443499,72,0,0,0,0,0,0,33419668360,18362436566,54.94,4000000,0,0,1393590292110,1172454913822,84.13,124095000,0,0,38887811209,27776657192,71.43,36745442313,23541188004,64.07,22404120100,10563630646,47.15,13241946633,7022680635,53.03,0,0,0,111403415255,68904156477,61.851027025769255,5000000000,3792893298,75.86,3193744079,1839072901,57.58,259279576900,182540784380,70.4,262473320979,184379857281,70.24708514879951,1772467028344,1429531820878,80.65209665499948,,72046801652,72046129652.08,100,0,0,0,72046801652,72046129652.08,99.99906727307169,,0,117630784900.56999,,1772467028344,1547162605778.57,87.28865366957321,1772467028344,1429531820878,80.65209665499948,,19 Desember
9,Kab. Sijunjung,35424767498,38576828754,108.9,11472300240,6934516252,60.45,21186206693,21099693133,99.59,72384373210,66862331322,92.37,140467647641,133473369461,95.02,0,0,0,0,0,0,0,0,0,0,0,0,751319259000,722221541989,96.13,6986983000,6986983000,100,0,0,0,0,0,0,63528658000,50152691400,78.94,70515641000,57139674400,81.03,821834900000,779361216389,94.83,47787629755,35711561055,74.73,0,0,0,47787629755,35711561055,74.73,869622529755,815072777444,93.73,0,0,0,0,0,0,0,0,0,0,0,0,1010090177396,948546146905,93.91,,570457108873.06,524346452803,91.92,241095127224.78,181888247134.75,75.44,0,0,0,0,0,0,12988113720,8126032637,62.57,645600000,517800000,80.2,825185949817.84,714878532574.75,86.63,0,0,0,30921142571.91,22947760787,74.21,31767787273.48,23681281010,74.54,28797511800,22469783719,78.03,4417460255,1322541733,29.94,245000000,242923500,99.15,96148901900.39,70664290749,73.49464149076607,8050911404,1850229875,22.98,3900372189,2159393809,55.36,121962332900,108586366300,89.03,125862705089,110745760109,87.98933729470497,1055248468211.23,898138813307.75,85.11159602346552,,51158290815.23,50828666289.23,99.36,6000000000,5810000000,96.83,45158290815.23,45018666289.23,99.690810871095,,0,95425999886.48001,,1061248468211.23,999374813194.23,94.16972962785141,1061248468211.23,903948813307.75,85.17786742546598,,19 Desember
10,Kab. Solok,68141157873,47535885050.19,69.76,56973267865,43152283504,75.74,9068840764,9071696960,100.03,11185754697,7915108766.62,70.76,145369021199,107674974280.81,74.07,0,0,0,0,0,0,0,0,0,0,0,0,1005998143110,867677764529,86.25,0,0,0,0,0,0,0,0,0,82730445000,77207788506,93.32,82730445000,77207788506,93.32,1088728588110,944885553035,86.79,68618910363,44501738398,64.85,600000000,0,0,69218910363,44501738398,64.29,1157947498473,989387291433,85.44,0,0,0,0,0,0,0,1092434907,0,0,1092434907,0,1303316519672,1098154700620.81,84.26,,678001964201.23,619974452362.6,91.44,327850458129.93,220434590519.51,67.24,0,0,0,0,0,0,18579559709.44,10070449131.44,54.2,0,0,0,1024431982040.6,850479492013.55,83.02,0,0,0,38324365593.22,24199095081,63.14,34612446832.06,19381818591.05,56,44780420927,25757997921.44,57.52,6895247235,1480183500,21.47,0,0,0,124612480587.28,70819095093.49,56.831462434364674,3939617334,1046682686,26.57,8337775835,1047742186,12.57,155471593500,147313888447,94.75,163809369335,148361630633,90.56968550412495,1316793449296.88,1070706900426.04,81.31168187370304,,13476929624.88,8650000,0.06,0,0,0,13476929624.88,8650000,0.0641837587697355,,0.0001163482666015625,27456450194.77002,,1316793449296.88,1098163350620.81,83.39678111302798,1316793449296.88,1070706900426.04,81.31168187370304,,12 Desember
11,Kab. Solok Selatan,26808113517,23580939122.28,87.96,76337266238,54008949047,70.75,3275945081,3275945081,100,14422330499,12650379604.5,87.71,120843655335,93516212854.78,77.39,52692333000,43307660800,82.19,422502759000,370276265556,87.64,27521099000,19510741365,70.89,112728849000,78201453803,69.37,615445040000,511296121524,83.08,7294478000,7294478000,100,0,0,0,0,0,0,43100516000,42087151224,97.65,50394994000,49381629224,97.99,665840034000,560677750748,84.21,39473038082,31419448002,79.6,16500000000,16368427560,99.2,55973038082,47787875562,85.38,721813072082,608465626310,84.3,0,0,0,0,0,0,0,970168450,0,0,970168450,0,842656727417,702952007614.78,83.42,,406762469694,323892470359,79.63,249908131052,154429554633.45,61.79,0,0,0,0,0,0,10043742976,6851030976,68.21,218300000,8700000,3.99,666932643722,485181755968.45,72.75,324169456,27723456,8.55,20249139802,8585982704,42.4,52441784183,31032363076.9,59.17,27953787885,19243470108,68.84,3163334548,1063246948,33.61,0,0,0,104132215874,59952786292.9,57.57371605867188,400000000,137855806,34.46,2862712022,610019087,21.31,90263651500,84901931105,94.06,93126363522,85511950192,91.82356849121336,864591223118,630784348259.3501,72.9575239018197,,22071037145,64478838942,292.14,0,0,0,22071037145,64478838942,292.1423153719222,,136541444,136646498297.42993,,864727764562,767430846556.78,88.74826020481687,864591223118,630784348259.3501,72.9575239018197,,2025-11-30 00:00:00
12,Kab. Tanah Datar,53057468625,46671804876.08,87.96,100681137660,92322041892,91.7,26875324215,26876336068,100,5273417305.17,5128832801.56,97.26,185887347805.17,170999015637.64,91.99,0,0,0,0,0,0,0,0,0,0,0,0,0,0,0,0,0,0,0,0,0,0,0,0,0,0,0,0,0,0,1042818009160,1030124706165,98.78,0,0,0,0,0,0,53275524546.64,45595892476,85.59,1096093533706.64,1075720598641,98.14,1500000000,1039387906,69.29,0,0,0,6421450552,10472950552,163.09,7921450552,11512338458,145.33,1289902332063.81,1258231952736.64,97.54,,718862730233.87,611109379775,85.01,321840399150,248040387272,77.07,0,0,0,485000000,15631667,3.22,20996401006,12694716253,60.46,2774222100,0,0,1064958752489.87,871860114967,81.87,0,0,0,62462482755,53560401263,85.75,30637610215,23435041877,76.49,7940310000,4185786001,52.72,6050727409,2154256100,35.6,584600000,0,0,107675730379,83335485241,77.39486414224771,3119252998,877760718,28.14,8690137019,4318956410,49.7,144264750900,141426555002,98.03,152954887919,145745511412,95.28659946400808,1328708623785.87,1101818872338,82.92404012541166,,43806291722.06,0,0,5000000000,0,0,38806291722.06,0,0,,-6.103515625e-05,156413080398.6399,,1333708623785.87,1258231952736.64,94.34084254213025,1333708623785.87,1101818872338,82.61316247700138,,19 Desember
13,Kota Bukit Tinggi,68846342374,76614223067,111.28,80894220557,57142794902,70.64,10017289316,10017289316,100,5953880393,7315134026.22,122.86,165711732640,151089441311.22,91.18,0,0,0,0,0,0,0,0,0,0,0,0,0,0,0,0,0,0,0,0,0,0,0,0,0,0,0,0,0,0,554686651411,548812912791,98.94,0,0,0,0,0,0,33760208681,32366961710,95.87,588446860092,581179874501,98.77,0,0,0,0,4000000000,0,0,0,0,0,4000000000,0,754158592732,736269315812.22,97.63,,374809459738.8,327251594926,87.31,320840326503.2,209667526159.18,65.35,0,0,0,2500000000,1743052141,69.72,23265237104,21721337156.9,93.36,1810000000,1810000000,100,723225023346,562193510383.08,77.73,0,0,0,17608789338,6245966103,35.47,23192245064,10999082761.87,47.43,8201686756,4222226431.56,51.48,1322632550,1084421700,81.99,3798998,0,0,50329152706,22551696996.430004,44.80841775375547,10039770069.89,0,0,0,0,0,3648920000,2769180000,75.89,3648920000,2769180000,75.89040044725563,787242866121.89,587514387379.51,74.62936949479378,,35363273389.89,35363273389.89,100,2279000000,0,0,33084273389.89,35363273389.89,106.88846925287598,,0,184118201822.59998,,789521866121.89,771632589202.11,97.73416320846798,789521866121.89,587514387379.51,74.4139475535193,,19 Desember
14,Kota Padang,695363731133,693263560820.5,99.7,114519363316,88078803767,76.91,23290287153,23640612561.26,101.5,64518755037,69769196471.83,108.14,897692136639,874752173620.59,97.44,99001711000,80698672600,81.51,1299714807000,1248152930330,96.03,43399953000,26218328130,60.41,381485398000,353504852391,92.67,1823601869000,1708574783451,93.69,16374531000,16374531000,100,0,0,0,0,0,0,0,0,0,16374531000,16374531000,100,1839976400000,1724949314451,93.75,90009017752.59,82032453428,91.14,600000000,600000000,100,90609017752.59,82632453428,91.2,1930585417752.59,1807581767879,93.63,930000000,0,0,0,0,0,0,0,0,930000000,0,0,2829207554391.59,2682333941499.59,94.81,,1435952356550.15,1296908110217,90.32,927656937660.86,716207769461,77.21,2240643397,1086672921,48.5,52129785815,34191893875,65.59,70587373450,66591531691,94.34,22918543000,14208851100,62,2511485639873.01,2129194829265,84.78,17498010641,65280000,0.37,161877743291.9,129873011245,80.23,139928786222.14,95298623709,68.11,134095162540.25,90985704178,67.85,11998309561,9103493834,75.87,479471000,186086000,38.81,465877483256.29004,325512198966,69.8707730390413,14496238978,10199531753,70.36,0,0,0,0,0,0,0,0,0,2991859362107.3,2464906559984,82.38711321804433,,173423285527.71,135999235677.71,78.42,10771477812,9873854661,91.67,162651807715.71,126125381016.71,77.5431781472466,,0,343552762532.29987,,3002630839919.3,2818333177177.3,93.86212716222707,3002630839919.3,2474780414645,82.42040219341494,,12 Desember
15,Kota Padang Panjang,20372697142,16434280243,80.67,75740473872,58884877961,77.75,7991779256,7991779256,100,8637399200,8113826495.76,93.94,112742349470,91424763955.76,81.09,0,0,0,0,0,0,0,0,0,0,0,0,0,0,0,0,0,0,0,0,0,0,0,0,0,0,0,0,0,0,436422735880,429766837896,98.47,0,0,0,0,0,0,30630725097,19947016937,65.12,467053460977,449713854833,96.29,0,0,0,0,0,0,0,5454223,0,0,5454223,0,579795810447,541144073011.76,93.33,,294085066825.06,261937892491,89.07,210400254118.88,162707053201.53,77.33,0,0,0,134546684,60700008,45.11,7432184916,6897426756.47,92.8,8199521818,6961725000,84.9,520251574361.94,438564797457,84.3,0,0,0,17504332304,10226365367,58.42,24016356885,8883294343.1,36.99,21826707861,6011860127.54,27.54,903244705,825204156,91.36,195000000,0,0,64445641755,25946723993.64,40.26140990616627,950000000,685000000,72.11,0,0,0,600000000,0,0,600000000,0,0,586247216116.94,465196521450.64,79.35159582196572,,6451405669.94,6451405669.94,100,0,0,0,6451405669.94,6451405669.94,100,,5.817413330078125e-05,82398957231.06,,586247216116.94,547595478681.7,93.40692179465634,586247216116.94,465196521450.64,79.35159582196572,,19 Desember
16,Kota Pariaman,24153192141,21600688823,89.43,12987038800,10501792703,80.86,11365010955,11365010955,100,18208414779,10346436184.89,56.82,66713656675,53813928665.89,80.66,11720132358,8831059606,75.35,412300209000,387753278545,94.05,2217951000,2188772651,98.68,67399937000,59439400323,88.19,493638229358,458212511125,92.82,6963163000,6963163000,100,0,0,0,0,0,0,41027669000,40945791400,99.8,47990832000,47908954400,99.83,541629061358,506121465525,93.44,43165753064,22195982502,51.42,0,0,0,43165753064,22195982502,51.42,584794814422,528317448027,90.34,0,0,0,0,0,0,0,0,0,0,0,0,651508471097,582131376692.89,89.35,,338992439397.14,295407123142,87.14,179810154298.75,139270319002.8,77.45,0,0,0,0,0,0,7567876000,5915016000,78.16,0,0,0,526370469695.89,440592458144.8,83.7,8000000000,0,0,12284428388,8780516570,71.48,5477909000,4019544267.55,73.38,7648905865,5110880143.49,66.82,1304460950,533610500,40.91,99000000,0,0,34814704203,18444551481.04,52.97919917254568,1000000000,222225000,22.22,2884022614.11,480870709,16.67,86147807295,84430438127,98.01,89031829909.11,84911308836,95.37185624813449,651217003808,544170543461.83997,83.56209071320244,,2644532711,2644532711.54,100,2936000000,2936000000,100,-291467289,-291467288.46000004,99.99999981473051,,0,37669365942.59005,,654153003808,584775909404.43,89.39436278673226,654153003808,547106543461.83997,83.63586810379012,,19 Desember
17,Kota Payakumbuh,41080651214,43318003375,105.45,92534636288,82563577219,89.22,13275525706,11275525706,84.93,11100138838,11002679514.93,99.12,157990952046,148159785814.93,93.78,0,0,0,0,0,0,0,0,0,0,0,0,0,0,0,0,0,0,0,0,0,0,0,0,0,0,0,0,0,0,574958593689,564063514223,98.11,0,0,0,0,0,0,29845507780,27204361070,91.15,604804101469,591267875293,97.76,0,0,0,0,4000000000,0,0,0,0,0,4000000000,0,762795053515,743427661107.93,97.46,,427783039819,349453050738,81.69,287002812574,243578587547,84.87,0,0,0,0,0,0,22270963163,22065378468,99.08,1024500000,964700000,94.16,738081315556,616061716753,83.47,1647190400,1467264730,89.08,46700361892,31622030191,67.71,29429352556,16588284681,56.37,26167197162,23468779079,89.69,2234682040,1211940160,54.23,23000000,22977000,99.9,106201784050,74381275841,70.03768957966012,6726011484,0,0,0,0,0,0,0,0,0,0,0,851009111090,690442992594,81.1322679859042,,88214057575,88214057575,100,0,0,0,88214057575,88214057575,100,,0,141198726088.93005,,851009111090,831641718682.93,97.72418506985623,851009111090,690442992594,81.1322679859042,,19 Desember
18,Kota Sawahlunto,15641347548,15925712506,101.82,34810753253,27777315904,79.8,17289759395,17289759395,100,4384174701,3905457859,89.08,72126034897,64898245664,89.98,0,0,0,0,0,0,0,0,0,0,0,0,0,0,0,0,0,0,0,0,0,0,0,0,0,0,0,0,0,0,496711759000,452125371924,91.02,0,0,0,0,0,0,15155878015.2,20678540957,136.44,511867637015.2,472803912881,92.37,149850000,0,0,0,0,0,0,0,0,149850000,0,0,584143521912.2,537702158545,92.05,,315314578922,288419674745,91.47,196685170464,154474779159.88,78.54,1150000000,821173862,71.41,0,0,0,7300118890,6681608726,91.53,2689145000,2617200000,97.32,523139013276,453014436492.88,86.6,0,0,0,5561572402,4465674236,80.3,1048650000,369159850,35.2,15048022630,13211161498.4,87.79,1238914066,555738151,44.86,384000000,0,0,23281159098,18601733735.4,79.90037633907157,1967435630,0,0,1892817000,876460800,46.3,59745997900,55687870916,93.21,61638814900,56564331716,91.76739008977928,610026422904,528180501944.28,86.58321707277914,,27549567660.8,26308218370.96,95.49,1666666669,1166666668,70,25882900991.8,25141551702.96,97.1357565789288,,-4.9591064453125e-05,34663208303.67997,,611693089573,564010376915.96,92.20479788478147,611693089573,529347168612.28,86.53803314694915,,19 Desember
19,Kota Solok,21525690981,22775932453,105.81,14891877884,10368593569,69.63,21027614641,21027614641,100,3017687437,4372861883.02,144.91,60462870943,58545002546.02,96.83,0,0,0,0,0,0,0,0,0,0,0,0,0,0,0,0,0,0,0,0,0,0,0,0,0,0,0,0,0,0,491645379323,483951119035,98.43,0,0,0,0,0,0,23231861472.87,22512078080,96.9,514877240795.87,506463197115,98.37,0,0,0,0,0,0,0,0,0,0,0,0,575340111738.87,565008199661.02,98.2,,296454252248.8,274946129979.2,92.74,188352500631.07,127606629795.16,67.75,4973462976,3318572820,66.73,0,0,0,6718045548,4804613421,71.52,0,0,0,496498261403.87,410675946015.36,82.71,1470000000,0,0,21287675123,12990710536,61.02,10346878350,6868945856,66.39,17989018034,7610178196,42.3,1661093020,24303500,1.46,0,0,0,52754664527,27494138088,52.11698024148825,1250000000,1678814119,134.31,0,0,0,0,0,0,0,0,0,550502925930.87,439848898222.36,79.89946601620687,,912814192,912814192,100,25750000000,24222543328,94.07,-24837185808,-23309729136,93.8501218140905,,0,101849572302.66003,,576252925930.87,565921013853.02,98.20705256096358,576252925930.87,464071441550.36,80.53259613401636,,19 Desember
IV,Prov. Riau,3762826296737,2694361356367.01,71.6,12501197400,10821031708,86.56,815127007731,144461802436,17.72,610461346386,499264366641.65,81.78,5200915848254,3348908557152.66,64.39,1516473508000,1296820105400,85.52,1610759408000,1382502483554,85.83,1135191294000,1029242200654,90.67,0,0,0,4262424210000,3708564789608,87.01,0,0,0,0,0,0,0,0,0,0,0,0,0,0,0,4262424210000,3708564789608,87.01,0,0,0,0,0,0,0,0,0,4262424210000,3708564789608,87.01,9254860000,5923370000,64,0,0,0,0,0,0,9254860000,5923370000,64,9472594918254,7063396716760.66,74.57,,3483264978369.22,3089067447590,88.68,2960084902315.73,1754931965899.06,59.29,0,0,0,0,0,0,283734876501,242464105745,85.45,31154711714,15354804000,49.29,6758239468899.95,5101818323234.06,75.49,87068400,0,0,360314130471,122355699519,33.96,224206058301,96106481611.29,42.87,447256413668,190494218313,42.59,60415472389,23330704501,38.62,988878080,368657991,37.28,1093268021309,432655761935.29,39.574537396352206,20136304247.53,0,0,1377510698097.52,1080642227632.35,78.45,223440425700,39725839600,17.78,1600951123797.52,1120368067232.35,69.9814035905601,9472594918254,6654842152401.699,70.25363387573557,,0,-21115333975.48,0,0,0,0,0,-21115333975.48,0,,0,387439230383.48096,,9472594918254,7042281382785.18,74.34374048038805,9472594918254,6654842152401.699,70.25363387573557,,12 Desember
1,Kab. Bengkalis,248532500000,200930611883.93,80.85,189321759798,167990324888.58,88.73,62844226430,27456226430,43.69,37544346661,27198716688.56,72.44,538242832889,423575879891.07,78.7,3033703380174,2206826345400,72.74,453843312000,400254695266,88.19,332087107337,261349245223,78.7,0,0,0,3819633799511,2868430285889,75.1,7845178000,7845178000,100,0,0,0,0,0,0,136787632000,131589434202,96.2,144632810000,139434612202,96.41,3964266609511,3007864898091,75.87,143310578053,58451234694,40.79,9940000000,9932000000,99.92,153250578053,68383234694,44.62,4117517187564,3076248132785,74.71,0,0,0,0,0,0,0,0,0,0,0,0,4655760020453,3499824012676.07,75.17,,1404602869663.95,1193892466083,85,1486242269090.55,1043827678598.87,70.23,0,0,0,4490882000,0,0,125166969929,75707201816.13,60.48,24789400000,571900000,2.31,3045292390683.5,2313999246498,75.99,0,0,0,211289935863,120931137299,57.23,127319145647,74159800094.11,58.25,541162095142,365084180927.28,67.46,28605215347,21019204518,73.48,942416700,484416700,51.4,909318808699,581678739538.39,63.96862508217792,2656545588.72,0,0,41490070335,15211865162,36.66,663613547124,466104351656,70.24,705103617459,481316216818,68.26177102204235,4662371362430.221,3376994202854.39,72.43082844207763,,6611341977.22,5433614707.22,82.19,0,0,0,6611341977.22,5433614707.22,82.18626000503423,,-0.0007028579711914062,128263424528.89969,,4662371362430.22,3505257627383.29,75.18186250947213,4662371362430.221,3376994202854.39,72.43082844207763,,12 Desember
2,Kab. Indragiri Hilir,83190000000,67579647941,81.24,170070282744.22,135240553776,79.52,16660733802,12871420743,77.26,41501568659.1,22893627012.97,55.16,311422585205.32,238585249472.97,76.61,0,0,0,0,0,0,0,0,0,0,0,0,0,0,0,0,0,0,0,0,0,0,0,0,0,0,0,0,0,0,1875170845008,1558186513853,83.1,0,0,0,0,0,0,135971292883,74186376553,54.56,2011142137891,1632372890406,81.17,0,0,0,0,0,0,0,0,0,0,0,0,2322564723096.32,1870958139878.97,80.56,,973354156716.67,787073501870,80.86,715781955880.03,503847786269.84,70.39,0,0,0,22650000,22650000,100,52009559200,24438251827.58,46.99,40500000,0,0,1741208821796.7,1315382189967.42,75.54,800000000,0,0,95287390612.32,42737297173.97,44.85,73477672041,26104588316.69,35.53,96478107653.2,27947745836.13,28.97,5811199471,1864316050,32.08,210000000,186487184,88.8,272064369777.52002,98840434560.79001,36.329797481976975,26343815289.36,561378000,2.13,5239094000,3574117393,68.22,310693398000,239223289580,77,315932492000,242797406973,76.85104037130819,2355549498863.58,1657581409501.21,70.36920303737618,,32984775767.26,33050489839.26,100.2,0,0,0,32984775767.26,33050489839.26,100.19922546226682,,-0.000255584716796875,246427220217.02002,,2355549498863.5796,1904008629718.23,80.83076287026901,2355549498863.58,1657581409501.21,70.36920303737618,,12 Desember
3,Kab. Indragiri Hulu,124655509181,96388632534.77,77.32,4142412500,3554550750,85.81,1306430140,1213752228,92.91,67599136700,50555196317.98,74.79,197703488521,151712131830.75,76.74,241980140000,217397275400,89.84,732360718100,683735376173,93.36,251071306000,215038398335,85.65,0,0,0,1225412164100,1116171049908,91.09,14190971000,14190971000,100,0,0,0,0,0,0,154747025000,137084573876,88.59,168937996000,151275544876,89.55,1394350160100,1267446594784,90.9,121524497277,73720411509,60.66,1656000000,1613633600,97.44,123180497277,75334045109,61.16,1517530657377,1342780639893,88.48,0,0,0,0,0,0,24704457193,19515452520,79,24704457193,19515452520,79,1739938603091,1514008224243.75,87.02,,873697204108,794808154888,90.97,463258739264,349681266431,75.48,0,0,0,0,0,0,18844828100,12457890000,66.11,200000000,200000000,100,1356000771472,1157147311319,85.34,0,0,0,25634006314,10433091824,40.7,45998142363,21632018738,47.03,75864114347,40129011313,52.9,16886816770,14949504770,88.53,0,0,0,164383079794,87143626645,53.01252826884969,2000000000,503787634,25.19,6372666429,5048382340,79.22,239752975282,213301981219,88.97,246125641711,218350363559,88.7150002092778,1768509492977,1463145089157,82.73323354877964,,28570889886,28570889886.73,100,0,0,0,28570889886,28570889886.73,100.00000000255504,,0,79434024973.48,,1768509492977,1542579114130.48,87.22481390437986,1768509492977,1463145089157,82.73323354877964,,12 Desember
4,Kab. Kampar,294973080633,288994172479,97.97,133814876462,99354777684.14,74.25,36158848428,22664774396,62.68,12100782657,16022471725.05,132.41,477047588180,427036196284.19,89.52,0,0,0,0,0,0,0,0,0,0,0,0,0,0,0,0,0,0,0,0,0,0,0,0,0,0,0,0,0,0,2374567557000,2043242233204,86.05,0,0,0,0,0,0,165184038852,116894472192,70.77,2539751595852,2160136705396,85.05,0,0,0,0,0,0,0,1800000,0,0,1800000,0,3016799184032,2587174701680.19,85.76,,1436755972888,1313414216385,91.42,816770761138,627732477316.74,76.86,0,0,0,25000000,0,0,82903913000,69027045276.43,83.26,6503850000,5806250000,89.27,2342959497026,2015979988978.17,86.04,1709000000,249014854,14.57,77104843422,61965039055,80.36,82211114782,70733020064.66,86.04,138316721618,119800487464,86.61,16395902020,14259383874,86.97,699500000,445813370,63.73,316437081842,267452758681.66,84.52004332892997,3556169157,60207000,1.69,19033313707,10757418151,56.52,406831720750,343832187637,84.51,425865034457,354589605788,83.26337621028694,3088817782482,2638082560447.83,85.40751660423346,,72018598451.33,72018598451.33,100,0,0,0,72018598451.33,72018598451.33,100,,1.3300018310546875,21110739683.689865,,3088817782483.33,2659193300131.52,86.09097355019748,3088817782482,2638082560447.83,85.40751660423346,,12 Desember
5,Kab. Kep. Meranti,38994384750,21600521363.15,55.39,69923912397,61060413161.18,87.32,125735602065,11377682707,9.05,29978880682.12,10075139401,33.61,264632779894.12,104113756632.33,39.34,230489388000,191027869600,82.88,409825434000,402855354000,98.3,15151875000,10976328895,72.44,139616454000,91500205302,65.54,795083151000,696359757797,87.58,0,0,0,0,0,0,0,0,0,88382978000,65136117800,73.7,88382978000,65136117800,73.7,883466129000,761495875597,86.19,67533719178,46939292347,69.5,908000000,902240000,99.37,68441719178,47841532347,69.9,951907848178,809337407944,85.02,0,0,0,0,0,0,0,0,0,0,0,0,1216540628072.12,913451164576.33,75.09,,483720278567,387923484369.53,80.2,385327379111,257371416948.87,66.79,0,0,0,0,0,0,39236397561,22653800971.01,57.74,8781226667,5754811666.36,65.54,917065281906,673703513955.77,73.46,0,0,0,34550968121,18298353364,52.96,42372222569,29416881061.49,69.42,46217595956,34575296714.43,74.81,3686323500,859187800,23.31,0,0,0,126827110146,83149718939.92001,65.56147092226597,10519394688,8942594688,85.01,1980965900,0,0,162711409960,116698692061,71.72,164692375860,116698692061,70.85858798964806,1219104162600,882494519644.6901,72.38877092853018,,2563534527.88,0,0,0,0,0,2563534527.88,0,0,,0.00011730194091796875,30956644931.639893,,1219104162600,913451164576.33,74.92806542700997,1219104162600,882494519644.6901,72.38877092853018,,12 Desember
6,Kab. Kuantan Singingi,132671979848,76254844253.6,57.48,14592787000,3397319562,23.28,7240308970,2883977087,39.83,125857251266.33,58519106524.2,46.5,280362327084.33,141055247426.8,50.31,193329122000,176662336400,91.38,660018278000,579429519500,87.79,27643763521,19763000248,71.49,197655835473,9067875951,4.59,1078646998994,784922732099,72.77,0,0,0,0,0,0,0,0,0,175284694000,162257201524,92.57,175284694000,162257201524,92.57,1253931692994,947179933623,75.54,207105741528,76984872510,37.17,6096000000,3558800000,58.38,213201741528,80543672510,37.78,1467133434522,1027723606133,70.05,0,0,0,0,0,0,0,8531000,0,0,8531000,0,1747495761606.33,1168787384559.8,66.88,,686486967421.4,478771467520,69.74,482823125201.28,254802047096.61,52.77,2471375000,2098066303,84.89,0,0,0,34690596494,10010738000,28.86,64000000,0,0,1206536064116.68,745682318919.61,61.8,0,0,0,77327315605.96,24184473688,31.28,56615450438.79,30251024790,53.43,102194872407.62,61591124525.83,60.27,806494000,0,0,257555530,247555530,96.12,237201687982.37,116274178533.83,49.01911935064816,5412589671.05,0,0,16122824370,9165788000,56.85,296101426224,226668855708,76.55,312224250594,235834643708,75.53373681234868,1761374592364.0999,1097791141161.44,62.32581904613461,,63878830757.77,63878830757.77,100,50000000000,33333333336,66.67,13878830757.769997,30545497421.769997,220.08696521260802,,0.00022125244140625,101541740820.1301,,1811374592364.1,1232666215317.57,68.0514246205014,1811374592364.0999,1131124474497.44,62.44564096602253,,2025-11-30 00:00:00
7,Kab. Pelalawan,227221225449,166298662964.5,73.19,11307036600,6425645276,56.83,11931298389,7082883846,59.36,84588833431,42719529097.91,50.5,335048393869,222526721184.41,66.42,0,0,0,0,0,0,0,0,0,0,0,0,0,0,0,0,0,0,0,0,0,0,0,0,0,0,0,0,0,0,1401147272309,1254262176688,89.52,0,0,0,0,0,0,166608480228,84406899456,50.66,1567755752537,1338669076144,85.39,0,0,0,0,0,0,0,10623007388,0,0,10623007388,0,1902804146406,1571818804716.41,82.61,,744716249249,667336187721.34,89.61,645823911371,467503928830.71,72.39,0,0,0,523950000,249900000,47.7,42951279933,24033480360.53,55.96,7718275000,4377400000,56.71,1441733665553,1163500896912.58,80.7,0,0,0,32864476889,23387669872.01,71.16,47234293697,26125194231.31,55.31,106862936946,44091857911.84,41.26,12760648019,6299628049,49.37,189600000,0,0,199911955551,99904350064.16,49.97417477549169,1627944192,1215560625,74.67,29199106547,7787524272,26.67,238353195157,186518107983,78.25,267552301704,194305632255,72.62342017523189,1910825867000,1458926439856.74,76.35056993169435,,8021720594,8021720594.24,100,0,0,0,8021720594,8021720594.24,100.00000000299187,,0,120914085453.90993,,1910825867000,1579840525310.65,82.67841421840298,1910825867000,1458926439856.74,76.35056993169435,,12 Desember
8,Kab. Rokan Hilir,134811988432,128229438693,95.12,7235222665,1796702799,24.83,50516286128,48315466354,95.64,123760253083,24370644818.31,19.69,316323750308,202712252664.31,64.08,0,0,0,0,0,0,0,0,0,0,0,0,0,0,0,0,0,0,0,0,0,0,0,0,0,0,0,0,0,0,2105109613000,1663584107727,79.03,158411949701,53127575813,33.54,2660400000,2562240000,96.31,161072349701,55689815813,34.57,2266181962701,1719273923540,75.87,0,0,0,0,0,0,0,0,0,0,0,0,2582505713009,1921986176204.31,74.42,,1025289335115.15,851191064175,83.02,840334185347.25,551654894380.35,65.65,0,0,0,0,0,0,68515012950,29837097268,43.55,44254891273,22091250718,49.92,1978393424685.4,1454774306541.35,73.53,150000000,0,0,56729709176.59,32670010551,57.59,60886510178,28291649850.22,46.47,173457557939,89463607269,51.58,13836934510,6089228076,44.01,0,0,0,305060711803.58997,156514495746.22,51.30601538981203,7714846140,5147441271,66.72,14204721110,0,0,291452944000,185350285776,63.6,305657665110,185350285776,60.63982910727796,2596826647738.9897,1801786529334.57,69.38416666754992,,14320934729.99,0,0,0,0,0,14320934729.99,0,0,,0.0002536773681640625,120199646869.73999,,2596826647738.99,1921986176204.31,74.01287944567838,2596826647738.9897,1801786529334.57,69.38416666754992,,12 Desember
9,Kab. Rokan Hulu,202223942803,145070703059,71.74,8424200000,5523512860,65.57,4962867378,1570252953,31.64,100715029628.11,80478191888.03,79.91,316326039809.11,232642660760.03,73.55,317675378000,295023653200,92.87,816121391000,793795707926,97.26,18344801000,12470502785,67.98,298307673000,236626088377,79.32,1450449243000,1337915952288,92.24,7175734000,0,0,0,0,0,0,0,0,141086337000,139416211956,98.82,148262071000,139416211956,94.03,1598711314000,1477332164244,92.41,118764395203,71801276630,60.46,6132000000,1700850000,27.74,124896395203,73502126630,58.85,1723607709203,1550834290874,89.98,0,0,0,0,0,0,7822151300,7822151300,100,7822151300,7822151300,100,2047755900312.11,1791299102934.03,87.48,,904488452281.99,793475385086,87.73,534929421673.92,352088359347.54,65.82,0,0,0,200000000,0,0,35433689125,19412084563,54.78,243000000,45000000,18.52,1475294563080.91,1165020828996.54,78.97,0,0,0,37227537541,18734943380,50.33,58166924292,35962653410,61.83,190091501644,114217128253,60.09,7599810560,2296497070,30.22,250506500,137815000,55.01,293336280537,171349037113,58.413857569652684,15773615411.52,3517363592,22.3,20538229908,7323026175,35.66,252902334100,214000358301,84.62,273440564008,221323384476,80.94021648870091,2057845023037.43,1561210614177.54,75.86628714504238,,10089122725.32,10089622725.32,100,0,0,0,10089122725.32,10089622725.32,100.00495583227216,,0.00017547607421875,240178111481.81,,2057845023037.4302,1801388725659.35,87.53762822238458,2057845023037.43,1561210614177.54,75.86628714504238,,19 Desember
10,Kab. Siak,232830000000,190144621989.8,81.67,119134561462,108578764297,91.14,231978123419,30183121222,13.01,22080000000,8424133582,38.15,606022684881,337330641090.8,55.66,0,0,0,0,0,0,0,0,0,0,0,0,1829315024501,1684188784622,92.07,0,0,0,0,0,0,0,0,0,0,0,0,0,0,0,1829315024501,1684188784622,92.07,190761314904.86,85673314304,44.91,720000000,348000000,48.33,191481314904.86,86021314304,44.92,2020796339405.86,1770210098926,87.6,0,0,0,0,0,0,0,0,0,0,0,0,2626819024286.86,2107540740016.8,80.23,,1055040978309.87,892514106302,84.6,936731260942.41,664712984078.65,70.96,0,0,0,96200000,53806723,55.93,70983757604,44737511194,63.02,537000000,375500000,69.93,2063389196856.28,1602393908297.65,77.66,1263214000,1263214000,100,72685534508,50530772301,69.52,65215576172,38432229409,58.93,132058640588,69159260894,52.37,8178923538,5276404588,64.51,0,0,0,279401888806,164661881192,58.93370366809918,1497300000,272000000,18.17,29690834200,20965860000,70.61,254151548800,219983312950,86.56,283842383000,240949172950,84.8883702297553,2628130768662.2803,2008276962439.65,76.41465129461056,,9613905408.08,9613905408.08,100,0,0,0,9613905408.08,9613905408.08,100,,8302161032.65959,108877682985.23015,,2636432929694.94,2117154645424.8801,80.3037551829492,2628130768662.2803,2008276962439.65,76.41465129461056,,12 Desember
11,Kota Dumai,876773675384.41,523503553493,59.71,61839915000,36841100034,59.57,5150000000,1338634719,25.99,159642845159,145957015244.59,91.43,1103406435543.41,707640303490.59,64.13,0,0,0,0,0,0,0,0,0,0,0,0,0,0,0,0,0,0,0,0,0,0,0,0,0,0,0,0,0,0,1054094915156,911756364424,86.5,0,0,0,0,0,0,156994139785,77743267035,49.52,1211089054941,989499631459,81.7,0,0,0,0,0,0,0,0,0,0,0,0,2314495490484.41,1697139934949.59,73.33,,852526328088.33,724692227735,85.01,795802653693.47,550633186297.5,69.19,1204000000,411655692,34.19,0,0,0,68886853626.62,33067827070.42,48,3228900000,444900000,13.78,1721648735408.42,1309249796794.92,76.05,18977769218,14847558650,78.24,74192963771.28,54412524909.36,73.34,209525797475.08,122214182862.32,58.33,259223816579.11,165299621558.68,63.77,7529553275,3119614300,41.43,524300000,349195000,66.6,569974200318.47,360242697280.36,63.20333395425203,490760282.22,323024636,65.82,0,0,0,0,0,0,0,0,0,2292113696009.11,1669815518711.2798,72.85046643273681,,8678746490.59,8678746490.59,100,31060540965.89,31060540965.89,100,-22381794475.3,-22381794475.3,100,,0.000293731689453125,4942621763.0103035,,2323174236975,1705818681440.1802,73.42620515890891,2323174236975,1700876059677.1697,73.21345220717825,,12 Desember
12,Kota Pekanbaru,1185812074991,1055501061887.49,89.01,23356784305,22101735785,94.63,5726581411,3707009998,64.73,84495429709,85048080879.12,100.65,1299390870416,1166357888549.61,89.76,0,0,0,0,0,0,0,0,0,0,0,0,0,0,0,0,0,0,0,0,0,0,0,0,0,0,0,0,0,0,1768676709000,1513812658518,85.59,0,0,0,0,0,0,159294069009,219209143692.35,137.61,1927970778009,1733021802210.35,89.89,0,102108444,0,0,0,0,0,0,0,0,102108444,0,3227361648425,2899481799203.96,89.84,,1077551921642,940125638879,87.25,1575671213372,1057829605180.52,67.14,0,0,0,3605271569,1209598420,33.55,83390196664,41600295185,49.89,440100000,0,0,2740658703247,2040765137664.52,74.46,4918118998,2684774053,54.59,115364799995,58939190306,51.09,87492559443,45889133362.87,52.45,243268798435,92382917841,37.98,14210973768,4726104448,33.26,319316560,170450000,53.38,465574567199,204792570010.87,43.987061244119836,41216683482,64665950,0.16,0,0,0,3000000000,0,0,3000000000,0,0,3250449953928,2245622373625.39,69.08650818978683,,28088305503,28088305503.64,100,5000000000,0,0,23088305503,28088305503.64,121.65598510462503,,0,681947731082.2098,,3255449953928,2927570104707.6,89.92827861399674,3255449953928,2245622373625.39,68.98039918923773,,12 Desember
V,Prov. Kep. Riau,1617238624316,1312871525650.6,81.18,168940551756.24,148450193458,87.87,3100000000,2275536541,73.4,115484556088.19,106676615271.63,92.37,1904763732160.43,1570273870921.23,82.44,0,0,0,0,0,0,0,0,0,0,0,0,0,0,0,0,0,0,0,0,0,0,0,0,0,0,0,0,0,0,2004127111802,1891926556117,94.4,0,0,0,0,0,0,0,0,0,2004127111802,1891926556117,94.4,1324102500,1566210083.13,118.28,0,0,0,0,0,0,1324102500,1566210083.13,118.28,3910214946462.43,3463766637121.36,88.58,,1468712653029.5,1349564277693.04,91.89,1294788524618.62,973602417561.27,75.19,0,0,0,2864494061.38,817119671,28.53,174868035279.01,157724499526.96,90.2,2856445000,1332500000,46.65,2944090151988.51,2483040814452.27,84.34,1000000000,992100000,99.21,88735653121.33,61782337616,69.63,94492416281,60214631797.49,63.72,61989061381,46285475869.1,74.67,21970627692,12918142714,58.8,1125753000,459839000,40.85,269313511475.33002,182652526996.59,67.82152369407636,2281396903.6,0,0,698706050533,628814143568,90,18110000000,11767000000,64.98,716816050533,640581143568,89.36478795245804,3932501110900.44,3306274485016.86,84.07561477483752,,27286164438.01,27309370438.01,100.09,5000000000,5000000000,100,22286164438.01,22309370438.01,100.10412738389573,,0.000232696533203125,179801522542.51,,3937501110900.44,3491076007559.3696,88.66222279645325,3937501110900.44,3311274485016.86,84.09583621068813,,12 Desember
1,Kab. Bintan,261559782900,260111517016.28,99.45,62318804131,49474184433,79.39,9200000000,9400072442,102.17,8567434100,11502731581.9,134.26,341646021131,330488505473.18,96.73,0,0,0,0,0,0,0,0,0,0,0,0,759961419609,717711374908,94.44,27132990000,27132990000,100,0,0,0,0,0,0,31325103000,28887185102,92.22,58458093000,56020175102,95.83,818419512609,773731550010,94.54,47321219470,67590770633,142.83,723000000,723000000,100,48044219470,68313770633,142.19,866463732079,842045320643,97.18,0,0,0,0,0,0,4465721272,3276113911,73.36,4465721272,3276113911,73.36,1212575474482,1175809940027.18,96.97,,617215910514.64,541298615435,87.7,375475455163.06,290091681780,77.26,0,0,0,1000000000,1000000000,100,31373258734.99,23916239765,76.23,9096200000,7976210463,87.69,1034160824412.69,864282747443,83.57,200000000,0,0,43181318986.93,31735962535,73.49,74034784890.91,45189526125,61.04,38670811470.47,24366582258,63.01,3994131771,2070958649,51.85,0,0,0,160081047119.31,103363029567,64.5691863134569,13197692686.87,428199171,3.24,34329975923,34329975923,100,93102570700,90060062330,96.73,127432546623,124390038253,97.61245580455906,1334872110841.87,1092464014434,81.84035051455308,,122296636359.87,122296636359.87,100,0,0,0,122296636359.87,122296636359.87,100,,-0.0001220703125,205642561953.04993,,1334872110841.87,1298106576387.0498,97.24576353373409,1334872110841.87,1092464014434,81.84035051455308,,19 Desember
2,Kab. Karimun,305955324291,277519600962.09,90.71,99207574236,73615757586.3,74.2,3498596008,2707829987,77.4,6335962408,7270838342.45,114.76,414997456943,361114026877.84,87.02,101529744000,78672278400,77.49,470395200000,448236015704,95.29,8204346000,5814453000,70.87,150839244000,118298314797,78.43,730968534000,651021061901,89.06,16051813000,16063449000,100.07,0,0,0,0,0,0,36624884000,36202677740,98.85,52676697000,52266126740,99.22,783645231000,703287188641,89.75,56910363728,62697957198,110.17,5821000000,0,0,62731363728,62697957198,99.95,846376594728,765985145839,90.5,0,0,0,0,0,0,0,0,0,0,0,0,1261374051671,1127099172716.84,89.35,,640124681835.82,568612538900,88.83,374703938166.39,265524032335.5,70.86,0,0,0,300000000,0,0,63662296157.6,35071623272,55.09,0,0,0,1078790916159.81,869208194507.5,80.57,0,0,0,34104476070,19546463785,57.31,37276113909.62,25001133960.86,67.07,43313330380.47,27147221710,62.68,5757377190,2052351300,35.65,1127303000,887005520,78.68,121578600550.09,74634176275.86,61.38759283144648,2993377798.3,1054575671,35.23,2000000,0,0,99673168734.98,74745012426,74.99,99675168734.98,74745012426,74.98859884023351,1303038063243.1802,1019641958880.36,78.25112616760673,,44164011572.18,44164011572.18,100,2500000000,1000000000,40,41664011572.18,43164011572.18,103.60022941478249,,-0.00017547607421875,150621225408.6601,,1305538063243.18,1171263184289.02,89.71497785207441,1305538063243.1802,1020641958880.36,78.17787834886335,,05 Desember
3,Kab. Kep. Anambas,25422015531,18207932706,71.62,4891678070,335104105,6.85,1500000000,1483592937,98.91,21163284059,11845601779.05,55.97,52976977660,31872231527.05,60.16,0,0,0,0,0,0,0,0,0,0,0,0,0,0,0,0,0,0,0,0,0,0,0,0,0,0,0,0,0,0,730006568461.45,579649520404,79.4,51192723229,40889769648,79.87,63000000,63000000,100,51255723229,40952769648,79.9,781262291690.45,620602290052,79.44,0,0,0,0,0,0,156868663,74656322,47.59,156868663,74656322,47.59,834396138013.45,652549177901.05,78.21,,463259087670.04,363724206957.2,78.51,188895836722.48,114893404446,60.82,0,0,0,0,0,0,3394959789,3314699789,97.64,906171000,0,0,656456055181.52,481932311192.2,73.41,147000000,0,0,19836784472.77,13931774132,70.23,32284017574.88,17273034759,53.5,14510780626.14,12243495945,84.38,1038170475,818777200,78.87,36921036,0,0,67853674184.79,44267082036,65.23903468431907,8372465798.43,0,0,4598797819,1234864413,26.85,99014899576,78458506871,79.24,103613697395,79693371284,76.91393443879332,836295892559.7401,605892764512.2,72.44956837677144,,2722061797.29,2441379445.29,89.69,0,0,0,2722061797.29,2441379445.29,89.68861205577923,,822307250.9998388,49097792834.1401,,837118199810.74,654990557346.3401,78.24349745285956,836295892559.7401,605892764512.2,72.44956837677144,,12 Desember
4,Kab. Lingga,159535096984,21644198459.4,13.57,15906767560,13408610232,84.3,1327396316,1327396316,100,5030000000,4978094061.49,98.97,181799260860,41358299068.89,22.75,55596051000,50824788600,91.42,463653664472,397583888173,85.75,10789170000,7980256728,73.97,102622159751,20890523789,20.36,632661045223,477279457290,75.44,7349455000,3674727500,50,0,0,0,0,0,0,59290486000,51596946844,87.02,66639941000,55271674344,82.94,699300986223,532551131634,76.15,36320744968,43811465345,120.62,364000000,364000000,100,36684744968,44175465345,120.42,735985731191,576726596979,78.36,0,0,0,0,0,0,6049592045,4668836425,77.18,6049592045,4668836425,77.18,923834584096,622753732472.89,67.41,,471586188562.1,347769951507,73.74,258849848672.7,156872079583.03,60.6,0,0,0,0,0,0,6184407561,4062030645,65.68,1306000000,1174000000,89.89,737926444795.8,509878061735.03,69.1,182500000,182383665,99.94,16079808498.99,7251471890,45.1,33064074720.28,12979697515.92,39.26,14548535468.93,5002693334.08,34.39,2129384300,331723300,15.58,199000000,0,0,66203302988.2,25747969705,38.89227356162168,3000000000,233321003,7.78,16184186454,8087241972,49.97,111244116200,89389820472,80.35,127428302654,97477062444,76.49561393646968,934558050438,633336414887.03,67.76854734601065,,10723466342,10723466342.46,100,0,0,0,10723466342,10723466342.46,100.00000000428966,,0,140783928.31998444,,934558050438,633477198815.35,67.7836115711012,934558050438,633336414887.03,67.76854734601065,,12 Desember
5,Kab. Natuna,67135486000,52283171888,77.88,34438756109,30933388724,89.82,6601371891,6601371891,100,15165616757,8456865072.04,55.76,123341230757,98274797575.04,79.68,0,0,0,0,0,0,0,0,0,0,0,0,0,0,0,0,0,0,0,0,0,0,0,0,0,0,0,0,0,0,903699923412,753172217832,83.34,53059776000,54523513664,102.76,362000000,338000000,93.37,53421776000,54861513664,102.7,957121699412,808033731496,84.42,0,0,0,0,0,0,7431113425,6249937461,84.1,7431113425,6249937461,84.1,1087894043594,912558466532.04,83.88,,457175169923,431510212276,94.39,305666776852,213219032590.96,69.76,0,0,0,600000000,29375000,4.9,21307909817,9781804712,45.91,1819500000,1127160000,61.95,786569356592,655667584578.96,83.36,2448368634,1574518532.65,64.31,41556090755,25711253964.59,61.87,59335996972,34270027310.02,57.76,81873273701,48594520346.05,59.35,1428317050,814334900,57.01,414480000,284000000,68.52,187056527112,111248655053.31,59.47328156408032,1466005490,829437607.87,56.58,5082902400,4462550900,87.8,111753509000,108585382181,97.17,116836411400,113047933081,96.75745063238051,1091928300594,880793610321.14,80.6640518284942,,4034257000,4106891698.67,101.8,0,0,0,4034257000,4106891698.67,101.80044798013613,,0,35871747909.57002,,1091928300594,916665358230.7101,83.9492261288632,1091928300594,880793610321.14,80.6640518284942,,12 Desember
6,Kota Batam,1951950293317,1811155529283.8,92.79,243307558896,162988491699.1,66.99,9481402255,9481402255,100,159688284938,175653564173.47,110,2364427539406,2159278987411.37,91.32,225730210000,189147990600,83.79,910526305000,884387115532,97.13,20774811000,15918867149,76.63,438586323666,411400532716,93.8,1595617649666,1500854505997,94.06,15396527000,15396527000,100,0,0,0,0,0,0,0,0,0,15396527000,15396527000,100,1611014176666,1516251032997,94.12,307255590619,278104392632,90.51,0,0,0,307255590619,278104392632,90.51,1918269767285,1794355425629,93.54,0,0,0,0,0,0,10580652820,10580652820,100,10580652820,10580652820,100,4293277959511,3964215065860.37,92.34,,1826705463796,1569626080849,85.93,1433558453891,1096287500760.73,76.47,0,0,0,8250000000,6149580,0.07,214320155895,183413318652,85.58,8460000000,8181272000,96.71,3491294073582,2857514321841.73,81.85,0,0,0,231624825473,154851922772,66.85,234912425046,104638775355,44.54,419569434299,281792021206,67.16,24025700638,22988344935,95.68,76000000,75000000,98.68,910208385456,564346064268,62.00185290374704,26320403264,2109738232,8.02,0,0,0,0,0,0,0,0,0,4427822862302,3423970124341.73,77.32852534578647,,134544902791,134544902790.94,100,0,0,0,134544902791,134544902790.94,99.9999999999554,,0,674789844309.5801,,4427822862302,4098759968651.31,92.56829137289354,4427822862302,3423970124341.73,77.32852534578647,,12 Desember
7,Kota Tanjung Pinang,199569747472.05,116218226783,58.23,73191863662.05,52189662135.97,71.31,1591225815,1591225815,100,8779411405.54,7643002402.26,87.06,283132248354.64,177642117136.23,62.74,54420028000,47897437800,88.01,508206163000,506195973386,99.6,16171481000,16020346897,99.07,101689743067,93167966386,91.62,680487415067,663281724469,97.47,7137634000,7137634000,100,0,0,0,0,0,0,0,0,0,7137634000,7137634000,100,687625049067,670419358469,97.5,93731877922,73336518404,78.24,1364000000,1364000000,100,95095877922,74700518404,78.55,782720926989,745119876873,95.2,0,0,0,0,0,0,11390758099,9778055814,85.84,11390758099,9778055814,85.84,1077243933442.64,932540049823.23,86.57,,542244871968.08,498527196917,91.94,391227504674.9,265979826242,67.99,1110503721,0,0,0,0,0,19721000610,17267559536,87.56,0,0,0,954303880973.98,781774582695,81.92,0,0,0,43159580178,32399174701,75.07,23539047240.97,12090206757,51.36,55522051704.1,27076552178,48.77,8008286400,6271935300,78.32,1619397000,1081717695,66.8,131848362523.07,78919586631,59.856326708032604,2000000000,896481572,44.82,0,0,0,0,0,0,0,0,0,1088152243497.05,861590650898,79.17923765235851,,10908310054.41,10908310054.41,100,0,0,0,10908310054.41,10908310054.41,100,,-3.4332275390625e-05,81857708979.63998,,1088152243497.05,943448359877.64,86.70187149967474,1088152243497.05,861590650898,79.17923765235851,,12 Desember
VI,Prov. Jambi,1559706122017,1339072950338.32,85.85,199750378965,176388677453.08,88.3,41696127577,41819949487.87,100.3,155230443826,86664591924.79,55.83,1956383072385,1643946169204.06,84.03,0,0,0,0,0,0,0,0,0,0,0,0,2468628707000,2178775922771,88.26,0,0,0,0,0,0,0,0,0,0,0,0,0,0,0,2468628707000,2178775922771,88.26,0,0,0,0,0,0,0,0,0,2468628707000,2178775922771,88.26,17743387208,9846338535,55.49,0,0,0,0,0,0,17743387208,9846338535,55.49,4442755166593,3832568430510.06,86.27,,1813999151602.19,1380243862549.58,76.09,1148166743681.89,754752451510.61,65.74,0,0,0,2194434000,1641000000,74.78,100729644534,48341009000,47.99,148834526,0,0,3065238808344.08,2184978323060.19,71.28,3171635700,0,0,217305965611.92,116760189572.83,53.73,136446377536,48735548116.45,35.72,99373606107,75270096418,75.74,28766988773,14728782645,51.2,380000000,81930770,21.56,485444573727.92004,255576547522.28,52.64793580029272,4237952009,0,0,729203910444,647068814974,88.74,223160000000,165430000000,74.13,952363910444,812498814974,85.31390218211926,4507285244525,3253053685556.4697,72.17323752713354,,64677180011,0,0,147102079,0,0,64530077932,0,0,,0,579514744953.5903,,4507432346604,3832568430510.06,85.02775273815485,4507432346604,3253053685556.4697,72.17088212111254,,12 Desember
1,Kab. Batanghari,102016942900,48296501687,47.34,43610430500,11462976344,26.28,13782965474.72,12524569913.72,90.87,92080935983.78,72284867018.78,78.5,251491274858.5,144568914963.5,57.48,335645865000,271478801800,80.88,607252211000,528455703089,87.02,22444124000,11948448545,53.24,163493156000,42168700204,25.79,1128835356000,854051653638,75.66,7092642000,7092642000,100,0,0,0,0,0,0,98664747000,77611770570,78.66,105757389000,84704412570,80.09,1234592745000,938756066208,76.04,98071565281,54730406387,55.81,21480000000,12800000000,59.59,119551565281,67530406387,56.49,1354144310281,1006286472595,74.31,0,0,0,0,0,0,4255388331,4267911331,100.29,4255388331,4267911331,100.29,1609890973470.5,1155123298889.5,71.75,,654623330178.57,512982478644,78.36,386663722078.66,286113052758.76,74,1970245615.11,1970245610.11,100,3000000000,3000000000,100,51332880662,36076533754,70.28,3445852964,2765744319,80.26,1101036031498.34,842908055085.87,76.56,14197629350,9011955685,63.48,37794325763,21932365640,58.03,65179455141.34,39832270729.52,61.11,75694649003.79,50124728682,66.22,10270769400,6159182000,59.97,0,0,0,203136828658.13,127060502736.51999,62.549220432281636,7698246366,777000000,10.09,5000000000,0,0,253397170413.47,190304764578.47,75.1,258397170413.47,190304764578.47,73.64816119075799,1570268276935.9402,1161050322400.86,73.9396152526506,,16927450193.44,16927450193.44,100,58814326700,51814326700,88.1,-41886876506.56,-34886876506.56,83.28832182341476,,-2264179972.000183,-40813900017.920105,,1626818423663.94,1172050749082.94,72.04557878335514,1629082603635.9402,1212864649100.86,74.45077655324994,,12 Desember
2,Kab. Bungo,71325466330,38662392669,54.21,144501684186,124504147194.84,86.16,12162719088,12162719088.01,100,6893400392,4459769338.44,64.7,234883269996,179789028290.29,76.54,176758517000,176439578400,99.82,623197180000,578041973132,92.75,35252895000,34131638436,96.82,146941691000,140788951558,95.81,982150283000,929402141526,94.63,7268471000,7268471000,100,0,0,0,0,0,0,121081033000,112087348610,92.57,128349504000,119355819610,92.99,1110499787000,1048757961136,94.44,94608395523,56564964296,59.79,26860000000,16150000000,60.13,121468395523,72714964296,59.86,1231968182523,1121472925432,91.03,1500000000,1047294450,69.82,0,0,0,0,0,0,1500000000,1047294450,69.82,1468351452519,1302309248172.29,88.69,,550273766937.72,490261305445,89.09,497781917476.79,355044298480.7,71.33,0,0,0,1330000000,695469000,52.29,31697028438,24863959930,78.44,9000000,7000000,77.78,1081091712852.51,870872032855.7,80.55,0,0,0,57109624398,31660176852,55.44,46841435132,24837396074,53.02,66712636900,53959546838,80.88,5998832150,1682818600,28.05,0,0,0,176662528580,112139938364,63.47692363817744,474975746.49,289184750,60.88,8916200566,0,0,226703326100,206648041710,91.15,235619526666,206648041710,87.70412394679485,1493848743845,1189949197679.7,79.65660530107644,,25497291326,25497291325.65,100,0,0,0,25497291326,25497291325.65,99.9999999986273,,0,137857341818.24008,,1493848743845,1327806539497.94,88.88493865050313,1493848743845,1189949197679.7,79.65660530107644,,19 Desember
3,Kab. Kerinci,26585699459,21059708943.07,79.21,4444400000,1990153057.74,44.78,10027923331,10035138716.42,100.07,8350000000,9169770308.27,109.82,49408022790,42254771025.5,85.52,0,0,0,0,0,0,0,0,0,0,0,0,0,0,0,0,0,0,0,0,0,0,0,0,0,0,0,0,0,0,1043547639022,903431678869,86.57,0,0,0,0,0,0,90674269224,52395095979,57.78,1134221908246,955826774848,84.27,0,0,0,0,0,0,12372651049,9169970365,74.11,12372651049,9169970365,74.11,1196002582085,1007251516238.5,84.22,,542097857696.74,425372746307,78.47,211427201497.78,119065081355,56.31,0,0,0,42000000,0,0,11650370000,7329478210,62.91,0,0,0,765217429194.52,551767305872,72.11,2493171000,1598204503,64.1,16853041242,8745903465,51.9,48101330580,27771744426,57.74,69683863144,36548671783,52.45,3522561900,3107765100,88.22,160000000,0,0,140813967866,77772289277,55.230521840708946,1240000000,0,0,4008009945,642593945,16.03,328143355900,261896925282,79.81,332151365845,262539519227,79.04213145687177,1239422762905.52,892079114376,71.97536958936766,,43420180820.52,0,0,0,0,0,43420180820.52,0,0,,0,115172401862.5,,1239422762905.52,1007251516238.5,81.26779226462229,1239422762905.52,892079114376,71.97536958936766,,2025-11-21 00:00:00
4,Kab. Merangin,65980000000,65468759481.15,99.23,64937212855,56684304892.21,87.29,8057977542,8057977542.88,100,15559949247,19784197848.07,127.15,154535139644,149995239764.31,97.06,0,0,0,0,0,0,0,0,0,0,0,0,1069369506340,927272626938,86.71,0,0,0,0,0,0,0,0,0,169672646000,156945396374,92.5,169672646000,156945396374,92.5,1239042152340,1084218023312,87.5,71796888671,61064900974,85.05,37750000000,22700000000,60.13,109546888671,83764900974,76.46,1348589041011,1167982924286,86.61,0,0,0,0,0,0,17538340000,12250152756,69.85,17538340000,12250152756,69.85,1520662520655,1330228316806.31,87.48,,761945050847,609441776966.94,79.99,332390476677,248272604935.65,74.69,0,0,0,547105000,364733324,66.67,34062405192,20545790609,60.32,0,0,0,1128945037716,878624905835.59,77.83,0,0,0,37115050316,16998667634,45.8,64445508721,34449906551,53.46,66664032526,36592427761,54.89,5330041320,202162120,3.79,40000000,38961000,97.4,173594632883,88282125066,50.8553309511019,4256212782,0,0,7412127400,0,0,288148180690,257768706974,89.46,295560308090,257768706974,87.21357364924243,1602356191471,1224675737875.5898,76.42968176453384,,81693670816,81693670814.85,100,0,0,0,81693670816,81693670814.85,99.99999999859232,,0,187246249745.57022,,1602356191471,1411921987621.1602,88.11536380840413,1602356191471,1224675737875.5898,76.42968176453384,,19 Desember
5,Kab. Muaro Jambi,106297467813,99195515511,93.32,24002876300,5060261770,21.08,8317805289.76,8317805289.76,100,28811528307,13508484020.56,46.89,167429677709.76,126082066591.32,75.3,0,0,0,0,0,0,0,0,0,0,0,0,0,0,0,0,0,0,0,0,0,0,0,0,0,0,0,0,0,0,1389144733790,948881727378,68.31,0,0,0,0,0,0,96460377152,76405258267,79.21,1485605110942,1025286985645,69.01,0,0,0,0,0,0,0,0,0,0,0,0,1653034788651.76,1151369052236.32,69.65,,663069206208.45,447052569635.96,67.42,442290334971.67,264452834463.11,59.79,0,0,0,2000000000,2000000000,100,33236398572,11221278819,33.76,939200000,261110000,27.8,1141535139752.12,724987792918.07,63.51,200000000,0,0,101762586516,49859842683,49,63737660919.5,18431277453.35,28.92,83057973534.28,25957802592,31.25,7724382986,658874500,8.53,970000000,748800000,77.2,257452603955.78,95656597228.35,37.15503193930793,830696810,0,0,13030034411,4440707000,34.08,261374838979,115630780979,44.24,274404873390,120071487979,43.75705376352682,1674223313907.9001,940715878125.4199,56.18819606147052,,22188525256.14,0,0,1000000000,0,0,21188525256.14,0,0,,-0.0001373291015625,210653174110.90015,,1675223313907.9,1151369052236.32,68.72928777181642,1675223313907.9001,940715878125.4199,56.15465534149904,,2025-11-28 00:00:00
6,Kab. Sarolangun,53671201326,50350577842,93.81,46717887000,25299118518,54.15,11112459330,11112459329.61,100,5697532588,12537568262.91,220.05,117199080244,99299723952.52,84.73,258138198000,254322929600,98.52,580300060000,514004687669,88.58,26564588000,20984512050,78.99,143379993000,75561172501,52.7,1008382839000,864873301820,85.77,7419814000,7419814000,100,0,0,0,0,0,0,127397938000,127397938000,100,134817752000,134817752000,100,1143200591000,999691053820,87.45,46925764433,55152037676,117.53,27340000000,16280000000,59.55,74265764433,71432037676,96.18,1217466355433,1071123091496,87.98,0,5872497813,0,0,0,0,5872473939,0,0,5872473939,5872497813,100,1340537909616,1176295313261.52,87.75,,644849196497.65,526653389012,81.67,369317090254.3,290267563142.39,78.6,0,0,0,3500000000,3500000000,100,32628427192.4,9167399019,28.1,0,0,0,1050294713944.35,829588351173.39,78.99,40000000,40000000,100,51142336383,19043471838,37.24,29086807263.08,13847837907.03,47.61,21146352398.66,16955312776,80.18,4149932350,0,0,190000000,107345000,56.5,105755428394.74,49993967521.03,47.273192761721695,5640047233,3702206000,65.64,5367120200,5059840152,94.27,236516068600,223595499106,94.54,241883188800,228655339258,94.53130678174688,1403573378372.09,1111939863952.42,79.22206854921143,,70035468756.09,70035468755.83,100,7000000000,5000000000,71.43,63035468756.09,65035468755.83,103.17281689056495,,-9.1552734375e-05,129390918064.9301,,1410573378372.09,1246330782017.35,88.35632382738652,1410573378372.09,1116939863952.42,79.1833931561543,,19 Desember
7,Kab. Tanjung Jabung Barat,53624259216,65433915784.6,122.02,46228769016,30844421994,66.72,11612944001,12573181989.21,108.27,35124291362,35448288158.24,100.92,146590263595,144299807926.05,98.44,1007253924000,961258760199,95.43,554801689000,550952179870,99.31,16494303000,16291750307,98.77,163133782000,149984632969,91.94,1741683698000,1678487323345,96.37,0,0,0,0,0,0,0,0,0,97926532000,96986676760,99.04,97926532000,96986676760,99.04,1839610230000,1775474000105,96.51,64854798162,56672331546,87.38,20438186766,14050000000,68.74,85292984928,70722331546,82.92,1924903214928,1846196331651,95.91,0,0,0,0,0,0,0,6690520129.33,0,0,6690520129.33,0,2071493478523,1997186659706.38,96.41,,636862971242,530552077361.37,83.31,516642389625,394835722460.44,76.42,0,0,0,4266121000,4266121000,100,46769551045,32282750780,69.03,9300000000,9100000000,97.85,1213841032912,971036671601.81,80,2005970000,905470000,45.14,67797556506,50690918063.32,74.77,154177468957,122461748485.16,79.43,450613160534,375420576718.58,83.31,8274634347,4877640325,58.95,0,0,0,682868790344,554356353592.06,81.18050809040477,2000000000,19533600,0.98,5037552628,0,0,269926085966,263998043960,97.8,274963638594,263998043960,96.01198373353238,2173673461850,1789410602753.87,82.32196022814364,,102179983327,80000000000,78.29,0,0,0,102179983327,80000000000,78.29322083952702,,0,287776056952.50977,,2173673461850,2077186659706.38,95.56111790307727,2173673461850,1789410602753.87,82.32196022814364,,12 Desember
8,Kab. Tanjung Jabung Timur,36386031010,30605549057.3,84.11,17315808000,3581893201,20.69,9050000000,10582507369.59,116.93,29223575999,26841037953.97,91.85,91975415009,71610987581.86,77.86,0,0,0,0,0,0,0,0,0,0,0,0,941211057163,824828316433,87.63,7383633000,3691816500,50,0,0,0,0,0,0,68317387000,62175636830,91.01,75701020000,65867453330,87.01,1016912077163,890695769763,87.59,50732731990,38306382029,75.51,16360000000,9850000000,60.21,67092731990,48156382029,71.78,1084004809153,938852151792,86.61,0,0,0,0,0,0,0,0,0,0,0,0,1175980224162,1010463139373.86,85.93,,455585640936,383649910481,84.21,352934913290,271252409560.58,76.86,0,0,0,165000000,165000000,100,28880404817,20035383310,69.37,3072620000,2342620000,76.24,840638579043,677445323351.58,80.59,76000000,12390600,16.3,45268359962,32414750871,71.61,35785450172,19332685036,54.02,103838412206,62352848661.55,60.05,6908057200,4189627790,60.65,506902732,321663124,63.46,192383182272,118623966082.55,61.6602577635056,2523705507,0,0,2446917140,0,0,158792309118,129999902698,81.87,161239226258,129999902698,80.62548159961166,1196784693080,926069192132.13,77.37976575793539,,21804468918,0,0,1000000000,0,0,20804468918,0,0,,0,84393947241.72998,,1197784693080,1010463139373.86,84.36099953619721,1197784693080,926069192132.13,77.31516335801746,,12 Desember
9,Kab. Tebo,46556575511.1,47942883530,102.98,37808043760,35697378864.14,94.42,11910000000,11000841618.95,92.37,25844093360,26354562039.54,101.98,122118712631.1,120995666052.63,99.08,0,0,0,0,0,0,0,0,0,0,0,0,0,0,0,0,0,0,0,0,0,0,0,0,0,0,0,0,0,0,1001838075000,996047978273,99.42,0,0,0,0,0,0,95101532343,70752569407,74.4,1096939607343,1066800547680,97.25,0,0,0,0,0,0,0,0,0,0,0,0,1219058319974.1,1187796213732.63,97.44,,450249116282.39,405806281158.1,90.13,370370755429.34,273946599161.52,73.97,6115981227,5660505324,92.55,1200000000,1141534314,95.13,14843499318,5592457318,37.68,0,0,0,842779352256.73,692147377275.62,82.13,115947129,77298089,66.67,44375522128,32434686790,73.09,58202109963,36727569214.48,63.1,116463051459.21,90538087539.08,77.74,7094905148,2827881698,39.86,0,0,0,226251535827.21002,162605523330.56,71.86935670339186,6320769081,0,0,2776726075,1433889530,51.64,205817240000,189452363122,92.05,208593966075,190886252652,91.51091771435364,1283945623239.94,1045639153258.1799,81.43952004911145,,84879531481.84,0,0,19992228216,18326209198,91.67,64887303265.84,-18326209198,-28.243135830315598,,0.000152587890625,123830851276.44995,,1303937851455.9402,1187796213732.63,91.09300818335552,1303937851455.94,1063965362456.1799,81.59632464600874,,12 Desember
10,Kota Jambi,466574801314,473620643088,101.51,40000000000,28507182333.1,71.27,17099673300,17099673300.29,100,82607754748,74820896984.38,90.57,606282229362,594048395705.77,97.98,0,0,0,0,0,0,0,0,0,0,0,0,0,0,0,0,0,0,0,0,0,0,0,0,0,0,0,0,0,0,1239085573000,1159431627660,93.57,0,0,0,0,0,0,134113974000,112107641356,83.59,1373199547000,1271539269016,92.6,0,0,0,0,0,0,0,0,0,0,0,0,1979481776362,1865587664721.77,94.25,,957305433385.3,856616716956,89.48,593868183521.18,474749325655,79.94,0,0,0,0,0,0,50952044261,48162928041,94.53,7594950000,7219978515,95.06,1609720611167.48,1386748949167,86.15,33233190600,0,0,77382309870.52,62591141954,80.89,97569547273,73003491511,74.82,158713457763,138555147436,87.3,13713894138,13607382831,99.22,245225730,44500000,18.15,380857625374.52,287801663732,75.56673269938798,1336314037,1112879625,83.28,0,0,0,150000000,0,0,150000000,0,0,1992064550579,1675663492524,84.11692743776617,,12582774217,12455045797.83,98.98,0,0,0,12582774217,12455045797.83,98.98489461094016,,0,202379217995.6,,1992064550579,1878042710519.6,94.27619752450998,1992064550579,1675663492524,84.11692743776617,,19 Desember
11,Kota Sungai Penuh,22808066628,12764613098,55.97,7793112000,2278843091,29.24,12095926131,12095926131.39,100,59254781000,40890855427.55,69.01,101951885759,68030237747.94,66.73,0,0,0,0,0,0,0,0,0,0,0,0,0,0,0,0,0,0,0,0,0,0,0,0,0,0,0,0,0,0,675181153540.73,562366648814,83.29,34096357223,36537563040,107.16,9370000000,7300000000,77.91,43466357223,43837563040,100.85,718647510763.73,606204211854,84.35,0,0,0,0,0,0,4558223000,3785638839,83.05,4558223000,3785638839,83.05,825157619522.73,678020088440.94,82.17,,409539458458.28,360273930991.28,87.97,218425914497.22,154741214332.27,70.84,0,0,0,80000000,80000000,100,4939614100,3559621567,72.06,200000000,200000000,100,633184987055.5,518854766890.55,81.94,2253631524,75266605,3.34,17874705968,11852192729,66.31,19984876285,7468481658.46,37.37,37183572868.32,19550200292.16,52.58,8869890700,3570878878,40.26,500000000,0,0,86666677345.32,42517020162.619995,49.05809414293406,850000000,0,0,2230105598,1393741099,62.5,107930738100,90842348842,84.17,110160843698,92236089941,83.72856166013058,830862508098.8201,653607876994.1699,78.66618972731791,,5704888576.09,5704888576.09,100,0,0,0,5704888576.09,5704888576.09,100,,-8.7738037109375e-05,30117100022.86002,,830862508098.82,683724977017.0299,82.29098922534484,830862508098.8201,653607876994.1699,78.66618972731791,,12 Desember
VII,Prov. Bengkulu,983381540059,683286429127.15,69.48,197616166935,168289109390,85.16,16356026932,15077712619.95,92.18,43947598992,56540468474.67,128.65,1241301332918,923193719611.77,74.37,0,0,0,0,0,0,0,0,0,0,0,0,1772826385694,1528824396530,86.24,6565019000,6565019000,100,0,0,0,0,0,0,0,0,0,6565019000,6565019000,100,1779391404694,1535389415530,86.29,0,0,0,0,0,0,0,0,0,1779391404694,1535389415530,86.29,1116000000,956790000,85.73,0,0,0,0,0,0,1116000000,956790000,85.73,3021808737612,2459539925141.77,81.39,,1311525726872,1186468599118,90.46,848302074693,569456622175.09,67.13,0,0,0,0,0,0,18248819990,14335150440,78.55,600000000,0,0,2178676621555,1770260371733.09,81.25,9210000000,0,0,88609665192,39416718935.33,44.48,101761251300,44307600713.06,43.54,550318399176,335921197233,61.04,23102145475,16933634850,73.3,200000000,0,0,773201461143,436579151731.39,56.46382911460209,100000000,0,0,189223375629,179629154023,94.93,900000000,900000000,100,190123375629,180529154023,94.95368648160245,3142101458327,2387368677487.48,75.97999966425735,,120292720715,120292720715.09,100,0,0,0,120292720715,120292720715.09,100.0000000000748,,0,192463968369.38004,,3142101458327,2579832645856.86,82.10532600785214,3142101458327,2387368677487.48,75.97999966425735,,19 Desember
1,Kab. Bengkulu Selatan,22295880000,28016490674,125.66,1645740000,1603703530,97.45,2365000000,2060940105.66,87.14,30860000000,29499913466.52,95.59,57166620000,61181047776.18,107.02,79247044000,100212578400,126.46,514478878000,520429353079,101.16,37535544000,38262155012,101.94,113902982545,75978698192,66.7,745164448545,734882784683,98.62,7015031000,7015031000,100,0,0,0,0,0,0,105969594000,102642037590,96.86,112984625000,109657068590,97.05,858149073545,844539853273,98.41,57440562760,15413899234,26.83,0,0,0,57440562760,15413899234,26.83,915589636305,859953752507,93.92,0,0,0,0,0,0,12008791524.51,8495543563,70.74,12008791524.51,8495543563,70.74,984765047829.51,929630343846.18,94.4,,497168275133.97,409777876713,82.42,219339925271,177118788099.51,80.75,0,0,0,0,0,0,21417197400,18974439200,88.59,20000000,0,0,737945397804.97,605871104012.51,82.1,0,0,0,38440224989,35530339153,92.43,21844100488,15485540738.68,70.89,18845642777,16250512202,86.23,20921381100,20070572802,95.93,1620200000,1616700000,99.78,101671549354,88953664895.68,87.49120620357729,1350000000,0,0,2837861700,2786582000,98.19,165492186200,161845489990,97.8,168330047900,164632071990,97.80313975066599,1009296995058.97,859456840898.19,85.15400770097156,,24531947229.46,24531947229.46,100,0,0,0,24531947229.46,24531947229.46,100,,3.814697265625e-05,94705450177.4501,,1009296995058.97,954162291075.64,94.53731614646206,1009296995058.97,859456840898.19,85.15400770097156,,12 Desember
2,Kab. Bengkulu Tengah,37286355427,28172877770.05,75.56,2525761000,458529740,18.15,1124155865,1124155865.23,100,17830000000,10229315904.27,57.37,58766272292,39984879279.55,68.04,0,0,0,0,0,0,0,0,0,0,0,0,638951120750,541239990489,84.71,28507658694,0,0,0,0,0,0,0,0,106212847000,92345723752,86.94,134720505694,92345723752,68.55,773671626444,633585714241,81.89,45042524935,12713695479,28.23,0,0,0,45042524935,12713695479,28.23,818714151379,646299409720,78.94,0,0,0,0,0,0,11056622029,2752804029,24.9,11056622029,2752804029,24.9,888537045700,689037093028.55,77.55,,375216820717.42,282700734748,75.34,161841425768,103392570311.22,63.89,0,0,0,0,0,0,18820894054,8157013025,43.34,150000000,10000000,6.67,556029140539.42,394260318084.22,70.91,70000000,70000000,100,14554016265,9823849317,67.5,46965406535,28356526435,60.38,102769110340,59823373351,58.21,11156459404,7301904186,65.45,475000000,274499981,57.79,175989992544,105650153270,60.03190962326222,900000000,14000000,1.56,3517736424,0,0,159943824600,141689440832,88.59,163461561024,141689440832,86.68058713277347,896380694107.42,641613912186.22,71.57828324550356,,7943648407.42,7943648407.42,100,0,0,0,7943648407.42,7943648407.42,100,,99999999.99995613,55366829249.75008,,896480694107.42,696980741435.9701,77.7463191362886,896380694107.42,641613912186.22,71.57828324550356,,12 Desember
3,Kab. Bengkulu Utara,35070000000,47475844249,135.37,1815439600,1711551725,94.28,0,1433386969.24,0,66157122000,35793357712.14,54.1,103042561600,86414140655.38,83.86,0,0,0,0,0,0,0,0,0,0,0,0,1010897145251,943195655860,93.3,0,0,0,0,0,0,0,0,0,171843906000,133592711276,77.74,171843906000,133592711276,77.74,1182741051251,1076788367136,91.04,45000000000,22814176122,50.7,0,0,0,45000000000,22814176122,50.7,1227741051251,1099602543258,89.56,0,0,0,0,0,0,21492982060,19747972176,91.88,21492982060,19747972176,91.88,1352276594911,1205764656089.38,89.17,,600206961856,497885835739.2,82.95,370568853763,242740498261.75,65.5,0,0,0,0,0,0,22712928000,14787613659.13,65.11,1150000000,1134000000,98.61,994638743619,756547947660.08,76.06,0,0,0,35105911531,18783445637,53.51,50401376832,22388089912,44.42,88185366136,56615816285.01,64.2,376671700,219795700,58.35,195000000,194970000,99.98,174264326199,98202117534.01001,56.352392756431826,1350000000,259867000,19.25,2731543960,0,0,256752055550,217991249118,84.9,259483599510,217991249118,84.009644358891,1429736669328,1073001181312.09,75.04886769228759,,79960074417,-5073097,-0.01,2500000000,1500000000,60,77460074417,-1505073097,-1.9430307914469092,,0,131258401680.28992,,1432236669328,1205759582992.38,84.18717442544728,1432236669328,1074501181312.09,75.02259956912302,,12 Desember
4,Kab. Kaur,17555130000,15810392666.61,90.06,871500000,744019691,85.37,1700520765,1770520765.15,104.12,26934909691,17710559758.71,65.75,47062060456,36035492881.47,76.57,92413836000,88118523192,95.35,432747399000,425511632535,98.33,120343328507,102238598807,84.96,0,0,0,645504563507,615868754534,95.41,0,0,0,0,0,0,0,0,0,138554648000,138438320600,99.92,138554648000,138438320600,99.92,784059211507,754307075134,96.21,38290844007,12179641159,31.81,0,0,0,38290844007,12179641159,31.81,822350055514,766486716293,93.21,0,0,0,0,0,0,8816531143,7008579259,79.49,8816531143,7008579259,79.49,878228647113,809530788433.47,92.18,,402081911699,319367617452,79.43,220324316844,133239565244.81,60.47,0,0,0,0,0,0,17638874851,8455813884.97,47.94,1251046252,200000000,15.99,641296149646,461262996581.78,71.93,0,0,0,23132079622,11737283479,50.74,11384024950,3755236033.48,32.99,26651065984,15896272225.47,59.65,2708326000,74421000,2.75,350000000,198690000,56.77,64225496556,31661902737.949997,49.29802716331372,500000000,0,0,0,0,0,192577437000,180621727900,93.79,192577437000,180621727900,93.7917394237623,898599083202,673546627219.73,74.95518744796232,,21370436089,21370436089,100,1000000000,0,0,20370436089,21370436089,104.90907507149538,,0,157354597302.74,,899599083202,830901224522.47,92.36350281338555,899599083202,673546627219.73,74.87186679007417,,12 Desember
5,Kab. Kepahiang,17764902737,17480711956.64,98.4,768382325,422746745,55.02,2164421719.93,2164421719.93,100,49894442496,29935194637.81,60,70592149277.93,50003075059.38,70.83,0,0,0,0,0,0,0,0,0,0,0,0,629397886343,579271119589,92.04,0,0,0,0,0,0,0,0,0,80542150000,70450744896,87.47,80542150000,70450744896,87.47,709940036343,649721864485,91.52,44091455659,13753516919,31.19,0,0,0,44091455659,13753516919,31.19,754031492002,663475381404,87.99,0,0,0,0,0,0,0,0,0,0,0,0,824623641279.93,713478456463.38,86.52,,368616755069.08,322029753963,87.36,220632882314,161228260507.97,73.08,0,0,0,0,0,0,6767732885,4322634251,63.87,0,0,0,596017370268.08,487580648721.97,81.81,0,0,0,41558964209,26742745297,64.35,41562356763,18975992939,45.66,34893282839,28342013697.6,81.22,1452440303,835914500,57.55,136000000,0,0,119603044114,74896666433.6,62.6210369379997,300000000,0,0,0,0,0,125329129500,111477618679,88.95,125329129500,111477618679,88.94789194159367,841249543882.08,673954933834.57,80.11355711701164,,18625902602.15,18625902602.15,100,2000000000,2000000000,100,16625902602.150002,16625902602.150002,100,,9.918212890625e-05,56149425230.96006,,843249543882.0801,732104359065.53,86.8194195155008,843249543882.08,675954933834.57,80.16072332783799,,12 Desember
6,Kab. Lebong,15308843039,11970766109,78.2,25194000000,19558873666,77.63,2650000000,2608588004.9,98.44,24552690816.93,19519600770.41,79.5,67705533855.93,53657828550.31,79.25,74099688000,72620977200,98,385341274000,362369395500,94.04,23752956000,15184907998,63.93,71224237000,56433036915,79.23,554418155000,506608317613,91.38,7247559000,7247559000,100,0,0,0,0,0,0,71041841000,39698075658,55.88,78289400000,46945634658,59.96,632707555000,553553952271,87.49,33528009579.5,11085341930,33.06,0,0,0,33528009579.5,11085341930,33.06,666235564579.5,564639294201,84.75,0,0,0,0,0,0,0,0,0,0,0,0,733941098435.43,618297122751.31,84.24,,324668226079.84,268240500488.63,82.62,214318085862.3,149732357161,69.86,0,0,0,0,0,0,7103749100,5862106820,82.52,175000000,175000000,100,546265061042.14,424009964469.63,77.62,1223900000,478380000,39.09,15193577805,7017592369,46.19,27923871622,13002184002,46.56,26166929461,10402802700,39.76,2576211400,34000000,1.32,0,0,0,73084490288,30934959071,42.32766616979378,2800000000,71409008,2.55,0,0,0,115032838300,82340249638,71.58,115032838300,82340249638,71.57977743995212,737182389630.14,537356582186.63,72.8933015418658,,3241291194.71,0,0,0,0,0,3241291194.71,0,0,,3.910064697265625e-05,80940540564.68005,,737182389630.14,618297122751.31,83.87301859740882,737182389630.14,537356582186.63,72.8933015418658,,12 Desember
7,Kab. Muko-Muko,38579500000,38340816713.8,99.38,3312676000,2447083519,73.87,3487593000,3174905718.88,91.03,37637502365,25556234597.31,67.9,83017271365,69519040548.99,83.74,0,0,0,0,0,0,0,0,0,0,0,0,664161283000,601569288217,90.58,0,0,0,0,0,0,0,0,0,119035349000,104907469772,88.13,119035349000,104907469772,88.13,783196632000,706476757989,90.2,41175000000,16851161283,40.93,0,0,0,41175000000,16851161283,40.93,824371632000,723327919272,87.74,0,0,0,0,0,0,10976007281,2346646477,21.38,10976007281,2346646477,21.38,918364910646,795193606297.99,86.59,,408305086295,315577878729,77.29,235848744711.01,152606151002.8,64.71,0,0,0,0,0,0,5075030000,100000000,1.97,800000000,720000000,90,650028861006.01,469004029731.8,72.15,560000000,513000000,91.61,28613877774.99,13612823346,47.57,22512933404,9479363122,42.11,58010382566,39408608322,67.93,3810167795,120423600,3.16,0,0,0,113507361539.99,63134218390,55.6212544573658,526938000,0,0,300000000,0,0,185911349000,182675129000,98.26,186211349000,182675129000,98.10096429729425,950274509546,714813377121.8,75.22177749072812,,31909598900,31909598899.66,100,0,0,0,31909598900,31909598899.66,99.99999999893448,,0,112289828075.84995,,950274509546,827103205197.65,87.03834490865215,950274509546,714813377121.8,75.22177749072812,,12 Desember
8,Kab. Rejang Lebong,41107645823,33852243484,82.35,3794030000,2750060606,72.48,2036247019,2036247019.33,100,48657063501,30674413281.6,63.04,95594986343,69312964390.93,72.51,0,0,0,0,0,0,0,0,0,0,0,0,0,0,0,0,0,0,0,0,0,0,0,0,0,0,0,0,0,0,866404046503.32,796245579553,91.9,60241367816,20425392075,33.91,0,0,0,60241367816,20425392075,33.91,926645414319.32,816670971628,88.13,0,0,0,0,0,0,17379480760,10973541274,63.14,17379480760,10973541274,63.14,1039619881422.32,896957477292.93,86.28,,509065549181.86,442313567625,86.89,263110523702.28,168955576505.33,64.21,0,0,0,0,0,0,27618691300,12485371056,45.21,10000000,0,0,799804764184.14,623754515186.33,77.99,0,0,0,26304587576,10185594746,38.72,20132715644.8,5680280718.66,28.21,76030985818.56,42132269735.04,55.41,131829998,0,0,102000000,97125000,95.22,122702119037.36,58095270199.7,47.34659079686416,3925657876,0,0,0,0,0,162655777800,120712002840,74.21,162655777800,120712002840,74.21316627831465,1089088318897.5,802561788226.0299,73.69115748468177,,49468437475.18,33285822475.47,67.29,0,0,0,49468437475.18,33285822475.47,67.28698979459506,,0,127681511542.37015,,1089088318897.5,930243299768.4,85.41486338868265,1089088318897.5,802561788226.0299,73.69115748468177,,19 Desember
9,Kab. Seluma,30469694210,31050841852.1,101.91,1437244335,641017767,44.6,1555817895.56,1555817895.56,100,11127584940.55,12517145853.39,112.49,44590341381.11,45764823368.05,102.63,0,0,0,0,0,0,0,0,0,0,0,0,813592805000,653690022968,80.35,0,0,0,0,0,0,0,0,0,142283328000,137983950000,96.98,142283328000,137983950000,96.98,955876133000,791673972968,82.82,45704016026.92,17215219637,37.67,0,0,0,45704016026.92,17215219637,37.67,1001580149026.92,808889192605,80.76,0,0,0,0,0,0,15937920000,9507359018,59.65,15937920000,9507359018,59.65,1062108410408.03,864161374991.05,81.36,,516853233560.2,385109282120,74.51,224490353362,144555221168.45,64.39,0,0,0,0,0,0,36306614909,23910780840,65.86,75000000,0,0,777725201831.2,553575284128.45,71.18,0,0,0,30523453799,14045689338,46.02,10259624121,4954171309,48.29,15650108890,6706542213.08,42.85,268180000,266150000,99.24,77000000,77000000,100,56778366810,26049552860.08,45.87936272850325,27865849600,10000000,0.04,0,0,0,203634960968,192585779337,94.57,203634960968,192585779337,94.57402521724336,1066004379209.2,772220616325.5299,72.4406607877531,,3904901251.17,3895953801.17,99.77,8932450,0,0,3895968801.17,3895953801.17,99.9996149866499,,7.82012939453125e-05,95836712466.69014,,1066013311659.2001,868057328792.2201,81.43025225840091,1066013311659.2,772220616325.5299,72.44005378540767,,12 Desember
10,Kota Bengkulu,274535251500,203065209435.99,73.97,18407929000,11366973457,61.75,1573207397,1573207397.39,100,66456476192,58072042375.27,87.38,360972864089,274077432665.65,75.93,0,0,0,0,0,0,0,0,0,0,0,0,0,0,0,0,0,0,0,0,0,0,0,0,0,0,0,0,0,0,909129168000,782594925211,86.08,0,0,0,0,0,0,55276892037,33806638014,61.16,964406060037,816401563225,84.65,0,0,0,0,0,0,16337761390,3515053808,21.51,16337761390,3515053808,21.51,1341716685516,1093994049698.65,81.54,,738649836926,566740931340.41,76.73,430733820931.39,270178198205.73,62.73,0,0,0,0,0,0,61310466296,24323681062.81,39.67,387813290,29450000,7.59,1231081937443.39,861272260608.95,69.96,20000000,2616000,13.08,41554729487.61,21522517954,51.79,62217232591,37873596540.79,60.87,57223801454,30307312460,52.96,10635603368,2298920800,21.62,0,0,0,171651366900.61,92004963754.79001,53.59990160058729,1000000000,0,0,0,0,0,0,0,0,0,0,0,1403733304344,953277224363.74,67.91013801651094,,62016618828,68804084687.45,110.94,0,0,0,62016618828,68804084687.45,110.94459192990622,,0,209520910022.36005,,1403733304344,1162798134386.1,82.83611500758009,1403733304344,953277224363.74,67.91013801651094,,12 Desember
VIII,Prov. Sumatera Selatan,3833367486607,3748186761393.68,97.78,5110991800,5227615402,102.28,173213785434,106316886488.21,61.38,826594890750,501956906938.43,60.73,4838287154591,4361688170222.32,90.15,3329910647300,2391957978800,71.83,1765321372000,1707438208818,96.72,1185053612000,1119450101284,94.46,0,0,0,6280285631300,5218846288902,83.1,0,0,0,0,0,0,0,0,0,0,0,0,6489293000,6489293000,100,6286774924300,5225335581902,83.12,0,0,0,0,0,0,0,0,0,6286774924300,5225335581902,83.12,4062924000,4062924000,100,0,0,0,0,0,0,4062924000,4062924000,100,11129125002891,9591086676124.32,86.18,,3039234426438,2554546276126,84.05,2428156911406,1842839360054.27,75.89,0,0,0,1300000000,0,0,402510376890,301844574869,74.99,0,0,0,5871201714734,4699230211049.27,80.04,3819000000,1231039000,32.23,352274664866,272634572988,77.39,279346525609,181100205870.2,64.83,848422192332,576957399908,68,73731188000,61886278792,83.94,6060254365,3581579710,59.1,1563653825172,1097391076268.2,70.1812037039265,29144517180,3743250,0.01,1698080940377,1831320790408,107.85,2075538656635,1345086858384.87,64.81,3773619597012,3176407648792.87,84.17402886364036,11237619654098,8973032679360.34,79.84816140389805,,108494651207,108494651207.36,100,0,0,0,108494651207,108494651207.36,100.00000000033182,,0,726548647971.3405,,11237619654098,9699581327331.68,86.31348653800143,11237619654098,8973032679360.34,79.84816140389805,,19 Desember
1,Kab. Banyuasin,277095464942.75,245658568096,88.65,12776909500,9935656700,77.76,9427468649,8772250784.07,93.05,74443748492.57,60804305013.69,81.68,373743591584.32,325170780593.76,87,0,0,0,0,0,0,0,0,0,0,0,0,2114289503000,1974677329401,93.4,7911022000,7911022000,100,0,0,0,0,0,0,266539023000,249916166140,93.76,274450045000,257827188140,93.94,2388739548000,2232504517541,93.46,124541664288.18,109271774265.18,87.74,194918627299.99,70218016462.81,36.02,319460291588.17,179489790727.99,56.19,2708199839588.17,2411994308268.99,89.06,0,0,0,0,0,0,0,0,0,0,0,0,3081943431172.49,2737165088862.75,88.81,,1357166364622.51,1215363871253.43,89.55,712488846654.51,513227473441.3,72.03,9744823026,9094472997,93.33,5000000000,0,0,69229179875,43905812565.85,63.42,5410000000,4310000000,79.67,2159039214178.02,1785901630257.58,82.72,1287841762,1177841762,91.46,73728313299,55106788382.02,74.74,78695838614,58144009065.43,73.88,334895581842,180637184371.17,53.94,17281864469,6317435458,36.56,1497000000,797073063,53.24,507386439986,302180332101.62,59.5562491007757,41670968166.64,0,0,29228675003.18,0,0,422557265700,386507408799.26,91.47,451785940703.18,386507408799.26,85.55100413210789,3159882563033.8403,2474589371158.46,78.31270060816999,,114557739357.35,114227973411.35,99.71,36618607496,31618607496,86.35,77939131861.35,82609365915.35,105.9921555994595,,0,345185083619.64,,3196501170529.8403,2851393062274.1,89.20356696761239,3196501170529.8403,2506207978654.46,78.40472582211005,,19 Desember
2,Kab. Empat Lawang,29965266340,14898199436,49.72,6568500000,663754479,10.11,9000000000,7736091744.18,85.96,42000000000,28646486993.83,68.21,87533766340,51944532653.01,59.34,0,0,0,0,0,0,0,0,0,0,0,0,1102445707997,799501061070,72.52,0,0,0,0,0,0,0,0,0,124504807000,116918667262,93.91,124504807000,116918667262,93.91,1226950514997,916419728332,74.69,81530706326,51812534160,63.55,67494969153,33659074522,49.87,149025675479,85471608682,57.35,1375976190476,1001891337014,72.81,0,0,0,0,0,0,17114965603,6598982505,38.56,17114965603,6598982505,38.56,1480624922419,1060434852172.01,71.62,,425973630083,301028767416,70.67,453207136017,260688095082,57.52,0,0,0,0,0,0,51686739896,43003143478,83.2,333500000,0,0,931201005996,604720005976,64.94,6600000000,2000000000,30.3,54089814292,39329259528,72.71,56622808938,37422302413,66.09,251913374296,104745946658,41.58,471686300,286406800,60.72,250000000,0,0,369947683826,183783915399,49.67835276012711,2164813000,164813000,7.61,3653376634,0,0,187126292900,165329599822,88.35,190779669534,165329599822,86.65996760862174,1494093172356,953998334197,63.85132813990862,,13468249937,188615937.2,1.4,0,0,0,13468249937,188615937.2,1.400448744879867,,0,106625133912.21,,1494093172356,1060623468109.21,70.98777290018252,1494093172356,953998334197,63.85132813990862,,19 Desember
3,Kab. Lahat,139532960630,113331314172,81.22,4866125500,2515529227,51.69,9756687239.33,9987937423.33,102.37,91015100665.5,136876604348.79,150.39,245170874034.83,262711385171.12,107.15,0,0,0,0,0,0,0,0,0,0,0,0,2305570391000,2168351717174,94.05,7010619000,7010619000,100,0,0,0,0,0,0,271959211000,230566953434,84.78,278969830000,237577572434,85.16,2584540221000,2405929289608,93.09,70779809198,134212897827.93,189.62,85000000000,0,0,155779809198,134212897827.93,86.16,2740320030198,2540142187435.93,92.7,0,0,0,0,0,0,31083806669,19925547797,64.1,31083806669,19925547797,64.1,3016574710901.83,2822779120404.05,93.58,,1174370919757.5,844177516344.81,71.88,760380996597.8,523413206508.37,68.84,0,0,0,0,0,0,184412106991,94864045346.4,51.44,14172000000,13702500000,96.69,2133336023346.3,1476157268199.58,69.19,84702721000,12228722000,14.44,227909302916.45,68230022577,29.94,166133087281.11,66035212442,39.75,641470531874.81,403487445316,62.9,1908429800,68400000,3.58,638000000,49700000,7.79,1122762072872.37,550099502335,48.99519814805256,13750000000,0,0,14439908613,12170972773,84.29,480947820200,435787860380,90.61,495387728813,447958833153,90.42590421574542,3765235825031.67,2474215603687.58,65.71210194162988,,748661114129.84,764020192129.84,102.05,0,0,0,748661114129.84,764020192129.84,102.05153943621764,,0,1112583708846.3096,,3765235825031.67,3586799312533.8896,95.26094723439323,3765235825031.67,2474215603687.58,65.71210194162988,,19 Desember
4,Kab. Muara Enim,195567613344,162268009663.08,82.97,186323243953,151412413832.4,81.26,26552719027.07,26552719027.07,100,30745227322.96,45727402846.66,148.73,439188803647.03,385960545369.21,87.88,0,0,0,0,0,0,0,0,0,0,0,0,0,0,0,0,0,0,0,0,0,0,0,0,0,0,0,0,0,0,3384409910660,2880749626125,85.12,0,0,0,0,0,0,320445539552,265324457244.76,82.8,3704855450212,3146074083369.76,84.92,1548000000,667969761,43.15,0,0,0,4146225344,8519026070.77,205.46,5694225344,9186995831.77,161.34,4149738479203.03,3541221624570.74,85.34,,1413990292944.69,1177077525950.3,83.25,1170205111116.48,740189858330.96,63.25,7000000000,5594914153.84,79.93,1206750000,0,0,79919408400,63382320220,79.31,0,0,0,2672321562461.17,1986244618655.1,74.33,61975000000,9588535000,15.47,334352258207.17,158532350471,47.41,344727427152,156277583569.71,45.33,782372452613.69,411024041618.32,52.54,12997009365,3586358300,27.59,2050000000,815449900,39.78,1538474147337.8599,739824318859.03,48.08818660613861,5000000000,603038711,12.06,38193085729,38181085729,99.97,527831315441,520626798437,98.64,566024401170,558807884166,98.72505196081951,4781820110969.029,3285479860391.13,68.70772601534213,,650550147898,650550147898.41,100,18468516132,6278516129.04,34,632081631766,644271631769.37,101.92854836950598,,0,900013395948.9803,,4800288627101.029,4191771772469.1504,87.32332778499254,4800288627101.029,3291758376520.17,68.57417610132572,,19 Desember
5,Kab. Musi Banyuasin,223975016750,207659823690.35,92.72,5660787000,9256478048,163.52,30000000000,18395564057.62,61.32,327742877358.99,240570515010.49,73.4,587378681108.99,475882380806.46,81.02,2298679867500,2041982690200,88.83,583685042000,486050128374,83.27,35072538000,31886380683,90.92,362399202000,319792355077,88.24,3279836649500,2879711554334,87.8,0,0,0,0,0,0,0,0,0,225564334000,209290220994,92.79,225564334000,209290220994,92.79,3505400983500,3089001775328,88.12,125600000000,131893935527.83,105.01,71990148166.6,26920205166.6,37.39,197590148166.6,158814140694.43,80.38,3702991131666.6,3247815916022.43,87.71,0,0,0,0,0,0,0,0,0,0,0,0,4290369812775.59,3723698296828.89,86.79,,1605850647744.57,1324956901770.79,82.51,978979321942.31,681634367132.54,69.63,0,0,0,0,0,0,262798375249,163560604506.92,62.24,78068692000,53847098310,68.97,2925697036935.88,2223998971720.25,76.02,1996785750,1150484130,57.62,114723099390.28,73242662430.08,63.84,141207215860,73602459702,52.12,558908666183.89,373461970389,66.82,21116469853,9881287535,46.79,96393177,71058870,73.72,838048630214.17,531409923056.08,63.41039217739357,5442284504.55,77330054,1.42,0,0,0,544652123254,514654288809,94.49,544652123254,514654288809,94.49229459241263,4313840074908.5996,3270140513639.33,75.80578920067214,,50056371759.01,50056371759.01,100,26586109626,24486109626,92.1,23470262133.010002,25570262133.010002,108.94749273825295,,0.00023651123046875,479128045322.57007,,4340426184534.5996,3773754668587.9,86.9443346838656,4340426184534.5996,3294626623265.33,75.90560196610267,,19 Desember
6,Kab. Musi Rawas,89774878040,70000247062,77.97,4806492994,3747466691,77.97,8890746489,6226595730.84,70.03,105623440597,65188090436.9,61.72,209095558120,145162399920.74,69.42,653332352500,616927264400,94.43,617156472294,615813286434,99.78,28123863000,27825540278,98.94,189672837713,139723711309,73.67,1488285525507,1400289802421,94.09,0,0,0,0,0,0,0,0,0,165626927000,159122435638,96.07,165626927000,159122435638,96.07,1653912452507,1559412238059,94.29,93219156320,74377479743,79.79,263449845000,69788368050,26.49,356669001320,144165847793,40.42,2010581453827,1703578085852,84.73,0,0,0,0,0,0,0,0,0,0,0,0,2219677011947,1848740485772.74,83.29,,752252644685.48,542907531648,72.17,567646867279.03,375070292737.17,66.07,0,0,0,0,0,0,14931709264,4376922546,29.31,0,0,0,1334831221228.51,922354746931.17,69.1,7700000000,2301000000,29.88,57826520127.97,25148078590,43.49,130204342486,70945605600,54.49,409255139159,194149649750,47.44,7966832750,298445080,3.75,0,0,0,612952834522.97,292842779020,47.775744319365884,3478412352,0,0,16477046000,0,0,292956145450,273204185643,93.26,309433191450,273204185643,88.29181651870269,2260695659553.48,1488401711594.17,65.83821689152757,,41018647606.48,41018647606.48,100,0,0,0,41018647606.48,41018647606.48,100,,0,401357421785.05005,,2260695659553.48,1889759133379.22,83.59193000584938,2260695659553.48,1488401711594.17,65.83821689152757,,19 Desember
7,Kab. Musi Rawas Utara,33275000000,32240831629,96.89,35290000000,497072564,1.41,3000000000,2762889908.63,92.1,26337500000,45242551160.75,171.78,97902500000,80743345262.38,82.47,0,0,0,0,0,0,0,0,0,0,0,0,0,0,0,0,0,0,0,0,0,0,0,0,0,0,0,0,0,0,984069707107,956551278515,97.2,0,0,0,0,0,0,130752000000,96009104067,73.43,1114821707107,1052560382582,94.42,0,0,0,0,0,0,44844375000,23166995367,51.66,44844375000,23166995367,51.66,1257568582107,1156470723211.38,91.96,,318054538085.96,224183896044,70.49,350360666158.12,249822091579.8,71.3,0,0,0,150000000,150000000,100,12596753500,7407980910,58.81,7530994500,6252280000,83.02,688692952244.08,487816248533.8,70.83,2950000000,0,0,68546318757,41802490749,60.98,117413035518,91438143295,77.88,261570454120,155327725414,59.38,0,0,0,722000000,585500000,81.09,451201808395,289153859458,64.08526164524217,2614292444,0,0,1200000000,349012682.8,29.08,151385569500,132527799297,87.54,152585569500,132876811979.8,87.0834721888953,1295094622583.08,909846919971.6001,70.25331617522284,,37526040476.08,37526040476.08,100,0,0,0,37526040476.08,37526040476.08,100,,-7.62939453125e-05,284149843715.8598,,1295094622583.08,1193996763687.46,92.19378591087195,1295094622583.08,909846919971.6001,70.25331617522284,,19 Desember
8,Kab. Ogan Ilir,114366748958,85197318653.53,74.49,94612486323,31303524159,33.09,6500000000,4792022141.06,73.72,41583764225,16499500360.07,39.68,257062999506,137792365313.66,53.6,0,0,0,0,0,0,0,0,0,0,0,0,0,0,0,0,0,0,0,0,0,0,0,0,0,0,0,0,0,0,1333769414437,1092400618477,81.9,0,0,0,0,0,0,199045423889,140451889658,70.56,1532814838326,1232852508135,80.43,0,0,0,0,0,0,0,0,0,0,0,0,1789877837832,1370644873448.66,76.58,,679802921805.82,487020951632,71.64,495862453070.76,334079127857,67.37,0,0,0,580000000,580000000,100,20160071384,12231922884,60.67,0,0,0,1196405446260.58,833912002373,69.7,4366618607.06,1031846500,23.63,94504787381,63290092051,66.97,84639061202,55653687500,65.75,134890099609,91644593900,67.94,9847914823,4031128907,40.93,927000000,920273000,99.27,329175481622.06,216571621858,65.79214854970725,1500000000.68,199545455,13.3,17097928039,0,0,278409327493,165495959566,59.44,295507255532,165495959566,56.00402577867626,1822588183415.32,1216179129252,66.72813641165062,,33210345583.32,33210345583.32,100,500000000,0,0,32710345583.32,33210345583.32,101.5285683812982,,-6.866455078125e-05,187676089779.97992,,1823088183415.32,1403855219031.98,77.00424103468427,1823088183415.32,1216179129252,66.70983555900438,,19 Desember
9,Kab. Ogan Komering Ilir,149423474030,135649403985,90.78,5104263610,6643770843,130.16,10928028025,10928028024.66,100,334170923433,117611541047.54,35.2,499626689098,270832743900.2,54.21,0,0,0,0,0,0,0,0,0,0,0,0,0,0,0,0,0,0,0,0,0,0,0,0,0,0,0,0,0,0,2085740248000,1817308754030,87.13,0,0,0,0,0,0,539957146423,264255551371,48.94,2625697394423,2081564305401,79.28,0,0,0,0,0,0,0,0,0,0,0,0,3125324083521,2352397049301.2,75.27,,1132514150218,938573379318,82.88,814350291948,555971341398.75,68.27,0,0,0,0,0,0,34771374332,23218884832,66.78,0,0,0,1981635816498,1517763605548.75,76.59,1226000000,960201450,78.32,60385194304,30062263733,49.78,94201480480,64231446250,68.19,541365702913,246024693060,45.45,13965122910,3573641359,25.59,412000000,99000000,24.03,711555500607,344951245852,48.478473647907386,1000000000,0,0,19321023994,1526250000,7.9,446925118938,396343030584,88.68,466246142932,397869280584,85.33459989223493,3160437460037,2260584131984.75,71.52757048887418,,40113376516,34000000,0.08,5000000000,5000000000,100,35113376516,-4966000000,-14.142758380804418,,0,86846917316.4502,,3165437460037,2352431049301.2,74.31614362944019,3165437460037,2265584131984.75,71.57254441407503,,19 Desember
10,Kab. Ogan Komering Ulu,104539575805,88528855373.3,84.68,4108734866,3143598489,76.51,6090398953,6090398953.3,100,68691942775,64869101996.77,94.43,183430652399,162631954812.37,88.66,0,0,0,0,0,0,0,0,0,0,0,0,0,0,0,0,0,0,0,0,0,0,0,0,0,0,0,0,0,0,1299502876000,1200778763156,92.4,0,0,0,0,0,0,238994024746,127865857340.86,53.5,1538496900746,1328644620496.86,86.36,0,0,0,0,0,0,17325378705,15964965059.43,92.15,17325378705,15964965059.43,92.15,1739252931850,1507241540368.66,86.66,,801591713792.18,663337450106.8,82.75,436063733018.82,329575089511.6,75.58,0,0,0,0,0,0,42460629421,22015246756,51.85,122057574,0,0,1280238133806,1014927786374.4,79.28,0,0,0,43541303709,25194228365,57.86,34440001559,11026945626,32.02,192515220331,44703373388,23.22,6349525000,4768696950,75.1,222000000,72000000,32.43,277068050599,85765244329,30.954577456181642,11330711371,0,0,0,0,0,237468936239,218639145012,92.07,237468936239,218639145012,92.07062973152463,1806105832015,1319332175715.4,73.04844225232769,,66852900165,78914197699.07,118.04,0,0,0,66852900165,78914197699.07,118.04154719436472,,0,266823562352.33002,,1806105832015,1586155738067.73,87.82186015634088,1806105832015,1319332175715.4,73.04844225232769,,19 Desember
11,Kab. Ogan Komering Ulu Selatan,33741681070,28729478349,85.15,3315633705,2078562067.8,62.69,7738159208,6216552510.53,80.34,28000000000,4924158282.66,17.59,72795473983,41948751209.99,57.63,0,0,0,0,0,0,0,0,0,0,0,0,0,0,0,0,0,0,0,0,0,0,0,0,0,0,0,0,0,0,1228715557030,1106259487888,90.03,0,0,0,0,0,0,182334970815,55801258976,30.6,1411050527845,1162060746864,82.35,0,0,0,0,0,0,23219318963,14014930943,60.36,23219318963,14014930943,60.36,1507065320791,1218024429016.99,80.82,,587548272519.05,464531616200,79.06,368876402194.02,243959413613.72,66.14,0,0,0,0,0,0,21425656973,7444344475.02,34.74,1470000000,1388400000,94.45,979320331686.07,717323774288.74,73.25,250000000,0,0,44661428246,29440108924,65.92,16454429874,7260235280.2,44.12,166590472917,97544353657.29,58.55,3738018157,1466131279,39.22,90727500,40016350,44.11,231785076694,135750845490.48999,58.567552073124496,2866219921,1143295000,39.89,1123890000,0,0,296650750360,188353462580,63.49,297774640360,188353462580,63.25369492589654,1511746268661.0698,1042571377359.23,68.9647065100825,,4680947870.07,0,0,0,0,0,4680947870.07,0,0,,0.00017547607421875,175453051657.76,,1511746268661.07,1218024429016.99,80.57069193865286,1511746268661.0698,1042571377359.23,68.9647065100825,,12 Desember
12,Kab. Ogan Komering Ulu Timur,94528500000,63988073957.95,67.69,61598374000,44893162976,72.88,6800000000,5671707808.44,83.41,35220000000,10411271710.52,29.56,198146874000,124964216452.91,63.07,0,0,0,0,0,0,0,0,0,0,0,0,0,0,0,0,0,0,0,0,0,0,0,0,0,0,0,0,0,0,1797639700600,1638238672367,91.13,0,0,0,0,0,0,287560673549,110605588941.9,38.46,2085200374149,1748844261308.9,83.87,0,0,0,0,0,0,36651123158,23551891627,64.26,36651123158,23551891627,64.26,2319998371307,1897360369388.81,81.78,,836296992020,706685750821.8,84.5,696630642885,486392839229.64,69.82,0,0,0,1400000000,1400000000,100,33324175136,12363368484,37.1,1766000000,1684000000,95.36,1569417810041,1208525958535.44,77,350000000,0,0,49185959817,27560215379,56.03,106447315777,70475911700.45,66.21,212975774551,131396271446,61.7,8446036695,1080494100,12.79,0,0,0,377405086840,230512892625.45,61.0783745803552,535037293,0,0,9898218000,3725718000,37.64,371586622000,340363980511,91.6,381484840000,344089698511,90.19747639539227,2328842774174,1783128549671.89,76.56715040818221,,11344402867,11247418709.92,99.15,2500000000,2500000000,100,8844402867,8747418709.92,98.90344030525945,,0,122979238426.84016,,2331342774174,1908607788098.73,81.86731737785551,2331342774174,1785628549671.89,76.59227846941306,,19 Desember
13,Kab. Penukal Abab Lematang Ilir,35169855548,40227492444.42,114.38,4016112000,2693317953,67.06,1600000000,1381344522.11,86.33,45460648354,34357019419.78,75.58,86246615902,78659174339.31,91.2,737069602000,755843776406,102.55,342601753000,296191808587,86.45,108812927000,95911362879,88.14,0,0,0,1188484282000,1147946947872,96.59,5404032000,2798117000,51.78,0,0,0,0,0,0,60151506000,58142439804,96.66,65555538000,60940556804,92.96,1254039820000,1208887504676,96.4,47531321279,52089802437,109.59,72500000000,14126048100,19.48,120031321279,66215850537,55.17,1374071141279,1275103355213,92.8,0,0,0,0,0,0,18907756000,11204382611,59.26,18907756000,11204382611,59.26,1479225513181,1364966912163.31,92.28,,429528140064,384273868053,89.46,602803195354,439961614554,72.99,0,0,0,0,0,0,14335626624,12314614624,85.9,14277500000,13713500000,96.05,1060944462042,850263597231,80.14,1710122894,0,0,59529266149,39664109233,66.63,104959400584,93954953803,89.52,199881806097,121254201461,60.66,2803943587,776539100,27.69,615000000,580700000,94.42,369499539311,256230503597,69.34528364359777,4500000000,72384000,1.61,5292128517,1350152986,25.51,167740957200,165731891004,98.8,173033085717,167082043990,96.56074923339628,1607977087070,1273648528818,79.20812672391982,,128751573889,103587719192.53,80.46,0,0,0,128751573889,103587719192.53,80.45549740761663,,0,194906102537.84006,,1607977087070,1468554631355.84,91.32932572016864,1607977087070,1273648528818,79.20812672391982,,19 Desember
14,Kota Lubuk Linggau,97862909149.13,76534681052,78.21,7412400000,3623734920,48.89,2201674757.44,2201674757.44,100,69470576050,62730808434.6,90.3,176947559956.57,145090899164.04,82,0,0,0,0,0,0,0,0,0,0,0,0,0,0,0,0,0,0,0,0,0,0,0,0,0,0,0,0,0,0,832192595000,753977576373,90.6,0,0,0,0,0,0,377443937523.72,124769885527.96,33.06,1209636532523.72,878747461900.96,72.65,0,0,0,0,0,0,0,0,0,0,0,0,1386584092480.29,1023838361065,73.84,,423421793386.95,371241773342.13,87.68,360321543023,273883551250.72,76.01,3014125388,2814125387,93.36,0,0,0,32664524377.14,16736175572,51.24,1060000000,1000000000,94.34,820481986175.09,665675625551.85,81.13,237384064,0,0,57145005472,28373101754,49.65,129449261036.14,32588166819.64,25.17,338687544403.99,160572178014.7,47.41,6561800178,5294516926,80.69,389966250,139966250,35.89,532470961404.13,226967929764.34003,42.625409875089495,5771818000,1339350800,23.21,0,0,0,0,0,0,0,0,0,1358724765579.22,893982906116.19,65.79573205431991,,3170306322.93,3170306322.93,100,31029633224,31009633224,99.94,-27859326901.07,-27839326901.07,99.92821075659502,,6.866455078125e-05,102016128047.74005,,1389754398803.22,1027008667387.93,73.89857288973745,1389754398803.22,924992539340.19,66.55798608277424,,19 Desember
15,Kota Pagar Alam,19814614843,18350397298,92.61,4176907250,3302954442,79.08,9409581303,6728154153.37,71.5,63901761229,62266410538.01,97.44,97302864625,90647916431.38,93.16,268575082295,271793373963,101.2,393396954000,374585313992,95.22,72202646000,26305366298.24,36.43,0,0,0,734174682295,672684054253.24,91.62,0,0,0,0,0,0,0,0,0,0,0,0,0,0,0,734174682295,672684054253.24,91.62,56143876139,57013798131,101.55,45000000000,13363256025,29.7,101143876139,70377054156,69.58,835318558434,743061108409.24,88.96,0,0,0,0,0,0,5792928456,6287025620,108.53,5792928456,6287025620,108.53,938414351515,839996050460.62,89.51,,376860153615.78,313658355409.87,83.23,365043272580.04,241186725515.56,66.07,0,0,0,5346000000,0,0,8941032632,2623837122,29.35,1834800000,1422000000,77.5,758025258827.82,558890918047.43,73.73,0,0,0,46500490770.42,11848763238,25.48,53802927075,25406121734.34,47.22,183036804599.76,88678962251,48.45,2562481800,305319350,11.91,0,0,0,285902704245.18,126239166573.34,44.15458990030461,2000000000,0,0,0,0,0,0,0,0,0,0,0,1045927963073,685130084620.77,65.50451931773735,,107513611558,107507911558.77,99.99,0,0,0,107513611558,107507911558.77,99.99469834642572,,0,262373877398.62,,1045927963073,947503962019.39,90.58979159860739,1045927963073,685130084620.77,65.50451931773735,,19 Desember
16,Kota Palembang,1800000000000,1460375635726,81.13,217564084067.23,179064396950.27,82.3,111871994794.05,110871994794.05,99.11,39636953011,33033386793.08,83.34,2169073031872.28,1783345414263.4,82.22,0,0,0,0,0,0,0,0,0,0,0,0,0,0,0,0,0,0,0,0,0,0,0,0,0,0,0,0,0,0,2583673248820.18,2456651776917,95.08,0,0,0,0,0,0,483487486553.62,376373442682.47,77.85,3067160735373.8,2833025219599.47,92.37,0,0,0,0,0,0,0,11712367383,0,0,11712367383,0,5236233767246.08,4628083001245.87,88.39,,2157594460700.06,1870605322621,86.7,1701630968621.26,1244895981995.25,73.16,121187257,121187257,100,22497990214,17307421048.06,76.93,103048999618.57,53712476646,52.12,0,0,0,3984893606410.89,3186642389567.31,79.97,14000000,13956000,99.69,397518794988.98,280836874626,70.65,253745233879.04,167636613233.56,66.06,586499608546.3,366547367565,62.5,58678058844,54265471000,92.48,15046772906.5,6525178423,43.37,1311502469164.82,875825460847.56,66.78031352890214,6992410274,599400000,8.57,0,0,0,0,0,0,0,0,0,5303388485849.71,4063067250414.87,76.61266492650472,,115214461723.63,115214461723.63,100,48059743120,11039320377.6,22.97,67154718603.630005,104175141346.03,155.12706107951567,,0.0001220703125,669190892177.03,,5351448228969.71,4743297462969.5,88.63577222502077,5351448228969.71,4074106570792.47,76.13091627678588,,19 Desember
17,Kota Prabumulih,78612712403,64420124071,81.95,7766000000,2379901431,30.65,2825559603,2825559603.4,100,73400000000,82856570451.45,112.88,162604272006,152482155556.85,93.77,0,0,0,0,0,0,0,0,0,0,0,0,0,0,0,0,0,0,0,0,0,0,0,0,0,0,0,0,0,0,905010947697,739239406604,81.68,0,0,0,0,0,0,112725656897,104677277511,92.86,1017736604594,843916684115,82.92,0,0,0,0,0,0,0,0,0,0,0,0,1180340876600,996398839671.85,84.42,,645704171498,488494883652.44,75.65,409978087910,350740667149,85.55,0,0,0,430800000,350145000,81.28,14015189274,5716814386,40.79,903000000,339000000,37.54,1071031248682,845641510187.44,78.96,837500000,644479026,76.95,38403443089,10255304965,26.7,32709944970,12147775805,37.14,120529731326,64392479265.63,53.42,3650888600,1610617300,44.12,0,0,0,196131507985,89050656361.63,45.403544426141124,26837370503,303108000,1.13,0,0,0,74634207910,35403016990,47.44,74634207910,35403016990,47.43537579000214,1368634335080,970398291539.07,70.90267039678993,,188293458480,188477098821.2,100.1,0,0,0,188293458480,188477098821.2,100.09752879504283,,0,214477646953.98004,,1368634335080,1184875938493.05,86.57359443081567,1368634335080,970398291539.07,70.90267039678993,,19 Desember
IX,Prov. Kep. Bangka Belitung,673053980016.46,661085710903.69,98.22,79349447001,66150556861.42,83.37,7022018779.78,7022018779.78,100,160319025070.22,63777439173.15,39.78,919744470867.46,798035725718.04,86.77,125571059000,115990534580,92.37,1023051251000,965754949179,94.4,28721306000,19709321390,68.62,206968726080,197442672919,95.4,1384312342080,1298897478068,93.83,0,0,0,0,0,0,0,0,0,0,0,0,0,0,0,1384312342080,1298897478068,93.83,0,0,0,0,0,0,0,0,0,1384312342080,1298897478068,93.83,0,0,0,0,0,0,0,0,0,0,0,0,2304056812947.46,2096933203786.04,91.01,,1025061392339.38,871012547158,84.97,754989345180.14,541982753308.53,71.79,0,0,0,0,0,0,48662490000,47470511441,97.55,1262036000,888222542,70.38,1829975263519.52,1461354034449.53,79.86,0,0,0,77251010992.51,39906717753,51.66,25008975776,8334236258.45,33.32,59580842826,38038128936.22,63.84,8021393580,1581891050,19.72,0,0,0,169862223174.51,87860973997.67,51.72484638176728,10968907347.19,818763380,7.46,349919618839,276485503618,79.01,17438772000,6826800000,39.15,367358390839,283312303618,77.12150060624738,2378164784880.2197,1833346075445.2,77.09079232444944,,135214453221.76,135214453221.76,100,61106481289,59100634401,96.72,74107971932.76,76113818820.76,102.70665467653055,,0.0002288818359375,339700947161.6001,,2439271266169.2197,2232147657007.8,91.50879149711383,2439271266169.2197,1892446709846.2,77.58246227440762,,19 Desember
1,Kab. Bangka,98083200000,92216776101.66,94.02,102913778651,114937288640,111.68,5920076647,5920076646.83,100,2803030000,4347277016.67,155.09,209720085298,217421418405.16,103.67,102137333000,95884913000,93.88,554827656000,536844563547,96.76,171168382000,119748013343,69.96,0,0,0,828133371000,752477489890,90.86,15785588000,15785588000,100,0,0,0,0,0,0,59907742000,50406272496,84.14,75693330000,66191860496,87.45,903826701000,818669350386,90.58,59165099497,52141036408,88.13,5475236000,3500000000,63.92,64640335497,55641036408,86.08,968467036497,874310386794,90.28,0,0,0,0,0,0,6454727122,6564277543,101.7,6454727122,6564277543,101.7,1184641848917,1098296082742.16,92.71,,559973749922.97,473468055461,84.55,374031622570.15,319018884378.58,85.29,0,0,0,1100000000,772612400,70.24,57232658032,52476211315,91.69,5040565500,4527095700,89.81,997378596025.12,850262859254.58,85.25,0,0,0,31490016406,19419844559,61.67,32256182385,19064150303.16,59.1,19458858104,11974335228.89,61.54,4804067716,1963576050,40.87,330861000,71101050,21.49,88339985611,52493007191.05,59.421570909236856,7100422989.53,1749913050,24.65,10584962800,7589397610,71.7,125208103100,115706633596,92.41,135793065900,123296031206,90.79700085481316,1228612070525.65,1027801810701.63,83.65551953774106,,43970221608.65,43970221608.65,100,0,0,0,43970221608.65,43970221608.65,100,,9.918212890625e-05,114464493649.18002,,1228612070525.65,1142266304350.81,92.97208872952896,1228612070525.65,1027801810701.63,83.65551953774106,,12 Desember
2,Kab. Bangka Barat,67942315269.16,45635388855,67.17,48633767400,31264053758.55,64.28,10000000000,4793629056.31,47.94,9501870844.02,8199679560.91,86.3,136077953513.18,89892751230.77,66.06,118816216639,106029413000,89.24,472369092000,441940463340,93.56,217968840000,81210905480,37.26,0,0,0,809154148639,629180781820,77.76,0,0,0,0,0,0,0,0,0,56336310000,51548870060,91.5,56336310000,51548870060,91.5,865490458639,680729651880,78.65,58332262194.09,27890117259,47.81,1623828000,0,0,59956090194.09,27890117259,46.52,925446548833.09,708619769139,76.57,0,0,0,0,0,0,0,0,0,0,0,0,1061524502346.27,798512520369.77,75.22,,436357457364.25,348357823513.14,79.83,325982063667.92,213208407876.47,65.4,0,0,0,0,0,0,20460947645,9117681920,44.56,6011083000,2609582961,43.41,788811551677.17,573293496270.61,72.68,296646000,296646000,100,37806377174.2,18920085445,50.04,69600676572,36972006188,53.12,44233847178,29413391902.65,66.5,5286897650,671484140,12.7,0,0,0,157224444574.2,86273613675.65,54.87290090882419,5457426216,0,0,5452374516.91,5452374516.91,100,118371152863.9,110951151964,93.73,123823527380.81,116403526480.91,94.00760012507128,1075316949848.1802,775970636427.17,72.162038972484,,13792447501.91,13692447501.91,99.27,0,0,0,13792447501.91,13692447501.91,99.27496552017942,,-0.000156402587890625,36234331444.50998,,1075316949848.18,812204967871.68,75.53168096033008,1075316949848.1802,775970636427.17,72.162038972484,,12 Desember
3,Kab. Bangka Selatan,56063568251,40627938738,72.47,35624086267,31006071158,87.04,5801968375.93,5801968375.93,100,10010980747,10380626105.64,103.69,107500603640.93,87816604377.57,81.69,0,0,0,0,0,0,0,0,0,0,0,0,0,0,0,0,0,0,0,0,0,0,0,0,0,0,0,0,0,0,714368198000,611743188913,85.63,0,0,0,0,0,0,40957384531,34487294292,84.2,755325582531,646230483205,85.56,0,0,0,0,0,0,13490133452,8440041229,62.56,13490133452,8440041229,62.56,876316319623.93,742487128811.57,84.73,,423333501020.68,344603342054,81.4,257649396887.01,176398752030,68.46,0,0,0,0,0,0,10563050000.03,4084348000,38.67,1740500000,1455759400,83.64,693286447907.72,526542201484,75.95,50000000,0,0,26865098544.4,14521312658,54.05,20786347402,15833165942,76.17,13526868000,9082716610,67.15,3977606800,0,0,0,0,0,65205920746.4,39437195210,60.48100350178295,6842081740,700392000,10.24,8426343517,4331352348,51.4,104568969653,98986597873,94.66,112995313170,103317950221,91.43560677207864,878329763564.12,669997738915,76.28088751043317,,2013443940.19,2013443940.19,100,0,0,0,2013443940.19,2013443940.19,100,,5.8650970458984375e-05,74502833836.75995,,878329763564.12,744500572751.7599,84.7632180572701,878329763564.12,669997738915,76.28088751043317,,12 Desember
4,Kab. Bangka Tengah,84555491338,67792846020,80.18,50261701000,47157098798.73,93.82,4453766000,4453766480.85,100,6408194754,7892342195.54,123.16,145679153092,127296053495.12,87.38,0,0,0,0,0,0,0,0,0,0,0,0,655418530858,644378214179,98.32,0,0,0,0,0,0,0,0,0,52027568000,50211261800,96.51,52027568000,50211261800,96.51,707446098858,694589475979,98.18,45051409736,32753249811,72.7,1686654000,0,0,46738063736,32753249811,70.08,754184162594,727342725790,96.44,0,0,0,0,0,0,0,0,0,0,0,0,899863315686,854638779285.12,94.97,,445855495903,389548908009.6,87.37,271900267079,213609164214,78.56,0,0,0,300000000,300000000,100,13084503000,8214151521,62.78,1063000000,835969860,78.64,732203265982,612508193604.6,83.65,50000000,47006000,94.01,15889463923,6792399167,42.75,31729054079,18807029940,59.27,27593158316,18139503225,65.74,141536700,0,0,335000000,334001500,99.7,75738213018,44119939832,58.25320940898675,2500000000,443619400,17.74,9005091000,4580658000,50.87,103026884000,100191172587,97.25,112031975000,104771830587,93.51957830521152,922473454000,761843583423.6,82.58704682721417,,22610138314,0,0,0,0,0,22610138314,0,0,,0,92795195861.52002,,922473454000,854638779285.12,92.64643612011409,922473454000,761843583423.6,82.58704682721417,,12 Desember
5,Kab. Belitung,109084621493,96688951396,88.64,78007440946,83837263993.5,107.47,5600000000,4886428412.02,87.26,9662262200,11193116731.25,115.84,202354324639,196605760532.77,97.16,39425962000,36723928600,93.15,489709683000,477602496531,97.53,10821511000,7644024304,70.64,91553177190,67444716897,73.67,631510333190,589415166332,93.33,20586869000,20586869000,100,0,0,0,0,0,0,41614636000,40620586600,97.61,62201505000,61207455600,98.4,693711838190,650622621932,93.79,42743036393,38619273635,90.35,1781282000,323400000,18.16,44524318393,38942673635,87.46,738236156583,689565295567,93.41,0,0,0,0,0,0,0,0,0,0,0,0,940590481222,886171056099.77,94.21,,529950395509,427915753357,80.75,335543976031.7,240731417177.54,71.74,0,0,0,648688228,406305220,62.63,21495325230,18798773030,87.46,466215618,242692000,52.06,888104600616.7,688094940784.54,77.48,500000000,491325000,98.27,17118173570,5626256244,32.87,11732488800,7339218459,62.55,11192587965,8011752877,71.58,3037603347,1459479050,48.05,39120000,31125000,79.56,43619973682,22959156630,52.63450362757604,1550000000,0,0,11811046305,11649728500,98.63,94528236500,91905243650,97.23,106339282805,103554972150,97.38167252819851,1039613857103.7,814609069564.54,78.35688837718945,,99023375881.7,99023375881.7,100,0,0,0,99023375881.7,99023375881.7,100,,0,170585362416.93,,1039613857103.7,985194431981.47,94.76541941506636,1039613857103.7,814609069564.54,78.35688837718945,,12 Desember
6,Kab. Belitung Timur,65042000000,51984730053.56,79.92,8157961423,6938588958.56,85.05,4420623853,4420623853.81,100,53260064907,42198958804.24,79.23,130880650183,105542901670.17,80.64,44162899000,40245165400,91.13,437316205569,421644840699,96.42,96666842000,85772285235,88.73,0,0,0,578145946569,547662291334,94.73,14324031000,14324031000,100,0,0,0,0,0,0,39418079000,38509327190,97.69,53742110000,52833358190,98.31,631888056569,600495649524,95.03,36115581377,25430672329,70.41,1120262000,0,0,37235843377,25430672329,68.3,669123899946,625926321853,93.54,0,0,0,0,0,0,100000000,0,0,100000000,0,0,800104550129,731469223523.17,91.42,,464935057504,396397539304.01,85.26,227037701394,169657207475.08,74.73,0,0,0,0,0,0,10053668803,9077634303,90.29,2970000000,2670000000,89.9,704996427701,577802381082.09,81.96,0,0,0,12889964502,5383798509,41.77,20985976306,8174860828,38.95,17504143337,10811610781.28,61.77,2133201590,301622700,14.14,180000000,0,0,53693285735,24671892818.28,45.94967970492,600000000,587088502,97.85,6825416750,3756075892.84,55.03,87501904000,79665634037,91.04,94327320750,83421709929.84,88.43854491630941,853617034186,686483072332.21,80.42049828431936,,53512484057,53469739557,99.92,0,0,0,53512484057,53469739557,99.92012237751014,,0,98455890747.96008,,853617034186,784938963080.17,91.95446337697318,853617034186,686483072332.21,80.42049828431936,,12 Desember
7,Kota Pangkalpinang,152179909235,147680275958,97.04,67723374160,68008216276.21,100.42,6707028141,6645398017.98,99.08,12815271985,15575274685.07,121.54,239425583521,237909164937.26,99.37,42885903000,37893580200,88.36,470005742000,418612697456,89.07,161556529000,107439892264,66.5,0,0,0,674448174000,563946169920,83.62,6985539000,6985539000,100,0,0,0,0,0,0,0,0,0,6985539000,6985539000,100,681433713000,570931708920,83.78,58098049511,49976119397,86.02,3926236000,2500000000,63.67,62024285511,52476119397,84.61,743457998511,623407828317,83.85,0,0,0,0,0,0,10411210000,8045755688,77.28,10411210000,8045755688,77.28,993294792032,869362748942.26,87.52,,546104451385.82,424911206226,77.81,358243515113,270904760492.48,75.62,0,0,0,0,0,0,42996619600,31758421062,73.86,1331840000,1098726556,82.5,948676426098.82,728673114336.48,76.81,0,0,0,32301034902,18264998125,56.55,34972341411,25289917720,72.31,20744991000,13649740733,65.8,11550028318,6296861185.89,54.52,111223000,0,0,99679618631,63501517763.89,63.70561869720201,1712140024.08,43182355,2.52,0,0,0,0,0,0,0,0,0,1050068184753.8999,792217814455.37,75.44441646339745,,56773392721.9,56773392721.9,100,0,0,0,56773392721.9,56773392721.9,100,,9.918212890625e-05,133918327208.79001,,1050068184753.9,926136141664.16,88.19771469232872,1050068184753.8999,792217814455.37,75.44441646339745,,12 Desember
X,Prov. Lampung,3527241001166,2417330689165.34,68.53,460064021408,531271757318.45,115.48,27601917000,27350092457.96,99.09,208054000000,141440097029.65,67.98,4222960939574,3117392635971.4,73.82,0,0,0,0,0,0,0,0,0,0,0,0,0,0,0,0,0,0,0,0,0,0,0,0,0,0,0,0,0,0,3397057847000,2748463088323,80.91,0,0,0,0,0,0,30965696176,31697045108,102.36,3428023543176,2780160133431,81.1,60816000000,9696690000,15.94,0,0,0,0,0,0,60816000000,9696690000,15.94,7711800482750,5907249459402.4,76.6,,2842698084564,2183143470759.88,76.8,1956070477029.26,1534624060889.97,78.45,0,0,0,0,0,0,430479390478,341208461063.8,79.26,1824843000,442386000,24.24,5231072795071.26,4059418378713.65,77.6,21614939500,0,0,150627821995,140454660890.35,93.25,176885852694.31,91761327073.24,51.88,952346319645.28,670144816756.8,70.37,37182527580,27664045704.65,74.4,1371839000,47852100,3.49,1340029300414.59,930072702525.0402,69.40689298639113,11236250000,1243747989,11.07,1188359418884.47,810742645577,68.22,11000000000,11000000000,100,1199359418884.47,821742645577,68.5151283792232,7781697764370.319,5812477474804.69,74.69420749567014,,69897281620.32,69897281620.32,100,0,0,0,69897281620.32,69897281620.32,100,,0.00067138671875,164669266218.02997,,7781697764370.32,5977146741022.721,76.81031725994282,7781697764370.319,5812477474804.69,74.69420749567014,,12 Desember
1,Kab. Lampung Barat,34573564765,33501600423,96.9,43612133398.01,42065936979,96.45,3296507077.37,3296507077.37,100,9281860751.57,11860815381.13,127.78,90764065991.95,90724859860.5,99.96,0,0,0,0,0,0,0,0,0,0,0,0,892990891725,833741035940,93.37,0,0,0,0,0,0,0,0,0,0,0,0,0,0,0,892990891725,833741035940,93.37,0,0,0,0,0,0,68461701068,41821776011,61.09,961452592793,875562811951,91.07,4037720000,4037720000,100,0,0,0,4121435790,4121435790,100,8159155790,8159155790,100,1060375814574.95,974446827601.5,91.9,,512647592349,422512609455.66,82.42,276723244433.9,217570924243.68,78.62,3079314290,1414459596,45.93,0,0,0,15843786188,14826175767,93.58,30000000,0,0,808323937260.9,656324169062.34,81.2,2801200000,1321962499,47.19,29592784244,23718219659,80.15,36075222105,26756538694,74.17,32870568663,17047424452,51.86,5866485280,4247264095,72.4,370000000,194494000,52.57,107576260292,73285903399,68.1246059307845,3282046716.12,997859000,30.4,4289353900,244148900,5.69,170710597000,139614075960,81.78,174999950900,139858224860,79.91900805727597,1094182195169.02,870466156321.34,79.55404138036424,,53725043214.07,53725043214.07,100,19918662620,18424923295,92.5,33806380594.07,35300119919.07,104.41851301071259,,-6.866455078125e-05,139280791199.23004,,1114100857789.02,1028171870815.57,92.28714470752857,1114100857789.02,888891079616.34,79.78551254151098,,12 Desember
2,Kab. Lampung Selatan,250708473800,243279041393.45,97.04,18795924140,17010917073,90.5,3869021661.41,3869021661.41,100,152552813211.59,156719901563.53,102.73,425926232813,420878881691.39,98.81,0,0,0,0,0,0,0,0,0,0,0,0,1615606155800,1583132138137,97.99,15172793000,15172793000,100,0,0,0,0,0,0,258778628000,173788322800,67.16,273951421000,188961115800,68.98,1889557576800,1772093253937,93.78,122513609981,80666138479,65.84,0,0,0,122513609981,80666138479,65.84,2012071186781,1852759392416,92.08,0,0,0,0,0,0,0,0,0,0,0,0,2437997419594,2273638274107.39,93.26,,844776131179.51,727175706675.28,86.08,666753462553.63,501859094056.44,75.27,3030073200,2438075234,80.46,288800000,257427000,89.14,107866625274,36536857156,33.87,10332790000,10213016470,98.84,1633047882207.14,1278480176591.72,78.29,1500000000,0,0,61637788822,42704893901,69.28,96422653597,31752296461,32.93,336329284338.72,179967588179.28,53.51,14588887424,8233575400,56.44,0,0,0,510478614181.72,262658353941.28,51.45335115797407,4775207000,798122151,16.71,36770968238.4,10565481000,28.73,384404422400,277846640528,72.28,421175390638.4,288412121528,68.47791393766786,2569477094027.26,1830348774212,71.23429037241232,,154712674433.26,154712674433.26,100,23233000000,20379816347,87.72,131479674433.26001,134332858086.26001,102.17005682840225,,0.000244140625,577622357981.6501,,2592710094027.26,2428350948540.6504,93.66072026852373,2592710094027.26,1850728590559,71.38201046165794,,12 Desember
3,Kab. Lampung Tengah,263232643902,222309346073.68,84.45,56373620299,18030382905.56,31.98,8061458068,6047939969.8,75.02,65506627639,66860456611.7,102.07,393174349908,313248125560.74,79.67,0,0,0,0,0,0,0,0,0,0,0,0,2445666671642.75,1960092124418,80.15,0,0,0,0,0,0,0,0,0,0,0,0,0,0,0,2445666671642.75,1960092124418,80.15,0,0,0,0,0,0,88500000000,72879233403,82.35,2534166671642.75,2032971357821,80.22,0,0,0,0,0,0,0,0,0,0,0,0,2927341021550.75,2346219483381.74,80.15,,1459165003831.99,979531153623.69,67.13,593950473718,320958442273.24,54.04,14000000000,3710912056,26.51,691000000,459060000,66.43,80724698276,55210823938,68.39,0,0,0,2148531175825.99,1359870391890.93,63.29,5855000000,0,0,75609575017,58304832759,77.11,122304876155,73398234657.67,60.01,269625436927,117396049182.39,43.54,411759050,244562000,59.39,307370000,0,0,474114017149,249343678599.06,52.59150111157728,15000000000,9463733853,63.09,27157810790,0,0,473312094800,447079171440,94.46,500469905590,447079171440,89.33187918920757,3138115098564.99,2065756975782.99,65.8279543898064,,262564940484.24,173996529084.24,66.27,51790863470,13857464630,26.76,210774077014.24,160139064454.24,75.97664130367461,,-0.000244140625,440601572052.99023,,3189905962034.99,2520216012465.9805,79.00596577017012,3189905962034.99,2079614440412.99,65.19359708918525,,12 Desember
4,Kab. Lampung Timur,152870000000,119694963893,78.3,109885553121,89269670365.16,81.24,3204913365,2458750404,76.72,12020000000,24368381411.58,202.73,277980466486,235791766073.74,84.82,66056746000,65991978800,99.9,1227167934000,1224044738084,99.75,16319325000,14643295583,89.73,369026717000,193254423304,52.37,1678570722000,1497934435771,89.24,0,0,0,0,0,0,0,0,0,269502286000,142078249474,52.72,269502286000,142078249474,52.72,1948073008000,1640012685245,84.19,117161741153,76598704794,65.38,0,0,0,117161741153,76598704794,65.38,2065234749153,1716611390039,83.12,0,0,0,0,0,0,0,0,0,0,0,0,2343215215639,1952403156112.74,83.32,,933435713189.93,759030162589.3,81.32,511587454712.59,352943909118.02,68.99,0,0,0,0,0,0,220427815097.6,108364654016.75,49.16,4356296000,3914700000,89.86,1669807279000.12,1224253425724.07,73.32,2199400000,250000000,11.37,51967697719.44,29873813862,57.49,87069854995.87,38140330273.51,43.8,133294802955.57,66924174211.51,50.21,15414570000,8706072176,56.48,0,0,0,289946325670.88,143894390523.02002,49.62794068525479,18370523232,278009089,1.51,28148978639,14869800000,52.83,445905436000,281762956557,63.19,474054414639,296632756557,62.573566957052925,2452178542542,1665058581893.09,67.90119695636197,,113463326903,113463326903.38,100,4500000000,0,0,108963326903,113463326903.38,104.12982985035501,,0,400807901123.0299,,2456678542542,2065866483016.12,84.09185195546607,2456678542542,1665058581893.09,67.77681951706239,,12 Desember
5,Kab. Lampung Utara,99230160674,79185704334.43,79.8,3847200000,2166969747,56.33,9076775956,7227656555.83,79.63,81118994187,54134602767.78,66.73,193273130817,142714933405.04,73.84,24961040646,22092694600,88.51,979247640700,952812057723,97.3,25258580000,12696781687,50.27,259735533000,234311678769,90.21,1289202794346,1221913212779,94.78,7593331000,7593331000,100,0,0,0,0,0,0,203009196000,200913635820,98.97,210602527000,208506966820,99,1499805321346,1430420179599,95.37,129373960376.92,58463685211,45.19,0,0,0,129373960376.92,58463685211,45.19,1629179281722.92,1488883864810,91.39,0,0,0,0,0,0,0,0,0,0,0,0,1822452412539.92,1631598798215.04,89.53,,846217801449.24,696265588897,82.28,479096039205.75,319580485114,66.7,3000000000,2897892381,96.6,0,0,0,25754670520.5,16179919000,62.82,600000000,0,0,1354668511175.49,1034923885392,76.4,0,0,0,32068309837.24,17166398651,53.53,16465579550,14332715250,87.05,64559313303,29753814069,46.09,8784691900,5710854842,65.01,161000789,153595000,95.4,122038895379.24,67117377812,54.996710354867176,8076081700,2176475700,26.95,13784091555.4,5571629810,40.42,316238751633.6,293485378305,92.81,330022843189,299057008115,90.61706311757752,1814806331443.73,1403274747019,77.32366383704729,,25759236039.81,25759236039.81,100,33405317136,29881540708,89.45,-7646081096.189999,-4122304668.1899986,53.91395430325897,,-5.7220458984375e-05,224201746527.85004,,1848211648579.73,1657358034254.85,89.67360613317514,1848211648579.73,1433156287727,77.54286630691448,,12 Desember
6,Kab. Mesuji,41165510793,40438785128,98.23,59410664794.82,51167660337.6,86.13,1805058008.74,1805058008.74,100,4278729334.85,4506993471.15,105.33,106659962931.41,97918496945.49,91.8,28489040000,26605153000,93.39,443170557000,438569133134,98.96,33793360000,28049540935,83,124489406000,117452970169,94.35,629942363000,610676797238,96.94,7507964000,7507964000,100,0,0,0,0,0,0,90604939000,77238548104,85.25,98112903000,84746512104,86.38,728055266000,695423309342,95.52,55660497603,37576446436,67.51,0,0,0,55660497603,37576446436,67.51,783715763603,732999755778,93.53,0,0,0,0,0,0,2177458904.48,2127563133.48,97.71,2177458904.48,2127563133.48,97.71,892553185438.89,833045815856.97,93.33,,368495695821.8,316518039669,85.89,287967736669.2,180292362375.16,62.61,1235000000,7028307,0.57,663550000,301425000,45.43,17314394716,6796989275,39.26,7900000000,2169550000,27.46,683576377207,506085394626.16,74.03,200000000,0,0,31205845442,20757757376.58,66.52,32476132295,14402662852.89,44.35,66828743520,22348309679.81,33.44,5382520673,1877425900,34.88,112500000,0,0,136205741930,59386155809.28,43.60033209157969,1085400000,0,0,4574451079,0,0,144997382200,111159567354,76.66,149571833279,111159567354,74.31851633900304,970439352416,676631117789.44,69.72420441369192,,77734116837.81,20744718463.04,26.69,0,0,0,77734116837.81,20744718463.04,26.68676162658831,,-152050139.2999878,177159416530.57004,,970287302276.7,853790534320.01,87.99358007846338,970439352416,676631117789.44,69.72420441369192,,12 Desember
7,Kab. Pesawaran,108179717778,69590219664.08,64.33,22159914000,16318288685,73.64,3100000000,1200266471.11,38.72,42377152133.61,20149393678.39,47.55,175816783911.61,107258168498.58,61.01,0,0,0,0,0,0,0,0,0,0,0,0,0,0,0,0,0,0,0,0,0,0,0,0,0,0,0,0,0,0,1042818364800,1008010717306,96.66,0,0,0,0,0,0,87279466866,49789290475,57.05,1130097831666,1057800007781,93.6,0,0,0,0,0,0,10000000000,2132639596,21.33,10000000000,2132639596,21.33,1315914615577.61,1167190815875.58,88.7,,516222342488.57,477991359064,92.59,401465511695,297262662969.49,74.04,0,0,0,0,0,0,38309528739,35590520980,92.9,323675000,126805000,39.18,956321057922.57,810971348013.49,84.8,0,0,0,29198896652,24973390760,85.53,23142093634,14502791328,62.67,59472191271,28537738638,47.99,8548689600,8294217906,97.02,40000000,0,0,120401871157,76308138632,63.37786771809946,5800000000,4792909092,82.64,11286552778,4006771223,35.5,228337238370,210745543086,92.3,239623791148,214752314309,89.62061458094597,1322146720227.5698,1106824710046.49,83.71421213040423,,7232104649.96,7232104649.96,100,1000000000,0,0,6232104649.96,7232104649.96,116.04594364451853,,0.00028324127197265625,67598210479.05009,,1323146720227.57,1174422920525.54,88.75984065648814,1323146720227.5698,1106824710046.49,83.6509430984438,,19 Desember
8,Kab. Pesisir Barat,23000977292,16108183765.85,70.03,1567670380,1048910353,66.91,2429479534,2031236372.24,83.61,28865190427,3821406021.89,13.24,55863317633,23009736512.98,41.19,17273304000,14074993000,81.48,433466846000,422879065495,97.56,13140993000,9811619135,74.66,110063568000,103345802417,93.9,573944711000,550111480047,95.85,15831170000,15831170000,100,0,0,0,0,0,0,93697795000,80677535780,86.1,109528965000,96508705780,88.11,683473676000,646620185827,94.61,187093965214.65,35276728052,18.86,0,0,0,187093965214.65,35276728052,18.86,870567641214.65,681896913879,78.33,0,0,0,0,0,0,17963068040,12778359994,71.14,17963068040,12778359994,71.14,944394026887.65,717685010385.98,75.99,,464569351525,315695455697.28,67.95,210035419596,149168414365.07,71.02,0,0,0,0,0,0,6324186660,5509186660,87.11,2524400000,1111000000,44.01,683453357781,471484056722.35,68.99,1997500000,1953458750,97.8,12026187912,6593819126,54.83,48018374375,16938072234,35.27,41888472085,29099737160,69.47,3923829998,886893200,22.6,580000000,579420000,99.9,108434364370,56051400470,51.691547043833154,9000000000,205600000,2.28,2652939000,0,0,142293566476,121397153541,85.31,144946505476,121397153541,83.75307368903815,945834227627,649138210733.35,68.63128778517252,,1440200739.35,1440200739.35,100,0,0,0,1440200739.35,1440200739.35,100,,2.4318695068359375e-05,69987000391.98001,,945834227627,719125211125.33,76.03078743825338,945834227627,649138210733.35,68.63128778517252,,12 Desember
9,Kab. Pringsewu,62000000000,58118903732.4,93.74,106581332162,75771480061,71.09,2650279838,2650279838.06,100,11084109643.68,7885720563.4,71.14,182315721643.68,144426384194.86,79.22,0,0,0,0,0,0,0,0,0,0,0,0,0,0,0,0,0,0,0,0,0,0,0,0,0,0,0,0,0,0,1034204137991,972725118987,94.06,0,0,0,0,0,0,75961469140.5,45997140024,60.55,1110165607131.5,1018722259011,91.76,0,0,0,0,0,0,0,0,0,0,0,0,1292481328775.18,1163148643205.86,89.99,,587354502212.52,544090297975,92.63,365360111349.8,294629351700.75,80.64,0,0,0,103914070,92559000,89.07,21773407200,20922632907.24,96.09,1200000000,1200000000,100,975791934832.32,860934841582.99,88.23,0,0,0,23542176701,12062267600,51.24,35063579530,18478839192.53,52.7,77256868753,52483460830,67.93,6699534700,5447511340,81.31,152930000,108598000,71.01,142715089684,88580676962.53,62.06819275990051,1500000000,514000000,34.27,6930333816,5790391285,83.55,188176680336,155811785346,82.8,195107014152,161602176631,82.82745616982395,1315114038668.3198,1111631695176.52,84.52739933505346,,22632709893.14,22632709893.14,100,0,0,0,22632709893.14,22632709893.14,100,,0.0001068115234375,74149657922.48009,,1315114038668.3198,1185781353099,90.16566763287831,1315114038668.3198,1111631695176.52,84.52739933505346,,12 Desember
10,Kab. Tanggamus,52048554470,49046365369.17,94.23,63942505698,43580502950.06,68.16,4017476463,1917276660.61,47.72,10127918981,13328671280.43,131.6,130136455612,107872816260.27,82.89,0,0,0,0,0,0,0,0,0,0,0,0,1214587931000,1053370559352,86.73,0,0,0,0,0,0,0,0,0,257808541000,212712306002,82.51,257808541000,212712306002,82.51,1472396472000,1266082865354,85.99,70791738562,53594289562,75.71,0,0,0,70791738562,53594289562,75.71,1543188210562,1319677154916,85.52,0,0,0,0,0,0,45933761080.45,12828897612,27.93,45933761080.45,12828897612,27.93,1719258427254.45,1440378868788.27,83.78,,725403043624.72,619641593618.58,85.42,460830537984.21,321127960302.59,69.68,3468490878.59,3037186802,87.57,225000000,225000000,100,14562023209,13273924349,91.15,1830000000,1463500000,79.97,1206319095696.52,958769165072.17,79.48,1600000000,0,0,29557860790.25,16171779446.89,54.71,51020401615,24041995730,47.12,25916749750,11150203982,43.02,7794670450,0,0,200000000,195027000,97.51,116089682605.25,51559006158.89,44.41308219801982,10500000000,9670432932,92.1,6947071412.27,6454228562,92.91,362759490598,311480750812,85.86,369706562010.27,317934979374,85.99657459289784,1702615340312.04,1337933583537.06,78.5810835753339,,12249967237.59,12249967237.59,100,28893054180,28893054180,100,-16643086942.41,-16643086942.41,100,,-8.7738037109375e-05,85802198308.79996,,1731508394492.04,1452628836025.86,83.89383734128573,1731508394492.04,1366826637717.06,78.93849328510105,,12 Desember
11,Kab. Tulang Bawang,81154052936,62011109469.75,76.41,6886146368,6786547811.44,98.55,1958054601,1958054601.32,100,93578565731,53260032385.13,56.91,183576819636,124015744267.64,67.56,35697903572,31689187500,88.77,630213091000,625123549445,99.19,35746193000,31625274147,88.47,188145402000,186536565726,99.14,889802589572,874974576818,98.33,7331903000,7331903000,100,0,0,0,0,0,0,133838121000,133024651000,99.39,141170024000,140356554000,99.42,1030972613572,1015331130818,98.48,112527412805,37229364814,33.08,0,0,0,112527412805,37229364814,33.08,1143500026377,1052560495632,92.05,0,0,0,0,0,0,0,0,0,0,0,0,1327076846013,1176576239899.64,88.66,,589216324969,560343248916.87,95.1,379854753579,267447499782.6,70.41,0,0,0,1000000000,432358000,43.24,33374358103,24778239558,74.24,2232600000,752500000,33.71,1005678036651,853753846257.47,84.89,0,0,0,29223340755,22901039301,78.37,25058517653,19543225831.76,77.99,62415351452,51882071740.21,83.12,5139027380,5045766200,98.19,10000000,0,0,121846237240,99372103072.97,81.55533180498402,3200000000,324978613,10.16,8494066722,2894238815,34.07,202256257714,192849444036,95.35,210750324436,195743682851,92.8794218347421,1341474598327,1149194610794.44,85.66652042667381,,15697752314,15697752314,100,1300000000,1000000000,76.92,14397752314,14697752314,102.08365857015255,,0,42079381419.19995,,1342774598327,1192273992213.64,88.79181909600666,1342774598327,1150194610794.44,85.65805550890666,,12 Desember
12,Kab. Tulang Bawang Barat,46019771073,41768780302,90.76,10789351409,8924004715.28,82.71,1739893790,1796157198.74,103.23,17559570200.43,16193711776.49,92.22,76108586472.43,68682653992.51,90.24,0,0,0,0,0,0,0,0,0,0,0,0,736687589189,724825213873,98.39,0,0,0,0,0,0,0,0,0,0,0,0,0,0,0,736687589189,724825213873,98.39,0,0,0,0,0,0,120430596498,43477324391,36.1,857118185687,768302538264,89.64,0,0,0,0,0,0,0,0,0,0,0,0,933226772159.43,836985192256.51,89.69,,377499741042.63,340561038508,90.21,235278811489,187598363866.53,79.73,2500000000,2455883912,98.24,0,0,0,22848594264,17370044973,76.02,2014000000,14000000,0.7,640141146795.63,547999331259.53,85.61,568300000,507039600,89.22,11671867624,9432232467,80.81,41859081998,30247123641,72.26,79957994594,61974799385,77.51,4593017418,3940968868,85.8,100000000,0,0,138750261634,106102163961,76.46988388452901,200000000,76323783,38.16,16626988737,7516216090,45.2,151078411298,134752015299,89.19,167705400035,142268231389,84.83223042269881,946796808464.63,796446050392.53,84.12006074292584,,26070036305.2,26057018306.39,99.95,12500000000,12466058328,99.73,13570036305.2,13590959978.39,100.15419025210699,,4.9591064453125e-05,54130101842.36998,,959296808464.63,863042210562.9,89.96612966368698,959296808464.63,808912108720.53,84.32344417107015,,12 Desember
13,Kab. Way Kanan,43319837633,43505145447.67,100.43,49771163110,38174699113.93,76.7,4537071122,4537071122.98,100,5952008878,8570551595.77,143.99,103580080743,94787467280.35,91.51,26730249000,25530819400,95.51,679799894000,676685849809,99.54,267771689000,183646577247,68.58,0,0,0,974301832000,885863246456,90.92,0,0,0,0,0,0,0,0,0,192712913000,182946089720,94.93,192712913000,182946089720,94.93,1167014745000,1068809336176,91.58,89893719967,45820726755,50.97,1500000000,1500000000,100,91393719967,47320726755,51.78,1258408464967,1116130062931,88.69,0,0,0,0,0,0,0,0,0,0,0,0,1361988545710,1210917530211.35,88.91,,641847204074,518039259799,80.71,350695823869.37,271880049017.94,77.53,0,0,0,3500000000,3500000000,100,28888471292,19980396807,69.16,0,0,0,1024931499235.37,813399705623.94,79.36,0,0,0,33357342500,30960107855,92.81,33394400089,21622263119,64.75,28677545918,19457438260,67.85,349100000,290490485,83.21,1386674050,312621985,22.54,97165062557,72642921704,74.76238865321106,2000000000,85000000,4.25,5279885226.63,2041466928,38.66,299919513000,274547436499,91.54,305199398226.63,276588903427,90.62563852816483,1429295960019,1162716530754.94,81.3488992678244,,70643412464,70643412464.41,100,2500000000,1500000000,60,68143412464,69143412464.41,101.46749328255069,,835998155,117344411920.82016,,1432631958174,1281560942675.76,89.45500170952548,1431795960019,1164216530754.94,81.31162283343018,,12 Desember
14,Kota Bandar Lampung,1030700000000,747394090537.7,72.51,63764598250,26350059985,41.32,14365985100,6795118772.41,47.3,396631531346,132276913580.24,33.35,1505462114696,912816182875.35,60.63,0,0,0,0,0,0,0,0,0,0,0,0,1615204483000,1499946982429,92.86,0,0,0,0,0,0,0,0,0,0,0,0,0,0,0,1615204483000,1499946982429,92.86,0,0,0,0,0,0,195241313900,92262133371,47.26,1810445796900,1592209115800,87.95,0,0,0,0,0,0,0,0,0,0,0,0,3315907911596,2505025298675.35,75.55,,1241851462034.1,830000802101.5,66.84,1486844822005,991405429756.17,66.68,10000000000,6124197088,61.24,3683121125,1007600000,27.36,114973556165,42245914490,36.74,11911470887,2675277417,22.46,2869264432216.1,1873459220852.67,65.29,0,0,0,83086540582,54259320894,65.3,124614894469,70905755234,56.9,74506692464,54474786787,73.11,12500063939,5006252700,40.05,90000000,89000000,98.89,294798191454,184735115615,62.664941973982856,84660800000,36806655955,43.48,0,0,0,0,0,0,0,0,0,3248723423670.1,2095000992422.67,64.48689898187567,,28815512074.1,7912500000,27.46,96000000000,72090159033,75.09,-67184487925.9,-64177659033,95.5245191476099,,-9.918212890625e-05,345846647219.6802,,3344723423670.1,2512937798675.35,75.13140790331633,3344723423670.1,2167091151455.67,64.79134077632533,,12 Desember
15,Kota Metro,72218920000,65268633957.74,90.38,286211337333,237578139070.76,83.01,6733816465,4268529100.12,63.39,18012853296,12257083560.74,68.05,383176927094,319372385689.36,83.35,0,0,0,0,0,0,0,0,0,0,0,0,657561699000,622788828961,94.71,0,0,0,0,0,0,0,0,0,0,0,0,0,0,0,657561699000,622788828961,94.71,0,0,0,0,0,0,60585916386,37302182832,61.57,718147615386,660091011793,91.92,0,0,0,0,0,0,0,0,0,0,0,0,1101324542480,979463397482.36,88.94,,390685880391,326454380811,83.56,527026964998,440932090114.04,83.66,0,0,0,0,0,0,46999186700,28381198938,60.39,403073000,287850000,71.41,965115105089,796055519863.04,82.48,0,0,0,57031780645,42011640535,73.66,33980810782,12805034013,37.68,63223122442,25151038321,39.78,2051407050,536126900,26.13,695000000,391500000,56.33,156982120919,80895339769,51.53156250879077,1300000000,480382478,36.95,0,0,0,1950000000,1641970294,84.2,1950000000,1641970294,84.20360482051282,1125347226008,879073212404.04,78.11573104617852,,0,26022683528.5,0,0,2000000000,0,0,24022683528.5,0,,-24022683528,124412868606.81995,,1101324542480,1005486081010.86,91.2978910600387,1125347226008,881073212404.04,78.29345397060379,,12 Desember
XI,Prov. DKI Jakarta,48000000000000,42714954906910,88.99,1396295297541,1270900854849,91.02,774000000000,484020829591,62.53,4028903045464,4547010403770,112.86,54199198343005,49016886995120,90.44,26330617720361,22005400831025,83.57,348572105000,266277900531,76.39,3371661809000,1884882047449,55.9,0,0,0,30050851634361,24156560779005,80.39,31797533000,31797533000,100,0,0,0,0,0,0,0,0,0,31797533000,31797533000,100,30082649167361,24188358312005,80.41,0,0,0,0,0,0,0,0,0,30082649167361,24188358312005,80.41,172576868000,12794184000,7.41,0,0,0,0,0,0,172576868000,12794184000,7.41,84454424378366,73218039491125,86.7,,21494737417693,16916370429416,78.7,31382423238857,25933971375452,82.64,143000000000,131737486571,92.12,7011138070237,3601732363666,51.37,3014479982073,2543983037337,84.39,4355658226574,4236052418468,97.25,67401436935434,53363847110910,79.17,1160296526916,96002376464,8.27,3792579523139,2308023844431,60.86,4322655246961,1734829513491,40.13,5652339335329,3070599791578,54.32,169044104138,48003189614,28.4,156324877024,132945379478,85.04,15253239613507,7390404095056,48.45137349387518,2956599618521,0,0,0,0,0,367899671520,362640348000,98.57,367899671520,362640348000,98.57044625827722,85979175838982,61116891553966,71.08336519580394,,7408465084046,5091178945334,68.72,5883713623430,1621554795588,27.56,1524751460616,3469624149746,227.5534235818519,,0,15570772086905,,91862889462412,78309218436459,85.24576017010784,91862889462412,62738446349554,68.29574675552199,,19 Desember
XII,Prov. Jawa Barat,17691848216117,16060479725262,90.78,855125149196,791932422837,92.61,368060136003,371969489083,101.06,457175200899,454911033512,99.5,19372208702215,17679292670694,91.26,2703170866000,2110056199200,78.06,3996117553000,3925829728550,98.24,153640882000,150972931831,98.26,4829397010000,4707886433854,97.48,11682326311000,10894745293435,93.26,0,0,0,0,0,0,0,0,0,0,0,0,0,0,0,11682326311000,10894745293435,93.26,0,0,0,0,0,0,0,0,0,11682326311000,10894745293435,93.26,23194776000,23200792000,100.03,0,0,0,0,0,0,23194776000,23200792000,100.03,31077729789215,28597238756129,92.02,,8692999040451.6,8375115714202,96.34,7825019201905.28,6706352490030,85.7,0,0,0,114490206871,94299129038,82.36,3078870672475,3044859453356,98.9,34076750000,33190645979,97.4,19745455871702.9,18253817432605,92.45,85527645699.25,37536901311,43.89,1244370421779.35,787533341493,63.29,1225218845382.48,525712170713,42.91,2359758841004.2,1560414892720,66.13,181537697758.85,180887064762,99.64,99454500000,94108040000,94.62,5195867951624.13,3186192410999,61.32165868462952,88382241449,31307258140,35.42,5833280488886,5263604291475,90.23,1354184037916,1277687802329,94.35,7187464526802,6541292093804,91.00973047465587,32217170591578.027,28012609195548,86.94931516695897,,1756246837507,1756246837507,100,616806035144,616806035144,100,1139440802363,1139440802363,100,,-0.02734375,1724070362944,,32833976626722,30353485593636,92.44535299124492,32833976626722.027,28629415230692,87.19448014527691,,19 Desember
1,Kab. Bandung,1476075067773,973966630074,65.98,623659990049,565307247940.08,90.64,83241073357,82642583246,99.28,49085929207,43670869577,88.97,2232062060386,1665587330837.08,74.62,517819281000,560919868400,108.32,2580376917000,2566924136847,99.48,1118268391200,1002034399519,89.61,0,0,0,4216464589200,4129878404766,97.95,13432133000,10177469500,75.77,0,0,0,0,0,0,396180329000,309551119614,78.13,409612462000,319728589114,78.06,4626077051200,4449606993880,96.19,404285201249,334307807421,82.69,41277273080,41227272800,99.88,445562474329,375535080221,84.28,5071639525529,4825142074101,95.14,0,0,0,0,0,0,35000000000,36748546683,105,35000000000,36748546683,105,7338701585915,6527477951621.08,88.95,,2876029855259.76,2448373611204,85.13,2202187984142.29,1784473788777,81.03,0,0,0,7423348640,4582954955,61.74,450945841102.2,365961077583,81.15,28987856300,26621029810,91.84,5565574885444.25,4630012462329,83.19,78304957517.42,63658767654,81.3,287476394911.91,212534005639,73.93,239261329400.96,132478161479,55.37,323492925020.16,188121979776,58.15,47340832180,34096571900,72.02,340770000,0,0,976217209030.45,630889486448,64.62593371761811,31485479187.91,12938776430,41.09,153975976124.3,135253135274,87.84,810479545089.7,705978741943,87.11,964455521214,841231877217,87.22350162484493,7537733094876.61,6115072602424,81.12614927398278,,209206508961.61,209258889471.61,100.03,10175000000,10175000000,100,199031508961.61,199083889471.61,100.02631769726977,,-0.0003662109375,611489238668.6901,,7547908094876.61,6736736841092.69,89.25303218338696,7547908094876.61,6125247602424,81.1515922747087,,12 Desember
2,Kab. Bandung Barat,771086897175,580191678841,75.24,224648918659,141538083332,63,1253070525,1136835358,90.72,14642836786,13538385656,92.46,1011631723145,736404983187,72.79,0,0,0,0,0,0,0,0,0,0,0,0,0,0,0,0,0,0,0,0,0,0,0,0,0,0,0,0,0,0,2204854414000,1842158024930,83.55,0,0,0,0,0,0,227173033733,211656340811,93.17,2432027447733,2053814365741,84.45,0,0,0,0,0,0,0,0,0,0,0,0,3443659170878,2790219348928,81.02,,1377097770000.6,1153566921537,83.77,1182427995625.73,784885943552,66.38,0,0,0,0,0,0,70294060000,35677340000,50.75,5655000000,5655000000,100,2635474825626.33,1979785205089,75.12,12946113825,53800300,0.42,137303548092,56935059687,41.47,74099889035.67,32273497541,43.55,79770264700,50024516549,62.71,22692940410,6393107300,28.17,1843490964,541584090,29.38,328656247026.67,146221565467,44.49073060069792,42993129198,0,0,84422871559,67847828629,80.37,430343061908,361672066117,84.04,514765933467,429519894746,83.43984456258411,3521890135318,2555526665302,72.56122613464929,,78230964440,78230964440,100,0,0,0,78230964440,78230964440,100,,0,312923648066,,3521890135318,2868450313368,81.44633146283539,3521890135318,2555526665302,72.56122613464929,,19 Desember
3,Kab. Bekasi,3710547650722,3173418310117,85.52,464538857646,337726628517,72.7,9951365986,8114980194,81.55,16250000000,119773621365,737.07,4201287874354,3639033540193,86.62,621999074000,539445090600,86.73,1528206893000,1528152460950,100,75914761273,75762697018,99.8,744019034341,752004125896,101.07,2970139762614,2895364374464,97.48,0,0,0,0,0,0,0,0,0,284967870000,279516548520,98.09,284967870000,279516548520,98.09,3255107632614,3174880922984,97.54,469369993010,434265482875,92.52,9402075000,4142728800,44.06,478772068010,438408211675,91.57,3733879700624,3613289134659,96.77,0,0,0,0,0,0,0,0,0,0,0,0,7935167574978,7252322674852,91.39,,3373594824255,2558631425780,75.84,2345074968974.93,1818507897549,77.55,0,0,0,0,0,0,163147165640,142211507182,87.17,40527323520,34836000000,85.96,5922344282389.93,4554186830511,76.9,53521149705,34134900,0.06,301871016759,216443929077,71.7,277567572150.07,244936049377,88.24,681735263744,592268877972,86.88,52580727106,39457170118,75.04,2861572070,1694109131,59.2,1370137301534.07,1094834270575,79.90690198341233,35512067798,9820340785,27.65,1005346345000,873781151800,86.91,0,0,0,1005346345000,873781151800,86.91344591301021,8333339996722,6532622593671,78.39140844176129,,398172421744,398167421744,100,0,0,0,398172421744,398167421744,99.9987442626041,,0,1117867502925,,8333339996722,7650490096596,91.80580775061853,8333339996722,6532622593671,78.39140844176129,,19 Desember
4,Kab. Bogor,4024905964409,3925345145289,97.53,1227753810171,1043528698928,84.99,78467664363,79190177537,100.92,550424939629,108197595936.68,19.66,5881552378572,5156261617690.68,87.67,0,0,0,0,0,0,0,0,0,0,0,0,0,0,0,0,0,0,0,0,0,0,0,0,0,0,0,0,0,0,5660699358000,5281541218185,93.3,0,0,0,0,0,0,641555117620,559239680881,87.17,6302254475620,5840780899066,92.68,0,0,0,0,0,0,21390863946,24918806084,116.49,21390863946,24918806084,116.49,12205197718138,11021961322840.7,90.31,,3497571751431,2988341319133,85.44,4320912049692,3517609673574.8,81.41,0,0,0,0,0,0,610866013978,441822332470,72.33,71893449788,48611000000,67.62,8501243264889,6996384325177.8,82.3,43071775675,1692303012,3.93,897947743289,559909359073,62.35,607249398453,337447714368,55.57,501143205722,123883691463,24.72,86198861324,75880818635,88.03,2638821175,1888549633,71.57,2138249805638,1100702436184,51.47679346359525,84633181707,78637801623,92.92,279809416776,279809416666,100,1445918607968,1401588832901,96.93,1725728024744,1681398249567,97.43124208789644,12449854276978,9857122812551.8,79.17460392110274,,333824558840,333824558840.33,100,89168000000,89168000000,100,244656558840,244656558840.33002,100.00000000013489,,0,1409495069129.2285,,12539022276978,11355785881681.03,90.56356732478714,12539022276978,9946290812551.8,79.32269831606786,,19 Desember
5,Kab. Ciamis,143616041050,127796322007,88.98,214915944650,166286380428,77.37,3165957483,3165903484,100,17737648000,20820777624,117.38,379435591183,318069383543,83.83,0,0,0,0,0,0,0,0,0,0,0,0,1742650884000,1694251089120,97.22,0,0,0,0,0,0,0,0,0,0,0,0,285287622000,283941519920,99.53,2027938506000,1978192609040,97.55,0,0,0,0,0,0,142658477814,119246207721,83.59,2170596983814,2097438816761,96.63,0,0,0,0,0,0,0,0,0,0,0,0,2550032574997,2415508200304,94.72,,1266588751466,1156367799347,91.3,676410933259,501829050857,74.19,4498666667,3141111111,69.82,0,0,0,67591800000,45210401200,66.89,6623000000,1145000000,17.29,2021713151392,1707693362515,84.47,4500000000,42000000,0.93,83312126042,63084265708,75.72,78965669555,62800218593,79.53,48004586770,18459875870,38.45,13705263638,5589350148,40.78,52500000,51183500,97.49,228540146005,150026893819,65.64575040383396,8000000000,817548800,10.22,13555658727,4127005242,30.44,480246060150,473424146084,98.58,493801718877,477551151326,96.70909052565534,2752055016274,2336088956460,84.88525638643753,,272022441277,81911691852,30.11,70000000000,60000000000,85.71,202022441277,21911691852,10.846167244339016,,0,101330935696,,2822055016274,2497419892156,88.49649910274887,2822055016274,2396088956460,84.90582014320864,,19 Desember
6,Kab. Cianjur,419430439336,377933979304,90.11,557342507003,393458543148,70.6,8748383573,8748383573,100,168499170934,145385974914.64,86.28,1154020500846,925526880939.64,80.2,140403509000,125427885160,89.33,1873176232000,1873074455750,99.99,37076770000,36359592091,98.07,911125002000,813273527178,89.26,2961781513000,2848135460179,96.16,14200362000,14200362000,100,0,0,0,0,0,0,443232501000,437229508336,98.65,457432863000,451429870336,98.69,3419214376000,3299565330515,96.5,228809530333,194414092225,84.97,70775989600,69745989600,98.54,299585519933,264160081825,88.18,3718799895933,3563725412340,95.83,0,0,0,0,0,0,0,0,0,0,0,0,4872820396779,4489252293279.64,92.13,,1845849376792.12,1590355185546,86.16,1734288274201.71,1374623623086.4,79.26,0,0,0,2096186000,2034990000,97.08,197302623000,168976976994,85.64,2795000000,2658300000,95.11,3782331459993.83,3138649075626.4,82.98,21541747724,18774431380,87.15,127915398813,102296852177,79.97,93094891314,52848369325,56.77,216357882060,144025878531,66.57,33412689725,28180286798,84.34,0,0,0,492322609636,346125818211,70.30467653454085,37011390309.78,28838080121,77.92,32023582372,30548328576,95.39,703601511500,697488456744,99.13,735625093872,728036785320,98.96845436415735,5047290553811.609,4241649759278.4,84.03815302598726,,181770157032.61,181770157032.61,100,7300000000,7300000000,100,174470157032.61,174470157032.61,100,,0.0006103515625,422072691033.84973,,5054590553811.61,4671022450312.25,92.41149012138845,5054590553811.609,4248949759278.4,84.06120563166715,,19 Desember
7,Kab. Cirebon,567949082583,506362290845,89.16,417421928532,340322542292.53,81.53,16079662741,15111908406,93.98,32648826695,30105465833,92.21,1034099500551,891902207376.53,86.25,0,0,0,0,0,0,0,0,0,0,0,0,0,0,0,0,0,0,0,0,0,0,0,0,0,0,0,0,0,0,3237420777000,3109846334955,96.06,0,0,0,0,0,0,297012910949,269350761942,90.69,3534433687949,3379197096897,95.61,13439040000,11863078000,88.27,0,0,0,0,0,0,13439040000,11863078000,88.27,4581972228500,4282962382273.53,93.47,,2084256509755,1779761723049,85.39,1265240847177,1086895694333,85.9,0,0,0,0,0,0,148640514999,131694389545,88.6,11242665900,10947791428,97.38,3509380537831,3009299598355,85.75,180000000,0,0,163152176905,128039780091,78.48,75002456169,58320445217,77.76,194307366700,121935052722,62.75,1646878330,1643825330,99.81,716714000,661677950,92.32,435005592104,310600781310,71.40156056562657,6894199999.49,319120000,4.63,30050503864,19226923169,63.98,681195704500,623524634290,91.53,711246208364,642751557459,90.36976927264743,4662526538298.49,3962971057124,84.99621448954194,,80554309798.49,80554309798.49,100,0,0,0,80554309798.49,80554309798.49,100,,-0.0002288818359375,400545634948.0198,,4662526538298.49,4363516692072.02,93.58695669031863,4662526538298.49,3962971057124,84.99621448954194,,19 Desember
8,Kab. Garut,326196482827,261018585863,80.02,55563035552,47368548296,85.25,7398376190,7398376191,100,364802400072,329832444036,90.41,753960294641,645617954386,85.63,0,0,0,0,0,0,0,0,0,0,0,0,0,0,0,0,0,0,0,0,0,0,0,0,0,0,0,0,0,0,3979790410000,3881118372545,97.52,0,0,0,0,0,0,279960118735,240738223625,85.99,4259750528735,4121856596170,96.76,0,0,0,0,0,0,10315340554,18713365949,181.41,10315340554,18713365949,181.41,5024026163930,4786187916505,95.27,,2292673824079,2157872563504,94.12,1259865179002,939117727012,74.54,0,0,0,150000000,132000000,88,419292506667,332176972822,79.22,16869500000,16868500000,99.99,3988851009748,3446167763338,86.39,23641828100,8307193100,35.14,126127789203,99640126559,79,102231992992,75877292591,74.22,101898636552,57313879972,56.25,32152426698,7035732050,21.88,2097589900,2002534800,95.47,388150263445,250176759072,64.45358476677924,29026272359,5006156082,17.25,34631479695,26054535628,75.23,748895129611,739972949961,98.81,783526609306,766027485589,97.76662036628217,5189554154858,4467378164081,86.08404558027469,,170527990928,170527990928,100,5000000000,5000000000,100,165527990928,165527990928,100,,0,484337743352,,5194554154858,4956715907433,95.42139247499092,5194554154858,4472378164081,86.09744033370768,,19 Desember
9,Kab. Indramayu,383025305956,360025719677,94,434845597016,334081392989,76.83,14296597694,12179980741,85.19,9495582750,27904851526,293.87,841663083416,734191944933,87.23,0,0,0,0,0,0,0,0,0,0,0,0,0,0,0,0,0,0,0,0,0,0,0,0,0,0,0,0,0,0,2676222823209,2413869480851,90.2,0,0,0,0,0,0,251306135276,208784363508,83.08,2927528958485,2622653844359,89.59,0,0,0,0,0,0,0,0,0,0,0,0,3769192041901,3356845789292,89.06,,1495712346773,1153756349996,77.14,1290747637778,918812085022,71.18,0,0,0,0,0,0,93523641792,53696114575,57.41,3270000000,3260000000,99.69,2883253626343,2129524549593,73.86,22745170900,7498549000,32.97,90861859527,49814898661,54.82,154395541930,86276884893,55.88,128421517666,98301773231,76.55,23061259180,6033333005,26.16,6940000,0,0,419492289203,247925438790,59.101310124445305,15037577074,436978900,2.91,47602642035,28975875025,60.87,560459646907,518128075066,92.45,608062288942,547103950091,89.97498447781318,3925845781562,2924990917374,74.5060066065615,,156653739661,156653739661,100,0,0,0,156653739661,156653739661,100,,0,588508611579,,3925845781562,3513499528953,89.49662631819079,3925845781562,2924990917374,74.5060066065615,,12 Desember
10,Kab. Karawang,1766688516296,1551912165454,87.84,393323236755,344940377089,87.7,14195891565,11917017090,83.95,29666013366,42760575515,144.14,2203873657982,1951530135148,88.55,0,0,0,0,0,0,0,0,0,0,0,0,0,0,0,0,0,0,0,0,0,0,0,0,0,0,0,0,0,0,3266553652440,2778355288357,85.05,0,0,0,0,0,0,342644264721,306468618080,89.44,3609197917161,3084823906437,85.47,0,0,0,0,0,0,79929846053,66887631238,83.68,79929846053,66887631238,83.68,5893001421196,5103241672823,86.6,,2038008712438,1732857438908,85.03,2107199894688,1447921305989,68.71,0,0,0,0,0,0,530333910542,386224020595,72.83,135188686358,87315567000,64.59,4810731204026,3654318332492,75.96,17249320000,2379477185,13.79,208507011547,142248533359,68.22,209174142808,119759958616,57.25,331649946963,211926938799,63.9,2037863550,110458330,5.42,698825000,664113000,95.03,769317109868,477089479289,62.014671605426706,29000000000,322130642,1.11,186308168680,166796178487,89.53,558204269500,503598853040,90.22,744512438180,670395031527,90.0448397028552,6353560752074,4802124973950,75.58163306115294,,505559330878,505559377578,100,45000000000,45000000000,100,460559330878,460559377578,100.00001013984449,,0,761676076451,,6398560752074,5608801050401,87.65722898830005,6398560752074,4847124973950,75.7533633228203,,12 Desember
11,Kab. Kuningan,235353291920,201194228363,85.49,214168071922,126931865533,59.27,6667050651,6667050641,100,22861527620,20051552892,87.71,479049942113,354844697429,74.07,0,0,0,0,0,0,0,0,0,0,0,0,0,0,0,0,0,0,0,0,0,0,0,0,0,0,0,0,0,0,2166572729000,1953359618035,90.16,0,0,0,0,0,0,129356610634,93870348884,72.57,2295929339634,2047229966919,89.17,0,0,0,0,0,0,49041409983,39184087773,79.9,49041409983,39184087773,79.9,2824020691730,2441258752121,86.45,,1376411074777,1169280822456,84.95,781088981873,683567667169,87.51,2200000000,1527604167,69.44,0,0,0,64984982250,17456653484,26.86,7659187500,6348825000,82.89,2232344226400,1878181572276,84.13,0,0,0,59202003859,32062784920,54.16,45186627709,31295727289,69.26,54460780833,15197469050,27.91,22137388966,9222860552,41.66,399230750,342667467,85.83,181386032117,88121509278,48.582301652179424,12000000000,11090056000,92.42,14658000000,9518777721,64.94,477901707000,477891465571,100,492559707000,487410243292,98.95455035504965,2918289965517,2464803380846,84.46053716287713,,119269273787,45269273787,37.96,25000000000,0,0,94269273787,45269273787,48.0212395496811,,0,21724645062,,2943289965517,2486528025908,84.4812456482259,2943289965517,2464803380846,83.74313811154003,,19 Desember
12,Kab. Majalengka,261977543684,234680608480,89.58,421111305021,385591861704,91.57,8634406494,7807541574,90.42,24061385259,29300108486.7,121.77,715784640458,657380120244.7,91.84,98729921000,84138259400,85.22,1239120108000,1236710138630,99.81,48901516000,47414441116,96.96,522078931000,444085054239,85.06,1908830476000,1812347893385,94.95,13581637000,13581637000,100,0,0,0,0,0,0,329095620000,328430351200,99.8,342677257000,342011988200,99.81,2251507733000,2154359881585,95.69,136988801624,110787593174,80.87,27432200000,27367200000,99.76,164421001624,138154793174,84.03,2415928734624,2292514674759,94.89,0,0,0,0,0,0,0,0,0,0,0,0,3131713375082,2949894795003.7,94.19,,1411573421611,1267608139712,89.8,944861609509,719227197203,76.12,0,0,0,0,0,0,55109107535,42187467575,76.55,2250000000,2210000000,98.22,2413794138655,2031232804490,84.15,1890000365,19980000,1.06,76369113379,56931168671,74.55,52373186672,30341635749,57.93,93339645050,59028776073,63.24,15916919003,11477914223,72.11,927855000,53416500,5.76,240816719469,157852891216,65.54897498980348,2980679530,104335623,3.5,26289968358,0,0,459872553900,452506960498,98.4,486162522258,452506960498,93.07730229724712,3143754059912,2641696991827,84.03001448214262,,16915684830,12040684829.92,71.18,4875000000,0,0,12040684830,12040684829.92,99.99999999933559,,0,320238488006.6202,,3148629059912,2961935479833.62,94.07063910908585,3148629059912,2641696991827,83.89991140781862,,19 Desember
13,Kab. Pangandaran,111549318218,99477103154,89.18,169411075953,99441820662,58.7,820000000,551716296,67.28,11531663342,11337175494.43,98.31,293312057513,210807815606.43,71.87,0,0,0,0,0,0,0,0,0,0,0,0,0,0,0,0,0,0,0,0,0,0,0,0,0,0,0,0,0,0,943076834000,862682276041,91.48,0,0,0,0,0,0,77078633888,66877218185,86.76,1020155467888,929559494226,91.12,0,0,0,0,0,0,0,1235600,0,0,1235600,0,1313467525401,1140368545432.43,86.82,,539302666072.63,484738801394,89.88,519169825891.95,301774686600,58.13,12250000000,11035694443,90.09,0,0,0,16847764596,5923256800,35.16,5224600000,897800000,17.18,1092794856560.58,804370239237,73.61,1271296169,986850000,77.63,105389495770,80937406233,76.8,88771670187,69382046234,78.16,20026142654,16495050854,82.37,196228800,0,0,2600000000,1565671101,60.22,218254833580,169367024422,77.6005835215189,5073609991.65,4539061251,89.46,17088000000,16889559834,98.84,170394042600,168108077344,98.66,187482042600,184997637178,98.67485686226463,1503605342732.23,1163273962088,77.36564436344663,,386137817331.23,144587870322.21,37.44,196000000000,45000000000,22.96,190137817331.22998,99587870322.20999,52.37667693887678,,0,76682453666.63992,,1699605342732.23,1284956415754.64,75.60322290402935,1699605342732.23,1208273962088,71.09144291966147,,19 Desember
14,Kab. Purwakarta,642235188000,461977624675,71.93,307115381420,238817494513,77.76,8610011859,6969904626,80.95,13359392773,15124599404,113.21,971319974052,722889623218,74.42,151838397000,115248572600,75.9,890123405000,884937875947,99.42,399190700000,368282238210,92.26,0,0,0,1441152502000,1368468686757,94.96,0,0,0,0,0,0,0,0,0,194969905000,189764013400,97.33,194969905000,189764013400,97.33,1636122407000,1558232700157,95.24,131016668495,113602218378,86.71,22530326880,22114754322,98.16,153546995375,135716972700,88.39,1789669402375,1693949672857,94.65,0,0,0,0,0,0,0,0,0,0,0,0,2760989376427,2416839296075,87.54,,1109613138138,992841676173,89.48,986472380063.69,778770185507,78.94,0,0,0,0,0,0,34641180000,34527178054,99.67,24000000,0,0,2130750698201.69,1806139039734,84.77,2962851442,2353815220,79.44,86116940125,57224285012,66.45,52004898873.31,40254910225,77.41,138409111494,70538817677,50.96,17162850106,8353346380,48.67,99237000,0,0,296755889040.31,178725174514,60.22632780498006,2605349175,1502802883,57.68,47829710084,47068273994,98.41,308143522600,302637631000,98.21,355973232684,349705904994,98.23938231457882,2786085169101,2336072922125,83.84786466807087,,26595792674,26595792674,100,1500000000,0,0,25095792674,26595792674,105.97709751385555,,0,107362166624,,2787585169101,2443435088749,87.65418598984049,2787585169101,2336072922125,83.80274611944455,,19 Desember
15,Kab. Subang,519731030846,403830839825,77.7,274021634675,213781221399,78.02,26566306092,17471956962,65.77,128271669815,77028928657,60.05,948590641428,712112946843,75.07,0,0,0,0,0,0,0,0,0,0,0,0,0,0,0,0,0,0,0,0,0,0,0,0,0,0,0,0,0,0,2473679038401,1718998338876,69.49,0,0,0,0,0,0,202442732706,155441430615,76.78,2676121771107,1874439769491,70.04,14035250000,0,0,0,0,0,0,0,0,14035250000,0,0,3638747662535,2586552716334,71.08,,1609954302236.61,1126902356707.4,70,1049959831128.7,546958187325,52.09,0,0,0,0,0,0,131295234500,44102484000,33.59,2056000000,0,0,2793265367865.31,1717963028032.4,61.5,6984177775,0,0,105683621889,26154727330,24.75,104690458426.59,29388219283,28.07,232049920835.1,53153377728,22.91,19798214483,537621000,2.72,415000000,308602000,74.36,469621393408.69,109542547341,23.32571490108206,10000000000,1769358750,17.69,25627021957,0,0,509506612000,455828524678,89.46,535133633957,455828524678,85.18031679440794,3808020395231,2285103458801.4,60.00764758673994,,174272732696,174272732696,100,5000000000,5000000000,100,169272732696,169272732696,100,,0,470721990228.6001,,3813020395231,2760825449030,72.40521064306408,3813020395231,2290103458801.4,60.06008941535339,,19 Desember
16,Kab. Sukabumi,465276376004,431988186703,92.85,385843287572,364486568677,94.46,11202474953,10465117846,93.42,26010724339,30238347250,116.25,888332862868,837178220476,94.24,0,0,0,0,0,0,0,0,0,0,0,0,0,0,0,0,0,0,0,0,0,0,0,0,0,0,0,0,0,0,3453223916645,3359540365296,97.29,0,0,0,0,0,0,330539500211,289342960343,87.54,3783763416856,3648883325639,96.44,0,0,0,0,0,0,12000000000,14067583175,117.23,12000000000,14067583175,117.23,4684096279724,4500129129290,96.07,,1625662986237,1424480192695,87.62,1692970437237,1382557151736,81.66,0,0,0,750000000,1340000,0.18,181953000842,175191649188,96.28,16600000000,16180000000,97.47,3517936424316,2998410333619,85.23,3316000000,2826096612,85.23,107077569119,80127563443,74.83,120260902352,77920968217,64.79,159127405521,117649179150,73.93,30094722100,26126198553,86.81,848500000,722010750,85.09,420725099092,305372016725,72.58231500427415,25555901042,6320759600,24.73,52227797639,38462570773,73.64,675360302488,658400362320,97.49,727588100127,696862933093,95.77712073237083,4691805524577,4006966043037,85.40349812129642,,122381244853,136693060976,111.69,114672000000,99679051934,86.93,7709244853,37014009042,480.1249635701511,,0,530177095295,,4806477524577,4636822190266,96.47027717401153,4806477524577,4106645094971,85.43980646892571,,19 Desember
17,Kab. Sumedang,331553573179,294261688115,88.75,340780073450,285387417473,83.75,13236555322,9962045416,75.26,12867150576,11282731447.48,87.69,698437352527,600893882451.48,86.03,120782457000,118069636800,97.75,1153025729000,1150402483817,99.77,39443078000,38989538650,98.85,482738044000,458096634118,94.9,1795989308000,1765558293385,98.31,28610956000,28610956000,100,0,0,0,0,0,0,275579585000,274992267000,99.79,304190541000,303603223000,99.81,2100179849000,2069161516385,98.52,126570113264,109217482093,86.29,18131145200,18096131200,99.81,144701258464,127313613293,87.98,2244881107464,2196475129678,97.84,0,0,0,0,0,0,0,0,0,0,0,0,2943318459991,2797369012129.48,95.04,,1261021221804,1190823851275,94.43,1018726500514,817060530035,80.2,0,0,0,775655000,399742500,51.54,56926479000,34512115964,60.63,2524850000,2524850000,100,2339974706318,2045321089774,87.41,11343509400,10687045474,94.21,70972173513,49104107268,69.19,51185893737,26882826621,52.52,55110414638,21813052281,39.58,114055000,6005000,5.27,3513200000,3135750000,89.26,192239246288,111628786644,58.06763644753642,29956169801.34,664976500,2.22,35138866000,21856499150,62.2,410682008400,407086442700,99.12,445820874400,428942941850,96.21418970730905,3007990996807.34,2586557794768,85.98954576371253,,68672536816.34,68672536816.34,100,4000000000,4000000000,100,64672536816.34,64672536816.34,100,,0.000152587890625,275483754177.81995,,3011990996807.34,2866041548945.82,95.15438631734877,3011990996807.34,2590557794768,86.00815200025326,,19 Desember
18,Kab. Tasikmalaya,187959000531,161794510770,86.08,31409507999,22927238338,72.99,21772982444,21772982444,100,246964848401,171487325998.84,69.44,488106339375,377982057550.84,77.44,94349575000,81946834400,86.85,1545417811000,1544434300810,99.94,40132744000,34573556540,86.15,638239164054,611352838167,95.79,2318139294054,2272307529917,98.02,7130495000,7130495000,100,0,0,0,0,0,0,399560320000,368495051430,92.23,406690815000,375625546430,92.36,2724830109054,2647933076347,97.18,167388238040,146737099823,87.66,57186503440,57186473200,100,224574741480,203923573023,90.8,2949404850534,2851856649370,96.69,25430750000,12818102464,50.4,0,0,0,0,326842919,0,25430750000,13144945383,51.69,3462941939909,3242983652303.84,93.65,,1521141427595,1355420482451,89.11,924860364311,668526758337.01,72.28,0,0,0,0,0,0,142422595516,108476955462,76.17,5025000000,4935700000,98.22,2593449387422,2137359896250.01,82.41,1642500000,0,0,86199858321,64563710763,74.9,23764856441,12947869433,54.48,68791360000,24468460138,35.57,27346094870,13857287330,50.67,1097159000,1078889225,98.33,208841828632,116916216889,55.983141717753284,31260277582,27412781275,87.69,18136182960,6857930000,37.81,645457120000,614091051430,95.14,663593302960,620948981430,93.57372635622116,3497144796596,2902637875844.01,83.00022002718724,,37940356687,37940356685.58,100,3737500000,3737500000,100,34202856687,34202856685.58,99.99999999584831,,0,374548633145.4101,,3500882296596,3280924008989.42,93.71706132992671,3500882296596,2906375375844.01,83.01836878863237,,19 Desember
19,Kota Bandung,3379066179476,3020248580045,89.38,677161920202,511175363547,75.49,21159611200,24051742490,113.67,68185204943,101732657658,149.2,4145572915821,3657208343740,88.22,424971327000,356718284800,83.94,1832088210000,1827023360380,99.72,23194354000,21496443206,92.68,725399677000,651558413911,89.82,3005653568000,2856796502297,95.05,0,0,0,0,0,0,0,0,0,0,0,0,0,0,0,3005653568000,2856796502297,95.05,420655455104,390474904269,92.83,5410814392,4553890200,84.16,426066269496,395028794469,92.72,3431719837496,3251825296766,94.76,0,0,0,0,0,0,0,47795822832,0,0,47795822832,0,7577292753317,6956829463338,91.81,,2884410615524.96,2323156065101,80.54,3961971660689.68,3166453545964,79.92,0,0,0,0,0,0,350833470000,261631196508,74.57,43853360000,41530230000,94.7,7241069106214.64,5792771037573,80,107971213276,88581254587,82.04,448427848234.18,330693729098,73.75,261021530711.08,150187973494,57.54,169800002755.83,120806795893,71.15,30936992799.55,22418240222,72.46,460196140,270975000,58.88,1018617783916.6399,712958968294,69.99278625910443,88299445313.63,835747424,0.95,0,0,0,0,0,0,0,0,0,8347986335444.909,6506565753291,77.94173938288112,,770693582127.91,770693582127.91,100,0,0,0,770693582127.91,770693582127.91,100,,0,1220957292174.9102,,8347986335444.91,7727523045465.91,92.56750951610258,8347986335444.909,6506565753291,77.94173938288112,,19 Desember
20,Kota Banjar,40622994805,37730873969,92.88,132237468609,114065652056,86.26,3740618937,3740618937,100,3373897554,2595465523,76.93,179974979905,158132610485,87.86,69685723000,60381494200,86.65,399174942000,390314803594,97.78,11503152000,10386590330,90.29,84125626522,68509861422,81.44,564489443522,529592749546,93.82,9070376721,7260689000,80.05,0,0,0,0,0,0,18552134000,16455945440,88.7,27622510721,23716634440,85.86,592111954243,553309383986,93.45,22347144132,18369472519,82.2,9765280000,9690345600,99.23,32112424132,28059818119,87.38,624224378375,581369202105,93.13,0,0,0,0,0,0,0,0,0,0,0,0,804199358280,739501812590,91.96,,421836010905,402940896802,95.52,257952381414,216030641175,83.75,1381875000,1231875000,89.15,0,0,0,12391789119,8482356000,68.45,6594865000,6175994433,93.65,700156921438,634861763410,90.67,0,0,0,13956118631,9713236551,69.6,12058751718,5897568598,48.91,11254617730,9043220809,80.35,28380000,21580000,76.04,250000000,0,0,37547868079,24675605958,65.71772838362752,320144495,224795248,70.22,5649732800,4790068662,84.78,64810506000,58573905940,90.38,70460238800,63363974602,89.92869692346261,808485172812,723126139218,89.44210277881635,,26785814532,26785814532,100,22500000000,22500000000,100,4285814532,4285814532,100,,0,20661487904,,830985172812,766287627122,92.21435618747952,830985172812,745626139218,89.7279715226265,,19 Desember
21,Kota Bekasi,3470971273552,2692970467817,77.59,550841545427,511153640815,92.8,14946358920,14547536384,97.33,85863541757,105313767870,122.65,4122622719656,3323985412886,80.63,0,0,0,0,0,0,0,0,0,0,0,0,0,0,0,0,0,0,0,0,0,0,0,0,0,0,0,0,0,0,2362296815855,2109438177192,89.3,0,0,0,0,0,0,769099122005,701769839686,91.25,3131395937860,2811208016878,89.77,0,0,0,0,0,0,0,0,0,0,0,0,7254018657516,6135193429764,84.58,,2861447111415,2283765379657,79.81,2826352936327,2056848827449,72.77,0,0,0,3700000000,0,0,279668955645,262613444639,93.9,163361500000,168546510000,103.17,6134530503387,4771774161745,77.79,263164281431,77710165093,29.53,274233930720,93521256691,34.1,462271180199,204915787133,44.33,376538578212,117374053644,31.17,1769927825,882083250,49.84,1142605000,818923590,71.67,1379120503387,495222269401,35.908556807383924,41721389468,19469206987,46.66,0,0,0,0,0,0,0,0,0,7555372396242,5286465638133,69.96962374432343,,358853738726,358853738726,100,57500000000,57500000000,100,301353738726,301353738726,100,,0,1150081530357,,7612872396242,6494047168490,85.30350740800155,7612872396242,5343965638133,70.19644307674173,,19 Desember
22,Kota Bogor,1243958559538,1087559969613,87.43,429350280951,428639790282.17,99.83,38153497994,37011667932,97.01,33627605293,43512565189,129.4,1745089943776,1596723993016.17,91.5,0,0,0,0,0,0,0,0,0,0,0,0,0,0,0,0,0,0,0,0,0,0,0,0,0,0,0,0,0,0,1413997790595,1235904576747,87.4,0,0,0,0,0,0,159724271586,130664362017,81.81,1573722062181,1366568938764,86.84,0,0,0,0,0,0,0,0,0,0,0,0,3318812005957,2963292931780.17,89.29,,1291590593554,1161084778751.04,89.9,1467153643139,1155862429413,78.78,8000000000,5025613957,62.82,0,0,0,153546983624,113485475702,73.91,37663845839,34694299500,92.12,2957955066156,2470152597323.04,83.51,36731950693,22040644500,60,117741742284,85954744176,73,119664337862,74344739710,62.13,121533865971,70631610829,58.12,12884796571,2945434352,22.86,617674800,381358859,61.74,409174368181,256298532426,62.63797352834801,11673612070,6149734000,52.68,0,0,0,3711375000,1660750000,44.75,3711375000,1660750000,44.74756660267421,3382514421407,2734261613749.04,80.83517978355549,,97354304246,240842038163,247.39,33594145996,161484766176,480.69,63760158250,79357271987,124.46216283818588,,57742800,308388590018.1299,,3416166310203,3204134969943.17,93.79329572958552,3416108567403,2895746379925.04,84.76739900940706,,12 Desember
23,Kota Cimahi,328135093659,323748801990,98.66,214084090285,212916249574,99.45,9481160420,9481160420,100,26691656600,7552989858,28.3,578392000964,553699201842,95.73,0,0,0,0,0,0,0,0,0,0,0,0,0,0,0,0,0,0,0,0,0,0,0,0,0,0,0,0,0,0,934703528802,897282061865,96,0,0,0,0,0,0,89149486300,82203086931,92.21,1023853015102,979485148796,95.67,0,0,0,0,0,0,0,0,0,0,0,0,1602245016066,1533184350638,95.69,,710762976811.78,647121696759,91.05,773761282869.16,677900039776,87.61,99249400,46224179,46.57,0,0,0,49728361116,43831150702,88.14,4727312000,4567372000,96.62,1539079182196.94,1373466483416,89.24,26853994750,11213088528,41.76,48134962460,29845622710,62,85133022560,51919312232,60.99,36791375526,24004272160,65.24,6692193190,340817800,5.09,527950000,279142103,52.87,204133498486,117602255533,57.61046393914885,11085720302,5086375920,45.88,0,0,0,0,0,0,0,0,0,1754298400984.94,1496155114869,85.28509824947643,,154483193918.94,154483193918,100,2429809000,855508220,35.21,152053384918.94,153627685698,101.03536056096303,,0,190656921467,,1756728209984.94,1687667544556,96.06879054845189,1756728209984.94,1497010623089,85.21583558459697,,19 Desember
24,Kota Cirebon,382594769831,290911393424,76.04,339822727989,306049519650,90.06,15900000000,6561639947,41.27,19379819454,11195172850,57.77,757697317274,614717725871,81.13,78949940000,76513616400,96.91,623043598000,620694135692,99.62,222259965932,205799992039,92.59,0,0,0,924253503932,903007744131,97.7,0,0,0,0,0,0,0,0,0,0,0,0,0,0,0,924253503932,903007744131,97.7,50386496335,41814607165,82.99,3896476928,486476209,12.49,54282973263,42301083374,77.93,978536477195,945308827505,96.6,0,0,0,0,0,0,0,0,0,0,0,0,1736233794469,1560026553376,89.85,,820088838933.81,713572608719,87.01,709582335486.84,597721399906.78,84.24,0,0,0,1872500000,1757069805,93.84,55768153010,51854100665,92.98,2138000000,2138000000,100,1589449827430.65,1367043179095.78,86.01,789181030,0,0,107038445358,58801731665,54.94,46834025172,32233809611,68.83,29072465455.35,20258982558,69.68,5085015974,4112313540,80.87,0,0,0,188819132989.35,115406837374,61.12030891515072,5022733662,755887844,15.05,0,0,0,0,0,0,0,0,0,1783291694082,1483205904313.78,83.17236654193594,,90700449551,95700449551,105.51,43642549938,23302221440,53.39,47057899613,72398228111,153.84925529272792,,0,149218877173.21997,,1826934244020,1655727002927,90.62871355915502,1826934244020,1506508125753.78,82.4609933655219,,19 Desember
25,Kota Depok,2078460982843.5,1825737621442,87.84,264522012713,208591847374,78.86,22089910672,22089910672,100,36068061686.43,74183308390,205.68,2401140967914.93,2130602687878,88.73,161179662800,128433901400,79.68,1157909471000,1153338595550,99.61,503071496000,470195759200,93.46,0,0,0,1822160629800,1751968256150,96.15,6837475000,6837475000,100,0,0,0,0,0,0,0,0,0,6837475000,6837475000,100,1828998104800,1758805731150,96.16,303092683987,248631053495,82.03,3942720488,3819628500,96.88,307035404475,252450681995,82.22,2136033509275,2011256413145,94.16,0,0,0,0,0,0,0,0,0,0,0,0,4537174477189.93,4141859101023,91.29,,1520444871686.7,1212740558436,79.76,1789021258326,1362943647072,76.18,0,0,0,50000000,0,0,124853817500,73710512500,59.04,58432500000,37199700000,63.66,3492802447512.7,2686594418008,76.92,264116248310.6,117285996041,44.41,254389411069,150407448977,59.12,201748876442,144811440010,71.78,367182744243,259013566516,70.54,10273387000,354826420,3.45,0,0,0,1097710667064.6,671873277964,61.20677316188095,33111782550,10371199876,31.32,0,0,0,0,0,0,0,0,0,4623624897127.3,3368838895848,72.8614230350107,,224404034779.37,224404034779.37,100,137953614842,90000000000,65.24,86450419937.37,134404034779.37,155.4694990223767,,-0.0001220703125,907424239954.37,,4761578511969.3,4366263135802.37,91.69780829669793,4761578511969.3,3458838895848,72.64059360049255,,19 Desember
26,Kota Sukabumi,128969498745,126001620573,97.7,40725054378,35742967686,87.77,4677922257,4677922257,100,315385441648,284727504483,90.28,489757917028,451150014999,92.12,86480954000,75715408000,87.55,519968079000,519943545198,100,14841218427,14482258945,97.58,138513918742,132786082376,95.86,759804170169,742927294519,97.78,5526341000,2763170500,50,0,0,0,0,0,0,0,0,0,5526341000,2763170500,50,765330511169,745690465019,97.43,43558597276,39472174977,90.62,1812384480,1647361800,90.89,45370981756,41119536777,90.63,810701492925,786810001796,97.05,0,0,0,0,0,0,16250903123,15046402748,92.59,16250903123,15046402748,92.59,1316710313076,1253006419543,95.16,,584040459036,545164396300,93.34,645388025055,576160669153,89.27,0,0,0,0,0,0,54105728976,49674168977,91.81,333500000,333500000,100,1283867713067,1171332734430,91.23,718950000,718690000,99.96,44555309572,32461670583,72.86,16415537899,11684234620,71.18,11611845267,7064307479,60.84,4460501600,3800637675,85.21,0,0,0,77762144338,55729540357,71.6666712722924,3758154977,3731639035,99.29,0,0,0,0,0,0,0,0,0,1365388012382,1230793913822,90.14242857419022,,49677699306,49677699306,100,1000000000,0,0,48677699306,49677699306,102.05432880817509,,0,71890205027,,1366388012382,1302684118849,95.3377889036112,1366388012382,1230793913822,90.07645724850724,,19 Desember
27,Kota Tasikmalaya,241435214904,161581314486,66.93,32020516807,17761756425,55.47,5732059363,6066249069,105.83,175081974691,129317714605.38,73.86,454269765765,314727034585.38,69.28,116917207382,71310995050,60.99,804415621000,804385041355,100,284666987000,326677155280,114.76,0,9072315700,0,1205999815382,1211445507385,100.45,0,0,0,0,0,0,0,0,0,0,0,0,0,0,0,1205999815382,1211445507385,100.45,87791137331,78578186270,89.51,13976209800,13975869600,100,101767347131,92554055870,90.95,1307767162513,1303999563255,99.71,0,0,0,0,0,0,0,0,0,0,0,0,1762036928278,1618726597840.38,91.87,,814333196885,737780552154,90.6,781029648870.6,600996910431.91,76.95,500000000,232075000,46.42,314700000,180000000,57.2,71209536500,58214941433,81.75,1520000000,1520000000,100,1668907082255.6,1398924479018.91,83.82,3245000000,2679643700,82.58,53487027179,27842892230,52.06,35756149683.4,20832895363,58.26,18916726555,14444735021,76.36,1799258000,1098638200,61.06,98616600,66835100,67.77,113302778017.4,66965639614,59.10326364964858,1743815284.05,1078180656,61.83,0,0,0,0,0,0,0,0,0,1783953675557.05,1466968299288.91,82.23130002693823,,52433288786.05,34212618338.05,65.25,30523018196,15623018196,51.18,21910270590.050003,18589600142.05,84.84422894572556,,-6476689.000045776,170347898693.51996,,1814470217064.05,1652939216178.43,91.09762180902646,1814476693753.05,1482591317484.91,81.7090306306624,,19 Desember
XIII,Prov. Banten,6253493581987,5623438315552,89.92,287906730367,289729770217.12,100.63,49444843000,51598879729,104.36,343934086891,234120741466.75,68.07,6934779242245,6198887706964.87,89.39,1124231784000,888019527200,78.99,1167199457000,1097328529340,94.01,123222552000,88784282533,72.05,1105281396000,1111292669484,100.54,3519935189000,3185425008557,90.5,6489293000,6489293000,100,0,0,0,0,0,0,0,0,0,6489293000,6489293000,100,3526424482000,3191914301557,90.51,0,0,0,0,0,0,0,0,0,3526424482000,3191914301557,90.51,6346763490,6383604000,100.58,0,0,0,0,0,0,6346763490,6383604000,100.58,10467550487735,9397185612521.87,89.77,,2695013553512,2290118958838,84.98,3883634692692.68,2986893179909.03,76.91,0,0,0,0,0,0,520643952320,497914608943,95.63,37838407750,23192102025,61.29,7137130606274.68,5798118849715.03,81.24,186613886304.32,100755420499,53.99,398196494582,245671268790,61.7,234096580988,112973905660.04,48.26,318031145447,200143677082.53,62.93,47707402140,45055311658,94.44,4480495000,3453791500,77.09,1189126004461.32,708053375189.57,59.54401573366665,32756687505,0,0,2260672110906,1990101787329,88.03,153852620000,152922620000,99.4,2414524730906,2143024407329,88.75553767986773,10773538029147,8649196632233.601,80.28185920756809,,444485541412,444485541411.92,100,138498000000,138497733036,100,305987541412,305987808375.92,100.0000872466633,,0,1053976788664.1885,,10912036029147,9841671153933.79,90.19097011452149,10912036029147,8787694365269.601,80.53212381078015,,19 Desember
1,Kab. Lebak,232237758261,223967676155.32,96.44,270552059520,227709368651,84.16,5335978126,5335978126,100,7958390302,12013924776.15,150.96,516084186209,469026947708.47,90.88,130624363000,102337367800,78.34,1138031304000,1133655269732,99.62,24291965000,18831288164,77.52,559978759971,507915629857,90.7,1852926391971,1762739555553,95.13,0,0,0,0,0,0,0,0,0,354287813000,353136261000,99.67,354287813000,353136261000,99.67,2207214204971,2115875816553,95.86,144581347933,126625351450,87.58,0,0,0,144581347933,126625351450,87.58,2351795552904,2242501168003,95.35,8190000000,4610525095,56.29,0,0,0,0,3843533,0,8190000000,4614368628,56.34,2876069739113,2716142484339.47,94.44,,1380377462995,1166296489629,84.49,733701058273,631964881767.98,86.13,0,0,0,255000500,219000000,85.88,92573701340,109773587197,118.58,6092800000,6073000000,99.68,2213000023108,1914326958593.98,86.5,342250000,342249716,100,59270163786,48502042828,81.83,58515405340,49405352986,84.43,61027753950,54712987302,89.65,7974546945,11230530960,140.83,199800000,0,0,187329920021,164193163792,87.6491933448718,11979088567,7760022000,64.78,25549634809,15195549665,59.47,481953379700,465671757663,96.62,507503014509,480867307328,94.75161596689833,2919812046205,2567147451713.98,87.92166793922942,,45567307092,45567307092,100,1825000000,1825000000,100,43742307092,43742307092,100,,0,192737339717.49023,,2921637046205,2761709791431.47,94.5261080605045,2921637046205,2568972451713.98,87.92921266694962,,19 Desember
2,Kab. Pandeglang,168318173746,135435210052,80.46,24060983887,18556116361,77.12,11790457749,10146774578,86.06,141907270888,96612312008,68.08,346076886270,260750412999,75.34,0,0,0,0,0,0,0,0,0,0,0,0,0,0,0,0,0,0,0,0,0,0,0,0,0,0,0,0,0,0,2230005511000,1996346613564,89.52,0,0,0,0,0,0,115302160589,83723089456,72.61,2345307671589,2080069703020,88.69,0,0,0,0,0,0,0,0,0,0,0,0,2691384557859,2340820116019,86.97,,1344054981760,1138275054870,84.69,635655804986,441533408969,69.46,0,0,0,0,0,0,49050708400,23346605340,47.6,835000000,835000000,100,2029596495146,1603990069179,79.03,895940000,623343700,69.57,38906313841,23476108858,60.34,90082121080,75831546992,84.18,30931228335,16398087577,53.01,10286328937,5782912599,56.22,0,0,0,171101932193,122111999726,71.36798407878867,2284778546,705800000,30.89,17797264359,12953352141,72.78,477475613940,411414474539,86.16,495272878299,424367826680,85.68363931767851,2698256084184,2151175695585,79.7246676545734,,8007235601,8007235600.6,100,1135709276,0,0,6871526325,8007235600.6,116.52775849039625,,0,197651656034.6,,2699391793460,2348827351619.6,87.01320635671576,2699391793460,2151175695585,79.69112526743245,,12 Desember
3,Kab. Serang,725174381504,674071648895,92.95,252142584022,232660676526,92.27,18932083377,14448454025,76.32,101301093311,72398778185,71.47,1097550142214,993579557631,90.53,0,0,0,0,0,0,0,0,0,0,0,0,0,0,0,0,0,0,0,0,0,0,0,0,0,0,0,0,0,0,2272975539889,2002463742906,88.1,0,0,0,0,0,0,203525991061,187805402544,92.28,2476501530950,2190269145450,88.44,11425000000,10634935071,93.08,0,0,0,2613685121,2613685121,100,14038685121,13248620192,94.37,3588090358285,3197097323273,89.1,,1550446482475.42,1346707211380,86.86,1086540486860.58,777605636815,71.57,306250000,306250000,100,0,0,0,138849469791,102877579683,74.09,10092994600,6592673360,65.32,2786235683727,2234089351238,80.18,12497880760,2394690376,19.16,160179695669,122843493962,76.69,42453296361,26500353757,62.42,25508585933,10786585548,42.29,21237848207,4647372815,21.88,672600000,496174400,73.77,262549906930,167668670858,63.861637895268096,12500000000,4366811563,34.93,77164700400,67450211200,87.41,477517559000,416962881194,87.32,554682259400,484413092394,87.33163611866546,3615967850057,2890537926053,79.93815337731598,,65877491772,65877491772,100,38000000000,38000000000,100,27877491772,27877491772,100,,0,334436888992,,3653967850057,3262974815045,89.29949438373134,3653967850057,2928537926053,80.14678963328362,,12 Desember
4,Kab. Tangerang,4123570000000,4207210955811,102.03,204203623497,219079248721,107.28,60739592373,60739592375,100,760205363844,757311426742.51,99.62,5148718579714,5244341223649.51,101.86,0,0,0,0,0,0,0,0,0,0,0,0,0,0,0,0,0,0,0,0,0,0,0,0,0,0,0,0,0,0,3230216043000,2913126945327,90.18,0,0,0,0,0,0,358519949887,537657946684,149.97,3588735992887,3450784892011,96.16,0,0,0,0,0,0,0,0,0,0,0,0,8737454572601,8695126115660.51,99.52,,2792481718736.58,2615089824356,93.65,3474258088944.36,3050107677816,87.79,0,0,0,0,0,0,384480739125,355753219848,92.53,19410200000,12832900000,66.11,6670630746805.94,6033783622020,90.45,112762628340,97891365888,86.81,434843868776,388075437081,89.24,456753191662.4,311463718121,68.19,752159399058.66,675680577567,89.83,49308825363,48558232852,98.48,755456250,441297791,58.41,1806583369450.06,1522110629300,84.25355037799025,37574124991,35964538923,95.72,426814057516,426531450716,99.93,554006131500,502058921297,90.62,980820189016,928590372013,94.67488357316553,9495608430263,8520449162256,89.73041827526168,,788153857662,788153857662,100,30000000000,30000000000,100,758153857662,758153857662,100,,0,932830811066.5098,,9525608430263,9483279973322.51,99.5556351360611,9525608430263,8550449162256,89.76276134856747,,19 Desember
5,Kota Cilegon,734028708008,754488747196,102.79,142528462795,133053345628,93.35,26294609910,26942025996,102.46,18981657778,18563171837,97.8,921833438491,933047290657,101.22,196883328000,160432869200,81.49,652447842000,671104029072,102.86,228927203000,122199711119,53.38,0,0,0,1078258373000,953736609391,88.45,0,0,0,0,0,0,0,0,0,0,0,0,0,0,0,1078258373000,953736609391,88.45,150417826063,132741259757,88.25,0,0,0,150417826063,132741259757,88.25,1228676199063,1086477869148,88.43,0,0,0,0,0,0,0,0,0,0,0,0,2150509637554,2019525159805,93.91,,997743170035.12,903567528651,90.56,835205066025.79,678478954844,81.24,0,0,0,556800000,369330000,66.33,76605135500,56195110500,73.36,4838760000,4558800000,94.21,1914948931560.91,1643169723995,85.81,5748394473.19,3503919256,60.95,36721255141.64,25185504890.14,68.59,134757100690.6,73795992003,54.76,74045645155.66,51789960222,69.94,5630764164,1165046200,20.69,251366500,249466500,99.24,257154526125.09,155689889071.14,60.54332055404165,3151307101,398000000,12.63,0,0,0,0,0,0,0,0,0,2175254764787,1799257613066.1401,82.71479930500567,,24745127233,24745127233,100,0,0,0,24745127233,24745127233,100,,0,245012673971.85986,,2175254764787,2044270287038,93.97843048688479,2175254764787,1799257613066.1401,82.71479930500567,,19 Desember
6,Kota Serang,341210707703,313073490127.92,91.75,69532635685,53496651491.91,76.94,1937562215,1204953030,62.19,12773427782,14046712347.77,109.97,425454333385,381821806997.6,89.74,108092685000,88673639400,82.03,669414847000,646252913632,96.54,13229048999,11557530768,87.36,268284084791,251527613537,93.75,1059020665790,998011697337,94.24,0,0,0,0,0,0,0,0,0,0,0,0,6807195000,9556719000,140.39,1065827860790,1007568416337,94.53,0,0,0,0,0,0,131470347533,114292427923,86.93,1197298208323,1121860844260,93.7,0,0,0,0,0,0,6180101687,6180101687,100,6180101687,6180101687,100,1628932643395,1509862752944.6,92.69,,804194141715,716933007813,89.15,647909781453,604149078939.25,93.25,0,0,0,595000000,495000000,83.19,54044651753,36564376808,67.66,1715000000,1316357660,76.76,1508458574921,1359457821220.25,90.12,4451800000,0,0,49159345898,38547028704,78.41,37347062580,31636448227,84.71,78064115068,59856102710,76.68,6583231100,3568642300,54.21,361340000,196500000,54.38,175966894646,133804721941,76.03971315751214,1525000000,184447000,12.09,0,0,0,0,0,0,0,0,0,1685950469567,1493446990161.25,88.58190184820849,,67017826172,67017826172,100,10000000000,10000000000,100,57017826172,57017826172,100,,0,73433588955.3501,,1695950469567,1576880579116.6,92.97916462850473,1695950469567,1503446990161.25,88.64922750633755,,19 Desember
7,Kota Tangerang,2711467371235,2669964268930,98.47,272755882919,273864199802,100.41,17519908779,17601664472,100.47,36469343498,59352385407,162.75,3038212506431,3020782518611,99.43,459011566000,374172342200,81.52,1024751003000,1004677119217,98.04,15000000000,10414679275,69.43,513989388000,501089330813,97.49,2012751957000,1890353471505,93.92,7136621000,7136621000,100,0,0,0,0,0,0,0,0,0,7136621000,7136621000,100,2019888578000,1897490092505,93.94,505023818053,452328581266,89.57,0,0,0,505023818053,452328581266,89.57,2524912396053,2349818673771,93.07,0,0,0,0,0,0,0,0,0,0,0,0,5563124902484,5370601192382,96.54,,2021388883655.03,1885875163094,93.3,2273600549259.18,1816366643475,79.89,0,0,0,42000000000,38222704445,91.01,160551506020,154478528819,96.22,10032400000,8840900000,88.12,4507573338934.21,3903783939833,86.61,244133399130.06,80693344340,33.05,358451781226.32,202193738411,56.41,182484247907.52,119515714853,65.49,495857586194,379274865812,76.49,29912568368,25688444173,85.88,5767460262,2640034052,45.77,1316607043087.9,810006141641,61.52223975205653,187625509848.89,2533591675,1.35,0,0,0,0,0,0,0,0,0,6011805891870.999,4716323673149,78.45103048863047,,448680989387,448680989387,100,0,0,0,448680989387,448680989387,100,,0.0009765625,1102958508620,,6011805891871,5819282181769,96.79757274993983,6011805891870.999,4716323673149,78.45103048863047,,19 Desember
8,Kota Tangerang Selatan,2685634995643,2719304227492,101.25,152212272464,131042087044,86.09,629151223,629151223,100,136782038802,138813786569,101.49,2975258458132,2989789252328,100.49,0,0,0,0,0,0,0,0,0,0,0,0,0,0,0,0,0,0,0,0,0,0,0,0,0,0,0,0,0,0,1505725571203,1379217987713,91.6,0,0,0,0,0,0,418599166932,376526318609,89.95,1924324738135,1755744306322,91.24,0,0,0,0,0,0,0,0,0,0,0,0,4899583196267,4745533558650,96.86,,1592403333143.19,1429581313010,89.78,1799884989714.41,1380484419638,76.7,0,0,0,0,0,0,160658574400,124163797444,77.28,0,0,0,3552946897257.6,2934229530092,82.59,58741316000,64657500,0.11,161863566587.31,116914534870,72.23,555395796210.31,353927870792,63.73,648193793243.43,392577057890,60.56,28694751712.35,14717166692,51.29,366412000,142105200,38.78,1453255635753.4004,878343392944,60.439703197066706,3679196000,1143811666,31.09,0,0,0,0,0,0,0,0,0,5009881729011,3813716734702,76.12388756839705,,110298532744,110298532744,100,0,0,0,110298532744,110298532744,100,,0,1042115356692,,5009881729011,4855832091394,96.92508434430825,5009881729011,3813716734702,76.12388756839705,,12 Desember
XIV,Prov. Jawa Tengah,12459303870000,10465912321971,84,2092596928000,2346744502625,112.15,690155713000,441944620355,64.04,377228145000,336043738754,89.08,15619284656000,13590645183705,87.01,0,0,0,0,0,0,0,0,0,0,0,0,0,0,0,0,0,0,0,0,0,0,0,0,0,0,0,0,0,0,0,0,0,0,0,0,0,0,0,0,0,0,8792464010000,8243788846582,93.76,25505460000,21254550000,83.33,0,0,0,137680379000,91170142622,66.22,163185839000,112424692622,68.89,24574934505000,21946858722909,89.31,,7436406324000,6689496718785,89.96,6477455733000,5590700482225,86.31,0,0,0,12413000000,9684928525,78.02,2093048950000,1950743515700,93.2,32600000000,32583000000,99.95,16051924007000,14273208645235,88.92,13932478000,11888183839,85.33,689803271000,415457763409,60.23,297656452000,139053849593,46.72,867929940000,588461108109,67.8,127390078000,122453900647,96.13,1493500000,926487700,62.03,1998205719000,1278241293297,63.96945425302329,25000000000,5692800000,22.77,4494697452000,3764883739374,83.76,2582121004000,1849119492633,71.61,7076818456000,5614003232007,79.32947929796377,25151948182000,21171145970539,84.1729865907172,,577013677000,576951194428,99.99,0,0,0,577013677000,576951194428,99.98917138804666,,0,1352663946798,,25151948182000,22523809917337,89.55095547412178,25151948182000,21171145970539,84.1729865907172,,12 Desember
1,Kab. Banjarnegara,164821906000,139071638023,84.38,219924889000,178390697057,81.11,21773261000,22009115324,101.08,11116686000,16181173466,145.56,417636742000,355652623870,85.16,0,0,0,0,0,0,0,0,0,0,0,0,0,0,0,0,0,0,0,0,0,0,0,0,0,0,0,0,0,0,1680739789024,1609095183092,95.74,0,0,0,0,0,0,114762737000,93912347020,81.83,1795502526024,1703007530112,94.85,29813281000,13831000000,46.39,0,0,0,52150420000,42564656682,81.62,81963701000,56395656682,68.81,2295102969024,2115055810664,92.16,,982094096128,942680587001,95.99,558671354159,471384058741,84.38,116000000,0,0,0,0,0,98422327154,95185011778,96.71,2060646800,1930024932,93.66,1641364424241,1511179682452,92.07,7279290000,257298000,3.53,49709618015,40376045438,81.22,64936534020,37372394666,57.55,67786885930,37921149123,55.94,11141410818,4425663700,39.72,212000000,180194500,85,201065738783,120532745427,59.946933851860685,4797995000,2411215591,50.25,32559836000,26556653500,81.56,444985267000,412111479324,92.61,477545103000,438668132824,91.8589951123423,2324773261024,2072791776294,89.16102963869221,,63820292000,33820292829,52.99,34150000000,3200000000,9.37,29670292000,30620292829,103.20185871106358,,0,72884327199,,2358923261024,2148876103493,91.09563413945821,2358923261024,2075991776294,88.00590551609633,,19 Desember
2,Kab. Banyumas,513855855427,334582100451,65.11,582194845533,410905219169,70.58,28125436564,28195217717,100.25,73660528849,17763904254,24.12,1197836666373,791446441591,66.07,56658632000,46753169400,82.52,1443633901000,1418246644000,98.24,64096363000,55238213115,86.18,599721437000,542092708831,90.39,2164110333000,2062330735346,95.3,22647785000,22647785000,100,0,0,0,0,0,0,342797744000,337807564926,98.54,365445529000,360455349926,98.63,2529555862000,2422786085272,95.78,191203346000,153315025265,80.18,9563000000,4100589785,42.88,200766346000,157415615050,78.41,2730322208000,2580201700322,94.5,0,0,0,0,0,0,8241843861,8287748348,100.56,8241843861,8287748348,100.56,3936400718234,3379935890261,85.86,,1762620046695.33,1249280122207,70.88,1035338349468.82,611070937117,59.02,5257414550,142158529,2.7,20000000,0,0,118918575097,83427893870,70.16,14023343900,13380185586,95.41,2936177729711.15,1957301297309,66.66,12947500000,3803397152,29.38,106762722301.82,53783074524,50.38,128838516265,91288901967,70.86,112184687680.11,94370628566,84.12,35274915961,8317746194,23.58,130000000,29900000,23,396138342207.93,251593648403,63.51156189545025,1341075000,264493813,19.72,62449678895,50065816357,80.17,563853589101.92,531661046984,94.29,626303267996.92,581726863341,92.88261662780606,3959960414916,2790886302866,70.47763135089828,,102522127052,77947325056,76.03,78962430370,5149167985,6.52,23559696682,72798157071,308.99445800853204,,0,661847744466,,4038922845286,3457883215317,85.61399530948812,4038922845286,2796035470851,69.22725632440276,,12 Desember
3,Kab. Batang,217360000000,230711561412,106.14,170109274970,177903428980,104.58,17024865330,16693356267,98.05,3514056487,11576844307.6,329.44,408008196787,436885190966.6,107.08,0,0,0,0,0,0,0,0,0,0,0,0,0,0,0,0,0,0,0,0,0,0,0,0,0,0,0,0,0,0,1440294530000,1416225675910,98.33,0,0,0,0,0,0,93721350800,88648726650,94.59,1534015880800,1504874402560,98.1,0,0,0,0,0,0,0,0,0,0,0,0,1942024077587,1941759593526.6,99.99,,965669309716,834724085845,86.44,474856061442.73,385723463081,81.23,0,0,0,0,0,0,70541708693,64380608065,91.27,8730574833,6519650000,74.68,1519797654684.73,1291347806991,84.97,1000000000,0,0,29699002518,18927961856,63.73,46626731226,21297348086,45.68,77710029869,53011461789,68.22,12555508361,4719161850,37.59,1002060000,312796440,31.22,168593331974,98268730021,58.287435730942626,24236856879,3192042000,13.17,18638133000,14947233500,80.2,350616299200,341763750340,97.48,369254432200,356710983840,96.60303377124907,2081882275737.73,1749519562852,84.03547036453082,,144858198150.73,144858198150.73,100,5000000000,2000000000,40,139858198150.73,142858198150.73,102.14502977992524,,0,335098228825.3301,,2086882275737.73,2086617791677.33,99.98732635455892,2086882275737.73,1751519562852,83.92996496330026,,19 Desember
4,Kab. Blora,134489960000,131531770658,97.8,253588226000,247296274348,97.52,117217000000,116950375553,99.77,11160642000,13058609763,117.01,516455828000,508837030322,98.52,0,0,0,0,0,0,0,0,0,0,0,0,0,0,0,0,0,0,0,0,0,0,0,0,0,0,0,0,0,0,1949653109000,1832002396370,93.97,0,0,0,0,0,0,142561880000,97297818430,68.25,2092214989000,1929300214800,92.21,0,0,0,0,0,0,0,0,0,0,0,0,2608670817000,2438137245122,93.46,,1185992028328,1078062317362,90.9,641088651809,523173084106,81.61,2400000000,528051061,22,0,0,0,65631231000,58295256829,88.82,2230800000,1990182000,89.21,1897342711137,1662048891358,87.6,0,0,0,108313786359,86295617390,79.67,69987495724,45058234977,64.38,351703197290,128666826224,36.58,4031770319,407115200,10.1,0,0,0,534036249692,260427793791,48.76593937980785,1715013450,5087953,0.3,15000000000,14184558500,94.56,437025265200,403599463968,92.35,452025265200,417784022468,92.42492724010685,2885119239479,2340265795570,81.11504590682392,,301448422479,146935439429,48.74,25000000000,8500000000,34,276448422479,138435439429,50.076407811484636,,0,236306888981,,2910119239479,2585072684551,88.83047297449595,2910119239479,2348765795570,80.71029405621539,,19 Desember
5,Kab. Boyolali,267164000000,251555862497,94.16,342565033000,301730309280,88.08,27550235000,27776097182,100.82,10824797000,15042044816,138.96,648104065000,596104313775,91.98,56322318000,46903496200,83.28,1028969708000,997258127494,96.92,19306218000,12001161916,62.16,341589414000,132035342898,38.65,1446187658000,1188198128508,82.16,7067394000,7067394000,100,0,0,0,0,0,0,265082092000,263061978428,99.24,272149486000,270129372428,99.26,1718337144000,1458327500936,84.87,106139886000,104021250093,98,9147000000,2690247000,29.41,115286886000,106711497093,92.56,1833624030000,1565038998029,85.35,0,0,0,0,0,0,0,0,0,0,0,0,2481728095000,2161143311804,87.08,,1045810660000,772010436204,73.82,698712383000,559114146104,80.02,0,0,0,0,0,0,79775006000,53130602488,66.6,19789000000,18131943500,91.63,1844087049000,1402387128296,76.05,29705000000,3101560000,10.44,74101159000,44297397934,59.78,76158434000,35338372666,46.4,136675873000,56037357225,41,8371263000,7413456936,88.56,410000000,269487000,65.73,325421729000,146457631761,45.0054863303243,10000000000,358050000,3.58,23963816000,23963816000,100,430973617000,428378503428,99.4,454937433000,452342319428,99.42956692860224,2634446211000,2001545129485,75.97593456748697,,178690116000,178690115474,100,25972000000,13813000000,53.18,152718116000,164877115474,107.9617269990418,,0,324475297793,,2660418211000,2339833427278,87.94983501479273,2660418211000,2015358129485,75.75343309379414,,12 Desember
6,Kab. Brebes,357000000000,320186849864,89.69,427374454707,357530492946,83.66,22764275046,23185478757,101.85,4380872233,18542381890.05,423.26,811519601986,719445203457.05,88.65,40769633000,33854362000,83.04,1543835125100,1541437401900,99.84,686015650556,621529935113,90.6,0,0,0,2270620408656,2196821699013,96.75,6915077000,6915077000,100,0,0,0,0,0,0,345356263000,310333723980,89.86,352271340000,317248800980,90.06,2622891748656,2514070499993,95.85,180057037664,146235023185,81.22,17001000000,5593753856,32.9,197058037664,151828777041,77.05,2819949786320,2665899277034,94.54,0,0,0,0,0,0,0,0,0,0,0,0,3631469388306,3385344480491.05,93.22,,1615089156571,1285209708156,79.58,1092185696101,826473593323,75.67,0,0,0,0,0,0,120178500000,78342358124,65.19,11328350000,10536885000,93.01,2838781702672,2200562544603,77.52,431000000,0,0,101633516102,65278103196,64.23,62713715282,41408462656,66.03,185297079617,127331006869,68.72,20768238308,11502373419,55.38,3548890000,3236847000,91.21,374392439309,248756793140,66.44279291513465,6900000000,2846944000,41.26,43065130000,16885111980,39.21,541599263000,504987534798,93.24,584664393000,521872646778,89.26020688555938,3804738534981,2974038928521,78.16670977985748,,177369146675,177359146675.35,99.99,4100000000,4100000000,100,173269146675,173259146675.35,99.99422863225111,,0,584564698645.3998,,3808838534981,3562703627166.4,93.5377962191346,3808838534981,2978138928521,78.19021208615912,,19 Desember
7,Kab. Cilacap,490672000000,475296538499,96.87,356109415794,360035188051,101.1,60207808888,57357619455,95.27,114352192720,109088479273.05,95.4,1021341417402,1001777825278.05,98.08,68906730000,58003686800,84.18,1485871364008,1466356608947,98.69,14992911000,14575623266,97.22,638434453127,584001062938,91.47,2208205458135,2122936981951,96.14,7928807000,7928807000,100,0,0,0,0,0,0,325544132000,301542017904,92.63,333472939000,309470824904,92.8,2541678397135,2432407806855,95.7,175502095000,170512248160,97.16,16106515000,6211400000,38.56,191608610000,176723648160,92.23,2733287007135,2609131455015,95.46,0,24669333361,0,0,0,0,8534341421,8534341421,100,8534341421,33203674782,389.06,3763162765958,3644112955075.05,96.84,,1647478338141,1465839492296,88.97,1072000359850,889837201575,83.01,0,0,0,1322162800,1038355200,78.53,136641619290,76936667585,56.31,6414250000,4940749800,77.03,2863856730081,2438592466456,85.15,10655100000,7928775562,74.41,91409924008,56084997299,61.36,68024408737,25894264717,38.07,188169384339,131966744126,70.13,18504937345,8235209300,44.5,1226200000,837973300,68.34,377989954429,230947964304,61.098968794785854,4651050000,896899600,19.28,65173878000,44998214300,69.04,565237312297,499771027190,88.42,630411190297,544769241490,86.4149066315507,3876908924807,3215206571850,82.93221827515742,,105919126221,0,0,0,0,0,105919126221,0,0,,-7827032628,428906383225.0498,,3869081892179,3644112955075.05,94.18546974777907,3876908924807,3215206571850,82.93221827515742,,12 Desember
8,Kab. Demak,287837738497,315551827169,109.63,307438169398,299763275653.14,97.5,33959699000,34302679571,101.01,8805250000,13643722621,154.95,638040856895,663261505014.14,103.95,79303551000,65575262600,82.69,965639231550,949701518611,98.35,32349425000,21954242640,67.87,391470808958,381620757610,97.48,1468763016508,1418851781461,96.6,20870727000,17878918000,85.67,0,0,0,0,0,0,262023039000,190514513664,72.71,282893766000,208393431664,73.66,1751656782508,1627245213125,92.9,141000270448,121142996679,85.92,64348000000,32908060810,51.14,205348270448,154051057489,75.02,1957005052956,1781296270614,91.02,0,3592512,0,0,0,0,9856384319,9856384319,100,9856384319,9859976831,100.04,2604902294170,2454417752459.14,94.22,,1109329034286,991944100235,89.42,886559966272.34,652555638625.2,73.61,0,0,0,0,0,0,82965510000,55135249350,66.46,12860987000,11030122000,85.76,2091715497558.34,1710665110210.2,81.78,0,0,0,90180705927,36348391642,40.31,46825637409,20989534206,44.82,90271142307,37675076670,41.74,11799473794,2421787068,20.52,101000000,39270000,38.88,239177959437,97474059586,40.753780078834936,1541000000,339610000,22.04,26863712846,23967507352,89.22,416821799300,344558273964,82.66,443685512146,368525781316,83.06013408766258,2776119969141.34,2177004561112.2,78.41896550982096,,171217674971.34,171253762496.34,100.02,0,0,0,171217674971.34,171253762496.34,100.02107698577618,,0,448666953843.28015,,2776119969141.34,2625671514955.48,94.5806213038987,2776119969141.34,2177004561112.2,78.41896550982096,,12 Desember
9,Kab. Grobogan,307127012000,294319157427,95.83,204410792200,212107916116,103.77,36249541000,36755223169,101.4,75436889268,71365125681,94.6,623224234468,614547422393,98.61,67403782000,56072863400,83.19,1247285084000,1230300438914,98.64,574326074709,512514913886,89.24,0,0,0,1889014940709,1798888216200,95.23,7182904000,7182904000,100,0,0,0,306953273000,303296102000,98.81,0,0,0,314136177000,310479006000,98.84,2203151117709,2109367222200,95.74,159702330364,130152712089,81.5,19672000000,2760633200,14.03,179374330364,132913345289,74.1,2382525448073,2242280567489,94.11,0,0,0,0,0,0,0,0,0,0,0,0,3005749682541,2856827989882,95.05,,1324190582779,1104095375636,83.38,744426094306,618418102147,83.07,0,0,0,940448000,940424750,100,128785224880,115910901040,90,25534312000,24304849200,95.19,2223876661965,1863669652773,83.8,1597198250,273075000,17.1,108667380975,61813860158,56.88,142761884429,82893969216,58.06,143576969431,84841064970,59.09,15058191190,12607980424,83.73,650960000,356654963,54.79,412312584275,242786604731,58.88411219800865,12201148015,4515184766,37.01,32072982000,32072982000,100,435019737000,431362566000,99.16,467092719000,463435548000,99.21703532270217,3115483113255,2574406990270,82.63267354321515,,115683430714,115683430714,100,4950000000,4950000000,100,110733430714,110733430714,100,,1000000000,393154430326,,3121433113255,2972511420596,95.22906026636893,3120433113255,2579356990270,82.66022365015252,,19 Desember
10,Kab. Jepara,287466757500,298627655750,103.88,296021181386,281452197257,95.08,8623480563,8722351563,101.15,9332315889,12708660333,136.18,601443735338,601510864903,100.01,0,0,0,0,0,0,0,0,0,0,0,0,0,0,0,0,0,0,0,0,0,0,0,0,0,0,0,0,0,0,1780931226647,1719839055427,96.57,0,0,0,0,0,0,136829971000,126607029566,92.53,1917761197647,1846446084993,96.28,0,0,0,0,0,0,11093008359,12402079369,111.8,11093008359,12402079369,111.8,2530297941344,2460359029265,97.24,,1283852993528,1090679556139,84.95,709382196869,579170177117,81.64,1138238889,164990957,14.5,204540000,204540000,100,94707555000,89042064593,94.02,26131900000,25568100000,97.84,2115417424286,1784829428806,84.37,7950646705,1794506000,22.57,52622042637,32746645051,62.23,50102549086,34824134922,69.51,154715727869,67431844100,43.58,10972293900,3293097875,30.01,0,0,0,276363260197,140090227948,50.690612003976035,11632408600,781272050,6.72,32786973928,32402723250,98.83,354070238000,333179363552,94.1,386857211928,365582086802,94.50052255198499,2790270305011,2291283015606,82.11688349659612,,259972363667,199842196188,76.87,0,0,0,259972363667,199842196188,76.87055399626206,,0,368918209847,,2790270305011,2660201225453,95.33847744699104,2790270305011,2291283015606,82.11688349659612,,12 Desember
11,Kab. Karanganyar,320268063000,320772399474,100.16,180818067820,166112908372,91.87,21512296254,20800452973,96.69,6243248600,15646943613,250.62,528841675674,523332704432,98.96,0,0,0,0,0,0,0,0,0,0,0,0,0,0,0,0,0,0,0,0,0,0,0,0,0,0,0,0,0,0,1606617652000,1425444204849,88.72,0,0,0,0,0,0,118265117590,116764926203,98.73,1724882769590,1542209131052,89.41,0,0,0,0,0,0,0,0,0,0,0,0,2253724445264,2065541835484,91.65,,1101486295488,925136260453,83.99,604547193755,465799483018,77.05,0,0,0,0,0,0,94807071500,70859027315,74.74,5545000000,5463174272,98.52,1806385560743,1467257945058,81.23,2271000000,2175000000,95.77,60244621812,38058911976,63.17,27931837000,13391026244,47.94,114144862335,41265225303,36.15,8855629950,2983237260,33.69,336275000,135976000,40.44,213784226097,98009376783,45.84499921829141,7752533000,1094150000,14.11,22369105600,22369105600,100,327417921400,309836574530,94.63,349787027000,332205680130,94.97369956204807,2377709346840,1898567151971,79.84858008377749,,146984901576,146984901576,100,23000000000,8000000000,34.78,123984901576,138984901576,112.09824729409115,,0,305959585089,,2400709346840,2212526737060,92.16137471919703,2400709346840,1906567151971,79.4168254678798,,12 Desember
12,Kab. Kebumen,232526294000,217531103547,93.55,303068953000,281695670552,92.95,21427594405,21624513937,100.92,11880690422,13507129725,113.69,568903531827,534358417761,93.93,38116461000,31302095800,82.12,1272048621000,1270220804545,99.86,14495981000,14130584650,97.48,504962276438,501882003678,99.39,1829623339438,1817535488673,99.34,24263191000,24222868000,99.83,0,0,0,0,0,0,434223563000,429531612612,98.92,458486754000,453754480612,98.97,2288110093438,2271289969285,99.26,118074615107,118237521992,100.14,29031000000,28396934262,97.82,147105615107,146634456254,99.68,2435215708545,2417924425539,99.29,0,0,0,0,0,0,0,0,0,0,0,0,3004119240372,2952282843300,98.27,,1323212839150,1230388848351,92.98,791182457061,660325642503,83.46,0,0,0,1261000000,1261000000,100,83154555750,75057190084,90.26,5532570861,4148606910,74.99,2204343422822,1971181287848,89.42,19693384013,93871587,0.48,52873313130,40878911734,77.31,38419291203,19610369872,51.04,163133015500,79573695254,48.78,13651280650,5999399035,43.95,0,0,0,287770284496,146156247482,50.789207696679874,11800000000,576592083,4.89,17268094000,16855990980,97.61,660903131000,638424040612,96.6,678171225000,655280031592,96.62457023180244,3182084932318,2773194159005,87.15022439658321,,188065691946,187365691946.98,99.63,10100000000,10000000000,99.01,177965691946,177365691946.98,99.66285636716876,,0,356454376241.98,,3192184932318,3139648535246.98,98.35421824910155,3192184932318,2783194159005,87.1877481416463,,19 Desember
13,Kab. Kendal,411694674471,350641622612,85.17,248771019425,225799923837,90.77,27457215402,27711073064,100.92,18316784075,24762758648,135.19,706239693373,628915378161,89.05,61280581000,53511120671,87.32,996682470944,981167798880,98.44,33352241000,23034221497,69.06,399405374214,231813178751,58.04,1490720667158,1289526319799,86.5,14773497000,14773497000,100,0,0,0,0,0,0,262618980000,193870692486,73.82,277392477000,208644189486,75.22,1768113144158,1498170509285,84.73,147304118707,112378965340,76.29,5431000000,1779766000,32.77,152735118707,114158731340,74.74,1920848262865,1612329240625,83.94,0,0,0,0,0,0,0,0,0,0,0,0,2627087956238,2241244618786,85.31,,1256458699962.2,1075552321244,85.6,689379373633.8,489221839224,70.97,0,0,0,0,0,0,74512078000,50931791001,68.35,6050000000,5560000000,91.9,2026400151596,1621265951469,80.01,0,0,0,59205338477,22319941046,37.7,80268981600,25219648760,31.42,69793204084,23645944552,33.88,10076517386,2396365536,23.78,0,0,0,219344041547,73581899894,33.546340887602014,5265986000,3641132725,69.14,42332015873,0,0,365867105377,281970910562,77.07,408199121250,281970910562,69.07680489329324,2659209300393,1980459894650,74.47551775474427,,32121344155,29789725086.56,92.74,0,0,0,32121344155,29789725086.56,92.74121575613746,,0,290574449222.56,,2659209300393,2271034343872.56,85.4026173696417,2659209300393,1980459894650,74.47551775474427,,12 Desember
14,Kab. Klaten,335842142572,295655875016,88.03,161477544402,133268461422,82.53,22101122090,22684072106,102.64,24439550528,25251639738,103.32,543860359592,476860048282,87.68,51611210000,42949798800,83.22,1250541105000,1241857825854,99.31,463215845972,205119576672,44.28,0,0,0,1765368160972,1489927201326,84.4,15877103000,15877103000,100,0,0,0,0,0,0,370427124000,329089602444,88.84,386304227000,344966705444,89.3,2151672387972,1834893906770,85.28,123776390000,130664819852,105.57,6641000000,1141000000,17.18,130417390000,131805819852,101.06,2282089777972,1966699726622,86.18,13040000000,12300000000,94.33,0,0,0,0,0,0,13040000000,12300000000,94.33,2838990137564,2455859774904,86.5,,1287442962336,983611229189,76.4,807801917468,583287911193,72.21,0,0,0,2000000000,1082243372,54.11,62066260640,15060977897,24.27,7500650000,7107950000,94.76,2166811790444,1590150311651,73.39,0,0,0,88947283605,47942715802,53.9,51718919254,19960232390,38.59,90958247134,63643893775,69.97,10997600741,394647200,3.59,7500000,1090900,14.55,242629550734,131942580067,54.3802598108305,11061938938,934082000,8.44,42332144894,31466719039,74.33,657430949800,615145928244,93.57,699763094694,646612647283,92.40450835232427,3120266374810,2369639621001,75.94350405885756,,287276237246,287276237246,100,6000000000,6000000000,100,281276237246,281276237246,100,,0,367496391149,,3126266374810,2743136012150,87.74479469353328,3126266374810,2375639621001,75.98967382123286,,12 Desember
15,Kab. Kudus,326426341000,319133249896,97.77,331308950326,311874440583,94.13,10831519000,10970871700,101.29,23513590972,21115319112,89.8,692080401298,663093881291,95.81,0,0,0,0,0,0,0,0,0,0,0,0,0,0,0,0,0,0,0,0,0,0,0,0,0,0,0,0,0,0,1623516788468,1515539006538,93.35,0,0,0,0,0,0,118321577000,110834141911,93.67,1741838365468,1626373148449,93.37,0,0,0,0,0,0,0,0,0,0,0,0,2433918766766,2289467029740,94.07,,939767378304,834378066375,88.79,902431946050,709157739465.29,78.58,0,0,0,0,0,0,93412972464,77722438713,83.2,2189382600,1665066114,76.05,1937801679418,1622923310667.29,83.75,0,0,0,109064065678,82775498693,75.9,113324216123,61355547893,54.14,146871234117,82849043003,56.41,4516673910,69678650,1.54,3350000000,295988715,8.84,377126189828,227345756954,60.283736077223395,7918256336,1884335000,23.8,35897302000,35724604500,99.52,283905033836,265657505816,93.57,319802335836,301382110316,94.2401216451883,2642648461418,2153535512937.29,81.49156213466773,,208729694652,208729694652,100,0,0,0,208729694652,208729694652,100,,0,344661211454.70996,,2642648461418,2498196724392,94.53382698701856,2642648461418,2153535512937.29,81.49156213466773,,12 Desember
16,Kab. Magelang,319684057443,356529818070,111.53,275165360309,264416649853,96.09,33356051347,33514349528,100.47,20319913279,22501593383,110.74,648525382378,676962410834,104.38,0,0,0,0,0,0,0,0,0,0,0,0,0,0,0,0,0,0,0,0,0,0,0,0,0,0,0,0,0,0,1931015349888,1706395488416,88.37,0,0,0,0,0,0,157348731777,120777851076,76.76,2088364081665,1827173339492,87.49,12504200000,9962280475,79.67,0,0,0,0,0,0,12504200000,9962280475,79.67,2749393664043,2514098030801,91.44,,1192235718392,1031831767045,86.55,643259894307.63,483909827891,75.23,0,0,0,0,0,0,109492657447.38,44856684396,40.97,12544935990,11132877000,88.74,1957533206137.01,1571731156332,80.29,2498663335,172083385,6.89,102707818015.1,58589928545,57.05,59557452805.51,35560037355,59.71,41335144307.53,17145358723,41.48,9147056576.47,1752347284,19.16,5594432201,2868336794,51.27,220840567240.61002,116088092086,52.56647070622663,9891309362.88,3597357939,36.37,35037221444.5,33344976689,95.17,626782457871,570646811997,91.04,661819679315.5,603991788686,91.2622890438511,2850084762056,2295408395043,80.53825014618631,,100691098013,100691098013,100,0,0,0,100691098013,100691098013,100,,0,319380733771,,2850084762056,2614789128814,91.7442584033093,2850084762056,2295408395043,80.53825014618631,,19 Desember
17,Kab. Pati,290536664000,295954203477,101.86,284916204500,265204552801,93.08,29863469000,36122737613,120.96,3059222500,14986432362,489.88,608375560000,612267926253,100.64,49700690000,41200041400,82.9,1228746307000,1203658648290,97.96,12869474000,10301620563,80.05,438763790000,229340207106,52.27,1730080261000,1484500517359,85.81,14976530000,14976530000,100,0,0,0,0,0,0,380321503000,374436237800,98.45,395298033000,389412767800,98.51,2125378294000,1873913285159,88.17,132221311000,135268243855,102.3,18931000000,4538518985,23.97,151152311000,139806762840,92.49,2276530605000,2013720047999,88.46,0,0,0,0,0,0,0,0,0,0,0,0,2884906165000,2625987974252,91.03,,1366695548758,1009579401347,73.87,589299609325,569337688431,96.61,0,0,0,0,0,0,60098449200,39071147707,65.01,16189928000,13498516000,83.38,2032283535283,1631486753485,80.28,0,0,0,64286172472,30128535735,46.87,39109209400,9899963744,25.31,380775808620,276860795734,72.71,8605162225,1785263150,20.75,67400000,26563000,39.41,492843752717,318701121363,64.66575250391864,2615627000,1338191938,51.16,19957499000,18712551707,93.76,599397868000,585294636262,97.65,619355367000,604007187969,97.52191070768586,3147098282000,2555533254755,81.2028422935347,,262192117000,262192116715,100,0,0,0,262192117000,262192116715,99.99999989130109,,0,332646836212,,3147098282000,2888180090967,91.77279614958653,3147098282000,2555533254755,81.2028422935347,,12 Desember
18,Kab. Pekalongan,216180270168,187687719873,86.82,423232263625,268369150943.25,63.41,10585243034,10300440132,97.31,27512681336,15099752530,54.88,677510458163,481457063478.25,71.06,32327113000,27517770321,85.12,956836116000,953976536376,99.7,359595654000,191301040099,53.2,0,0,0,1348758883000,1172795346796,86.95,7151300000,7151300000,100,0,0,0,0,0,0,263467476000,233235085780,88.53,270618776000,240386385780,88.83,1619377659000,1413181732576,87.27,109182831000,89879354931,82.32,10148500000,2707013523,26.67,119331331000,92586368454,77.59,1738708990000,1505768101030,86.6,0,0,0,0,0,0,0,0,0,0,0,0,2416219448163,1987225164508.25,82.25,,1112937183252,925744236188,83.18,666128545697,515429049062,77.38,0,0,0,0,0,0,72741366982,41411898527,56.93,8970002000,6635304200,73.97,1860777097931,1489220487977,80.03,0,0,0,56467016330,38289576281,67.81,84834239150,63275398684,74.59,75525958608,42392978588,56.13,9447576348,4341315680,45.95,946646817,882944590,93.27,227221437253,149182213823,65.65499084353246,6000000000,1786969238,29.78,22597628000,15575172904,68.92,371497476000,341265085780,91.86,394095104000,356840258684,90.5467373388125,2488093639184,1997029929722,80.2634554532662,,71874191021,71874191021.64,100,0,0,0,71874191021,71874191021.64,100.00000000089044,,0,62069425807.89,,2488093639184,2059099355529.89,82.7581134046545,2488093639184,1997029929722,80.2634554532662,,19 Desember
19,Kab. Pemalang,244560000000,205256153322,83.93,248060000000,99585016231,40.15,27524170000,27483655173,99.85,17385000000,21420270419,123.21,537529170000,353745095145,65.81,36244781000,31023540600,85.59,1280055980000,1243484281579,97.14,5779378000,2604959521,45.07,543427491000,529355175711,97.41,1865507630000,1806467957411,96.84,5655294000,2827647000,50,0,0,0,0,0,0,256714895000,238347181800,92.85,262370189000,241174828800,91.92,2127877819000,2047642786211,96.23,139009861000,123703712511,88.99,981000000,981000000,100,139990861000,124684712511,89.07,2267868680000,2172327498722,95.79,0,0,0,0,0,0,0,0,0,0,0,0,2805397850000,2526072593867,90.04,,1410900377906,1240574693466,87.93,724288736979,468314789969.85,64.66,0,0,0,100000000,0,0,92057770300,46127437502,50.11,3548370000,3393024694,95.62,2230895255185,1758409945631.85,78.82,2000094000,0,0,63032086615,34557659215,54.83,59481600673,27363042745,46,99495615000,36637460891,36.82,22501766240,14374291748,63.88,0,0,0,246511162528,112932454599,45.812308635789485,5184105514,3295130360,63.56,27127840500,14109041153,52.01,429050274273,394062297465,91.85,456178114773,408171338618,89.47630879247927,2938768638000,2282808869208.85,77.67909455990493,,144470788000,144470788831,100,11100000000,6000000000,54.05,133370788000,138470788831,103.82392644407258,,0,381734513489.1499,,2949868638000,2670543382698,90.53092562483116,2949868638000,2288808869208.85,77.59019638110577,,12 Desember
20,Kab. Purbalingga,158103000000,143442932827,90.73,195727056000,175452929599.46,89.64,22359265000,20070543883,89.76,60225012000,55259424981.39,91.75,436414333000,394225831290.85,90.33,35389350000,29414729600,83.12,894757889000,885962324383,99.02,21903709000,19183345602,87.58,350917772000,331860564410,94.57,1302968720000,1266420963995,97.2,0,0,0,0,0,0,0,0,0,241575450000,231859881728,95.98,241575450000,231859881728,95.98,1544544170000,1498280845723,97,95754671000,90553981971,94.57,6012180000,2479242118,41.24,101766851000,93033224089,91.42,1646311021000,1591314069812,96.66,13454500000,7962446320,59.18,0,0,0,0,0,0,13454500000,7962446320,59.18,2096179854000,1993502347422.85,95.1,,1031600996000,942455805879,91.36,514023896000,422062953508.11,82.11,0,0,0,31875000,0,0,38325299000,37200539321,97.07,5213200000,3527400000,67.66,1589195266000,1405246698708.11,88.43,0,0,0,48199574000,40811240749,84.67,6862606000,2912878817,42.45,84881271000,28575272310,33.66,10708189000,10411262160,97.23,700000000,693289970,99.04,151351640000,83403944006,55.106072194526604,2000000000,135750000,6.79,10714839000,8258865800,77.08,397560906000,387792734819,97.54,408275745000,396051600619,97.00590972383138,2150822651000,1884837993333.11,87.63335240387097,,55705297000,55705297111.05,100,1062500000,1062500000,100,54642797000,54642797111.05,100.00000020322899,,0,163307151200.78998,,2151885151000,2049207644533.9001,95.22848575731912,2151885151000,1885900493333.11,87.6394584746642,,12 Desember
21,Kab. Purworejo,168432135537,141518817954,84.02,364411070499,298906507737,82.02,16957535263,17141773345,101.09,5193931405,8480302428.64,163.27,554994672704,466047401464.64,83.97,0,0,0,0,0,0,0,0,0,0,0,0,0,0,0,0,0,0,0,0,0,0,0,0,0,0,0,0,0,0,1811709350789,1612060408151,88.98,0,0,0,0,0,0,108642286000,79256220573,72.95,1920351636789,1691316628724,88.07,0,0,0,0,0,0,0,0,0,0,0,0,2475346309493,2157364030188.64,87.15,,1080075789263,977549097432,90.51,582736826634,474393882163,81.41,0,0,0,0,0,0,77578953926,60242595918,77.65,7078540000,6254298450,88.36,1747470109823,1518439873963,86.89,0,0,0,84012395176,44020181745,52.4,60830385605,42021013511,69.08,84618422691,44532244707,52.63,7706392830,690176520,8.96,347530919,226164800,65.08,237515127221,131489781283,55.36059232162215,10075277906,0,0,15541776737,8031392400,51.68,547577071584,444962793678,81.26,563118848321,452994186078,80.44379750893641,2558179363271,2102923841324,82.20392485048858,,85220758378,85220758378,100,2000000000,0,0,83220758378,85220758378,102.40324654446877,,387704600,139660947242.6399,,2560567067871,2242584788566.6396,87.58156803255504,2560179363271,2102923841324,82.13970753350695,,12 Desember
22,Kab. Rembang,173068000000,160681497550,92.84,261850404400,247122780379.08,94.38,11842240373.07,11906584846,100.54,10266617400,5338910062,52,457027262173.07,425049772837.08,93,0,0,0,0,0,0,0,0,0,0,0,0,0,0,0,0,0,0,0,0,0,0,0,0,0,0,0,0,0,0,1469782850298,1373544292327,93.45,0,0,0,0,0,0,98222040411,64250291629,65.41,1568004890709,1437794583956,91.7,0,0,0,0,0,0,0,0,0,0,0,0,2025032152882.07,1862844356793.08,91.99,,1013565233224.35,939807435064,92.72,474690860778.72,318933245511,67.19,0,0,0,0,0,0,54630192600,22698966445,41.55,505000000,410000000,81.19,1543391286603.07,1281849647020,83.05,12600000000,12596874900,99.98,38478407370,19112330783,49.67,44926644467,10725619965,23.87,26798713780,4271925709,15.94,7399857050,15825400,0.21,397000000,196655000,49.54,130600622667,46919231757,35.92573358293451,382000000,43000000,11.26,13013909574,5964164700,45.83,355518401000,345329348561,97.13,368532310574,351293513261,95.3223104682056,2042906219844.07,1680105392038,82.24094555677833,,17874066962,17874066961.72,100,0,0,0,17874066962,17874066961.72,99.99999999843348,,0,200613031716.80008,,2042906219844.07,1880718423754.8,92.06092798025503,2042906219844.07,1680105392038,82.24094555677833,,12 Desember
23,Kab. Semarang,420915134000,381797393516,90.71,287497598200,262667722586,91.36,13695199000,13264913466,96.86,25998070800,26936794351,103.61,748106002000,684666823919,91.52,0,0,0,0,0,0,0,0,0,0,0,0,0,0,0,0,0,0,0,0,0,0,0,0,0,0,0,0,,0,1663078302019,1597299368249,96.04,0,0,0,0,0,0,193428759200,132508093448,68.5,1856507061219,1729807461697,93.18,0,248331234,0,0,0,0,0,0,0,0,248331234,0,2604613063219,2414722616850,92.71,,1217913447221.26,1087901499835,89.33,770399603095.74,617382241405,80.14,0,0,0,0,0,0,89340207000,80359896921,89.95,5522650000,5289150000,95.77,2083175907317,1790932788161,85.97,0,0,0,81568055976,61097981910,74.9,73997054028,25420753667,34.35,135376662993,58523393980,43.23,11003452540,6708873462,60.97,83924000,54669000,65.14,302029149537,151805672019,50.26192745028509,10087390000,8015118300,79.46,45288125000,41050644362,90.64,346109532000,321142334039,92.79,391397657000,362192978401,92.53836141410524,2786690103854,2312946556881,82.9997764617669,,182077040635,182077040635,100,0,0,0,182077040635,182077040635,100,,0,283853100604,,2786690103854,2596799657485,93.18580684280677,2786690103854,2312946556881,82.9997764617669,,12 Desember
24,Kab. Sragen,244840870000,240657802578,98.29,275890588000,253533127234,91.9,32999447505,32562159289,98.67,18451584580,30990689225,167.96,572182490085,557743778326,97.48,39759809000,31978657340,80.43,1084184624000,1083695571170,99.95,13079954000,9430449222,72.1,368103045276,130787903535,35.53,1505127432276,1255892581267,83.44,16066363000,16066363000,100,0,0,0,0,0,0,210976657000,172010197600,81.53,227043020000,188076560600,82.84,1732170452276,1443969141867,83.36,125158440000,104824243302,83.75,21886088500,5477293600,25.03,147044528500,110301536902,75.01,1879214980776,1554270678769,82.71,0,0,0,0,0,0,0,0,0,0,0,0,2451397470861,2112014457095,86.16,,1220823586966,976172965522,79.96,599627923770,448375975474.94,74.78,0,0,0,1000000000,901453500,90.15,75478605584,48390554648,64.11,14199600000,12581570000,88.61,1911129716320,1486422519144.94,77.78,898093309,171340483,19.08,53412979145,26285972870,49.21,104314117378,50379382867,48.3,109755839818,52963101148,48.26,4297625780,3934927365,91.56,623500000,407639000,65.38,273302155430,134142363733,49.08207310767348,10327166179,205000000,1.99,4527000000,3761520300,83.09,385230503000,343624171950,89.2,389757503000,347385692250,89.12867348957744,2584516540929,1968155575127.94,76.15178869857377,,133286428592,133286428592,100,0,0,0,133286428592,133286428592,100,,167358524,277145310559.06006,,2584683899453,2245300885687,86.8694576602646,2584516540929,1968155575127.94,76.15178869857377,,12 Desember
25,Kab. Sukoharjo,357200000000,417326560405,116.83,135932207224,107468701814,79.06,44252244863,44736452543,101.09,46980825859,49528200700,105.42,584365277946,619059915462,105.94,46858179000,38562651600,82.3,927416330000,840826722182,90.66,16077649000,13280066769,82.6,286683950000,243769695092,85.03,1277036108000,1136439135643,88.99,20397664000,17065958500,83.67,0,0,0,0,0,0,162725313000,162725313000,100,183122977000,179791271500,98.18,1460159085000,1316230407143,90.14,111505773518,106984970810,95.95,2738500000,2238333000,81.74,114244273518,109223303810,95.61,1574403358518,1425453710953,90.54,0,0,0,0,0,0,0,0,0,0,0,0,2158768636464,2044513626415,94.71,,903052628322,690477985366,76.46,719453876285,536775765342,74.61,0,0,0,594000000,463636428,78.05,81162413550,55113294094,67.9,14944650000,14864534999,99.46,1719207568157,1297695216229,75.48,0,0,0,73175274910,47122866438,64.4,47791919900,32936457480,68.92,71006901600,58887560679,82.93,7804846153,1611095021,20.64,162000000,79368330,48.99,199940942563,140637347948,70.33944431050492,4648707016,184388363,3.97,52507236000,52507236000,100,350030462750,336298551140,96.08,402537698750,388805787140,96.58866445238752,2326334916486,1827322739680,78.54942668531267,,174566280022,174566280022,100,7000000000,7000000000,100,167566280022,167566280022,100,,0,384757166757,,2333334916486,2219079906437,95.10336003452655,2333334916486,1834322739680,78.61377836159448,,12 Desember
26,Kab. Tegal,349087633000,292001134180,83.65,347307181000,329772211689.04,94.95,20387603000,20580196214,100.94,15941862000,22900908544,143.65,732724279000,665254450627.04,90.79,39442862000,23730324400,60.16,1259645138000,1252197727390,99.41,547191031305,522644367381,95.51,0,0,0,1846279031305,1798572419171,97.42,7231265000,7231265000,100,0,0,0,0,0,0,321870852000,321730623000,99.96,329102117000,328961888000,99.96,2175381148305,2127534307171,97.8,157348732000,136479044830,86.74,8930653500,3119598289,34.93,166279385500,139598643119,83.95,2341660533805,2267132950290,96.82,0,0,0,0,0,0,0,0,0,0,0,0,3074384812805,2932387400917.04,95.38,,1222001406377,1007978920528,82.49,980981242462,794066706781,80.95,0,0,0,0,0,0,93078150500,54935091700,59.02,22550400000,18474300000,81.92,2318611199339,1875455019009,80.89,8943287000,3749375000,41.92,117276749270,86109652764,73.42,84039745152,47630574881,56.68,180149820558,99060362435,54.99,26371364438,14813990850,56.17,343279080,176152710,51.31,417124245498,251540108640,60.30340152960638,2915000000,1069314605,36.68,25900000000,15693012900,60.59,471186729000,459091083469,97.43,497086729000,474784096369,95.5133317125833,3235737173837,2602848538623,80.44066618477828,,169852361032,169853492396.63,100,8500000000,7500000000,88.24,161352361032,162353492396.63,100.62046279225592,,0,491892354690.67004,,3244237173837,3102240893313.67,95.62312269680983,3244237173837,2610348538623,80.4610883468704,,12 Desember
27,Kab. Temanggung,147148634896,130189116359,88.47,210613471272,202256683697,96.03,23016530223,23153792414,100.6,60155467624,53449224051,88.85,440934104015,409048816521,92.77,80200387000,66416019440,82.81,857926908500,810862813127,94.51,40629956000,36161137080,89,315743260817,242596647228,76.83,1294500512317,1156036616875,89.3,9002280000,9002280000,100,0,0,0,0,0,0,238898620000,209995681594,87.9,247900900000,218997961594,88.34,1542401412317,1375034578469,89.15,96000187722,73887284067,76.97,14913500000,9738595800,65.3,110913687722,83625879867,75.4,1653315100039,1458660458336,88.23,0,0,0,0,0,0,0,0,0,0,0,0,2094249204054,1867709274857,89.18,,982633463249,859145075825,87.43,522406878617,372465705645,71.3,0,0,0,0,0,0,107387139400,76793047802,71.51,3632342500,2375342500,65.39,1616059823766,1310779171772,81.11,0,0,0,62450144646,48732254145,78.03,7689179400,4406948259,57.31,31148278000,12289955690,39.46,8082127769,1378794612,17.06,13000000,4000000,30.77,109382729815,66811952706,61.08089715716517,1000000000,0,0,14988600364,6132040950,40.91,387351165337,339513341231,87.65,402339765701,345645382181,85.90882921522288,2128782319282,1723236506659,80.94939961922536,,99533115228,99628418838,100.1,65000000000,0,0,34533115228,99628418838,288.5011044622458,,0,244101187036,,2193782319282,1967337693695,89.67788993480845,2193782319282,1723236506659,78.55093422500532,,12 Desember
28,Kab. Wonogiri,122230000000,145207369948,118.8,191814481735,185603306588,96.76,24380007619,24602321712,100.91,7507038107,16050218020,213.8,345931527461,371463216268,107.38,44916312000,37355795600,83.17,1147207707000,1141136543632,99.47,438350766106,427050387583,97.42,0,0,0,1630474785106,1605542726815,98.47,16647494000,16616491000,99.81,0,0,0,0,0,0,250053184000,249754065280,99.88,266700678000,266370556280,99.88,1897175463106,1871913283095,98.67,98900000000,94918425842,95.97,6001000000,1001000000,16.68,104901000000,95919425842,91.44,2002076463106,1967832708937,98.29,0,0,0,0,0,0,0,0,0,0,0,0,2348007990567,2339295925205,99.63,,1372308442392,1181165228792,86.07,542112906509,445872341882,82.25,0,0,0,550000000,496209000,90.22,35497091900,20625530698,58.1,621000000,617000000,99.36,1951089440801,1648776310372,84.51,2189550000,2162700000,98.77,68257427097,48737869686,71.4,23916008558,14900744666,62.3,66853469260,30086875214,45,9474627370,9137502780,96.44,15000000,0,0,170706082285,105025692346,61.524282521261185,8293606544,4158634040,50.14,13714531240,13040935140,95.09,372343581300,372044462580,99.92,386058112540,385085397720,99.74803927481275,2516147242170,2143046034478,85.17172598491388,,168139251603,168139251603,100,0,0,0,168139251603,168139251603,100,,0,364389142330,,2516147242170,2507435176808,99.65375375431184,2516147242170,2143046034478,85.17172598491388,,19 Desember
29,Kab. Wonosobo,129500911000,127577568195,98.51,209223515767,161193290242,77.04,27804572231,28230457007,101.53,15711533653.09,14124511963,89.9,382240532651.09,331125827407,86.63,42795707000,35623759200,83.24,843694143000,841853175866,99.78,345808613936,204503778287,59.14,0,0,0,1232298463936,1081980713353,87.8,0,0,0,0,0,0,0,0,0,235940209000,207675852800,88.02,235940209000,207675852800,88.02,1468238672936,1289656566153,87.84,96274653064,78697143057,81.74,41854000000,17912295240,42.8,138128653064,96609438297,69.94,1606367326000,1386266004450,86.3,786000000,615030754,78.25,0,0,0,0,0,0,786000000,615030754,78.25,1989393858651.09,1718006862611,86.36,,915650160279.5,782074690505.72,85.41,467874992888.5,355094809484.28,75.9,540000000,0,0,755155000,166446663,22.04,60062274664,27879776747,46.42,8152000000,7679600000,94.21,1453034582832,1172895323400,80.72,8687621510,1618388786,18.63,46826299165,31852168582,68.02,25426960619,7463009838,29.35,101134097750,69783143669,69,10187055004,2003000240,19.66,643750000,499849000,77.65,192905784048,113219560115,58.691635750449045,3450000000,795737000,23.06,14881618600,11006054400,73.96,358828818000,328183461799,91.46,373710436600,339189516199,90.76265551610769,2023100803480,1626100136714,80.37662453185197,,33706944828.91,33706944828.91,100,0,0,0,33706944828.91,33706944828.91,100,,8.7738037109375e-05,125613670725.91,,2023100803480,1751713807439.91,86.58559199950547,2023100803480,1626100136714,80.37662453185197,,19 Desember
30,Kota Magelang,89893281139,82755863622,92.06,281300647506,270263528109,96.08,9928041573,9934567894,100.07,10901300257,9577238233,87.85,392023270475,372531197858,95.03,0,0,0,0,0,0,0,0,0,0,0,0,0,0,0,0,0,0,0,0,0,0,0,0,0,0,0,0,0,0,596530644412,565867785645,94.86,0,0,0,0,0,0,43345063000,36229400856,83.58,639875707412,602097186501,94.1,0,0,0,0,0,0,585488120,585488120,100,585488120,585488120,100,1032484466007,975213872479,94.45,,443868659019,349374414604,78.71,516601376351,422500586757,81.78,0,0,0,0,0,0,19837244003,12618169228,63.61,2216114800,2164181000,97.66,982523394173,786657351589,80.06,2808783850,177300595,6.31,48791321616,24787919619,50.8,60791700511,33101179556,54.45,28540228976,18773599182,65.78,1881207100,711460694,37.82,1036069300,462126953,44.6,143849311353,78013586599,54.23285371701086,16508402791,1024144580,6.2,0,0,0,0,0,0,0,0,0,1142881108317,865695082768,75.7467313501067,,110396642310,3487500,0,0,0,0,110396642310,3487500,0.003159063470614354,,0,109522277211,,1142881108317,975217359979,85.32972965272822,1142881108317,865695082768,75.7467313501067,,19 Desember
31,Kota Pekalongan,140250255000,138382876114,98.67,141820512000,137361521388,96.86,7400295000,7487203068,101.17,8978529000,11214944493,124.91,298449591000,294446545063,98.66,43618577000,36168781200,82.92,485041025000,483484110310,99.68,140782528000,138035437256,98.05,0,0,0,669442130000,657688328766,98.24,7216498000,7216498000,100,0,0,0,0,0,0,0,0,0,7216498000,7216498000,100,676658628000,664904826766,98.26,50966870000,45061881589,88.41,3901500000,3399224953,87.13,54868370000,48461106542,88.32,731526998000,713365933308,97.52,814372000,814372000,100,0,0,0,0,0,0,814372000,814372000,100,1030790961000,1008626850371,97.85,,437241570000,377109743840,86.25,470957488000,397797022336,84.47,0,0,0,0,0,0,34054433000,23824331192,69.96,1569300000,1019342421,64.96,943822791000,799750439789,84.74,629768000,566516980,89.96,45497492000,33522147131,73.68,31039302000,18961605430,61.09,56193618000,41166120591,73.26,2501622000,415177590,16.6,67216000,65609391,97.61,135929018000,94697177113,69.66663815153878,10845000000,2256285015,20.8,0,0,0,0,0,0,0,0,0,1090596809000,896703901917,82.2213942418568,,66434848000,66471202312,100.05,6629000000,5049100000,76.17,59805848000,61422102312,102.70250212320373,,0,173345050766,,1097225809000,1075098052683,97.98329968767622,1097225809000,901753001917,82.18481505997823,,19 Desember
32,Kota Salatiga,114000000000,119435469185,104.77,181688836367,157743232335,86.82,23891948700,24164556073,101.14,14077136433,12570714564,89.3,333657921500,313913972157,94.08,35089157000,29162691000,83.11,482599097000,481901226579,99.86,29640219000,28902315472,97.51,89673551000,71912464045,80.19,637002024000,611878697096,96.06,8989406000,8989406000,100,0,0,0,0,0,0,0,0,0,8989406000,8989406000,100,645991430000,620868103096,96.11,47886318000,40309989698,84.18,10926500000,5784468900,52.94,58812818000,46094458598,78.37,704804248000,666962561694,94.63,0,0,0,0,0,0,1841166000,1841166338,100,1841166000,1841166338,100,1040303335500,982717700189,94.46,,468476794553,421955000388,90.07,505351816580,391780082733,77.53,0,0,0,165000000,147815000,89.58,26748915216,25191050706,94.18,429050000,271100000,63.19,1001171576349,839345048827,83.84,1664899115,1299823380,78.07,44806937280,25563936985,57.05,38480934733,19274894862,50.09,44960880888,20487158250,45.57,2674762071,1951372989,72.96,89402352,51667686,57.79,132677816439,68628854152,51.72594484440647,1000000000,288090000,28.81,0,0,0,0,0,0,0,0,0,1134849392788,908261992979,80.03370304033564,,94546057288,94546057288,100,0,0,0,94546057288,94546057288,100,,0,169001764498,,1134849392788,1077263757477,94.92570241681774,1134849392788,908261992979,80.03370304033564,,19 Desember
33,Kota Semarang,3090722250000,2635371882498,85.27,695371570256,505354856556,72.67,80494038309,79716532486,99.03,38102405000,42995408276,112.84,3904690263565,3263438679816,83.58,0,0,0,0,0,0,0,0,0,0,0,0,0,0,0,0,0,0,0,0,0,0,0,0,0,0,0,0,0,0,2078070424308,2028353942571,97.61,0,0,0,0,0,0,295755408000,270451527241,91.44,2373825832308,2298805469812,96.84,0,0,0,0,0,0,22162938117,22162938117,100,22162938117,22162938117,100,6300679033990,5584407087745,88.63,,2124755330166.87,1893554856067,89.12,2931681322952.26,2510997843225.5,85.65,0,0,0,0,0,0,185177102956,184056058129,99.39,3239100000,3239100000,100,5244852856075.13,4591847857421.5,87.55,4821294000,4143044180,85.93,229435674460.16,188324048844.86,82.08,344084085560.4,223165552484,64.86,555771449124.59,399915475379,71.96,13767340054.9,12225670775,88.8,7249430555.6,6998326859,96.54,1155129273755.65,834772118521.86,72.26655383840989,65209764305.22,4816078900,7.39,0,0,0,0,0,0,0,0,0,6465191894135.999,5431436054843.36,84.01043841822752,,194512860146,194512860146,100,30000000000,0,0,164512860146,194512860146,118.23565645468442,,0.0009765625,347483893047.63965,,6495191894136,5778919947891,88.97227429274776,6495191894135.999,5431436054843.36,83.62241090593457,,19 Desember
34,Kota Surakarta,640000000000,582342068237,90.99,169824434184,108544047681,63.92,20192644563,18555479461,91.89,105336792958,105194868474.85,99.87,935353871705,814636463853.85,87.09,0,0,0,0,0,0,0,0,0,0,0,0,1190420168688,963587845674,80.95,0,0,0,0,0,0,0,0,0,0,0,0,0,0,0,1190420168688,975285549153,81.93,0,0,0,0,0,0,112168459000,86446177476,77.07,1302588627688,1061731726629,81.51,0,0,0,0,0,0,0,0,0,0,0,0,2237942499393,1876368190482.85,83.84,,858545816751,694124311641,80.85,1068945511406.14,756428052065,70.76,0,0,0,0,0,0,93172415659,41938048724,45.01,20621215000,16993804000,82.41,2041284958816.14,1509484216430,73.95,362604956,34132500,9.41,120488855851.3,54854842216,45.53,92799687099,44893056901,48.38,61886217366,29528101449,47.71,6289325627,1289040226,20.5,175995000,70360250,39.98,282002685899.3,130669533542,46.33627269375038,23839337107,1402721671,5.88,0,0,0,0,0,0,0,0,0,2347126981822.44,1641556471643,69.93897153226897,,109184482429.44,0,0,0,0,0,109184482429.44,0,0,,0,234811718839.8501,,2347126981822.44,1876368190482.85,79.94319033501688,2347126981822.44,1641556471643,69.93897153226897,,12 Desember
35,Kota Tegal,185499392218,157962559187,85.16,239368410400,183447787716,76.64,23573026000,22431030632,95.16,16800698047,10287448459,61.23,465241526665,374128825994,80.42,0,0,0,0,0,0,0,0,0,0,0,0,0,0,0,0,0,0,0,0,0,0,0,0,0,0,0,0,0,0,693395254000,647574099915,93.39,0,0,0,0,0,0,54694257011,45722682090,83.6,748089511011,693296782005,92.68,0,0,0,0,0,0,0,0,0,0,0,0,1213331037676,1067425607999,87.97,,586436502382,527368066192,89.93,496371586388,378677949330,76.29,0,0,0,0,0,0,26293050700,19889897260,75.65,8690000000,8486800000,97.66,1117791139470,934422712782,83.6,0,0,0,65783341808,36352225344,55.26,33879616453,13380233178,39.49,13343967952,10065986374,75.43,4033762744,717025500,17.78,379435595,290880633,76.66,117420124552,60806351029,51.78528915805369,1114524533,996150000,89.38,0,0,0,0,0,0,0,0,0,1236325788555,996225213811,80.57950606816783,,22994750879,0,0,0,0,0,22994750879,0,0,,0,71200394188,,1236325788555,1067425607999,86.33853777705242,1236325788555,996225213811,80.57950606816783,,12 Desember
XV,Prov. DI Yogyakarta,1464214571759,1470667095252.25,100.44,72579914151,74784168708.19,103.04,126006483045,127237584430.87,100.98,73741857353,87019955443.8,118.01,1736542826308,1759708803835.11,101.33,113776675000,92511822000,81.31,1346039895000,1342712411938,99.75,50518850000,49005271853,97,538647268925,520046484673,96.55,2048982688925,2004275990464,97.82,8452393000,8452393000,100,0,0,0,976134243366,976134243366,100,0,0,0,984586636366,984586636366,100,3033569325291,2988862626830,98.53,0,0,0,980926631,980926631,100,980926631,980926631,100,3034550251922,2989843553461,98.53,7605500000,7181889000,94.43,0,0,0,0,0,0,7605500000,7181889000,94.43,4778698578230,4756734246296.11,99.54,,1758160542202,1578262194828,89.77,1160729944545,974491365007.73,83.96,0,0,0,96029746301,81303049166,84.66,407608018680,399739805313,98.07,30971706000,30302054958,97.84,3453499957728,3064098469272.73,88.72,200000000,0,0,178596510665,137822913856,77.17,305299668188,181948440865,59.6,234565348183,165159729512,70.41,8886724123,4225165854,47.54,280000000,97500000,34.82,727828251159,489253750087,67.2210441553908,20218219670,1072577000,5.31,511885255925,406491541766,79.41,342421123032,328841931128.52,96.03,854306378957,735333472894.52,86.07374251287567,5055852807514,4289758269254.25,84.84737259120398,,437696229284,437762229284.44,100.02,160542000000,157500000000,98.11,277154229284,280262229284.44,101.12139728427351,,0,747238206326.3003,,5216394807514,5194496475580.551,99.58020179182171,5216394807514,4447258269254.25,85.2554002018436,,19 Desember
1,Kab. Bantul,409430783300,403669109653.5,98.59,330331530552,284884483925,86.24,20199694868,20838377004.15,103.16,13258769657.96,17394357980.83,131.19,773220778377.96,726786328563.48,93.99,34222128000,28203022000,82.41,1010796058000,1003680019271,99.3,377779633668,245387154750,64.96,0,0,0,1422797819668,1277270196021,89.77,22624496000,22624496000,100,0,0,0,0,0,0,121564824000,120015275084,98.73,144189320000,142639771084,98.93,1566987139668,1419909967105,90.61,111762925617,84488835411,75.6,32393714850,44273617850,136.67,144156640467,128762453261,89.32,1711143780135,1548672420366,90.51,0,153606394,0,0,0,0,0,912449,0,0,154518843,0,2484364558512.96,2275613267772.48,91.6,,1054076576446.47,928055977604,88.04,898093745873.91,766592455252.72,85.36,0,0,0,0,0,0,91882816349,51012636276,55.52,5984925314,4901400000,81.9,2050038063983.38,1750562469132.72,85.39,0,0,0,63383310046.52,45959695284,72.51,14825933733,7607451137,51.31,121103263503,78452923261.8,64.78,9449736520,2178335200,23.05,564000000,561212500,99.51,209326243802.52,134759617382.8,64.37779369410234,11876231925.51,924480734,7.78,40548857469,40548857469,100,320595412000,296975636551,92.63,361144269469,337524494020,93.45973965370437,2632384809180.4097,2223771061269.52,84.47743101670187,,174720250697.45,175061744482.45,100.2,26700000000,23700000000,88.76,148020250697.45,151361744482.45,102.25745718525361,,30.00030517578125,203203950985.40997,,2659084809210.41,2450675012254.93,92.16234863086727,2659084809180.4097,2247471061269.52,84.52047311579511,,19 Desember
2,Kab. Gunung Kidul,126038335478,115047529584,91.28,145588091067,130618419467.67,89.72,18774507859,18764561324.34,99.95,10002315918,10794171156.86,107.92,300403250322,275224681532.87,91.62,23753754000,19495752400,82.07,958248957000,940539771806,98.15,50070479000,31421799453,62.76,348059995000,318076476660,91.39,1380133185000,1309533800319,94.88,20512460000,20512460000,100,0,0,0,0,0,0,168808759000,168586366584,99.87,189321219000,189098826584,99.88,1569454404000,1498632626903,95.49,90826757695,68137992753,75.02,30963708894,30963708894,100,121790466589,99101701647,81.37,1691244870589,1597734328550,94.47,12000000,12000000,100,0,0,0,47119723865,44856491971,95.2,47131723865,44868491971,95.2,2038779844776,1917827502053.87,94.07,,992999344413.67,827874644853,83.37,551687408874.96,426987261329.93,77.4,0,0,0,350000000,337003323,96.29,58960150694.19,34962194166,59.3,9002428400,8687965705,96.51,1612999332382.82,1298849069376.93,80.52,2907765000,2712739334,93.29,32669584774,21645357969,66.26,59099380973,35347582341,59.81,23823221856,11026289273,46.28,7163150504,1626451717,22.71,2731608550,1577398615,57.75,128394711657,73935819249,57.5847854594789,9209645561.7,85000000,0.92,26401738100,24153308300,91.48,311418260600,300150125584,96.38,337819998700,324303433884,95.99888554022424,2088423688301.52,1697173322509.93,81.26575713619742,,80643843525.52,80643843525.52,100,31000000000,31000000000,100,49643843525.520004,49643843525.520004,100,,0,270298023069.4602,,2119423688301.52,1998471345579.3901,94.29314943539866,2119423688301.52,1728173322509.93,81.53977574417254,,19 Desember
3,Kab. Kulon Progo,141976896290,123398761589,86.91,255137819307,254200006879,99.63,19780557810,19634765285.29,99.26,6087858688,7584292820.02,124.58,422983132095,404817826573.31,95.71,0,0,0,0,0,0,0,0,0,0,0,0,0,0,0,0,0,0,0,0,0,0,0,0,0,0,0,0,0,0,1110689030121,1075975790599,96.87,0,0,0,0,0,0,131279095015,111567212278,84.98,1241968125136,1187543002877,95.62,0,0,0,0,0,0,11457162808,11312906939,98.74,11457162808,11312906939,98.74,1676408420039,1603673736389.31,95.66,,815937137504,667661654667.41,81.83,529232252919.5,483504844365.35,91.36,0,0,0,1394108250,1362930750,97.76,78562859323,74027481754,94.23,17237800500,16892318170,98,1442364158496.5,1243449229706.76,86.21,2696000000,10401559,0.39,42650095405,30510537548,71.54,40165675354,29682826275,73.9,30220750570,29622366630,98.02,4963420180,1670465843,33.66,172000000,158697900,92.27,120867941509,91655295755,75.83093962775499,8649056439.02,826671925,9.56,16658886642,12379187772,74.31,171617615400,171310829680,99.82,188276502042,183690017452,97.56396335163649,1760157658486.52,1519621214838.76,86.33438075913118,,89601683220.35,89590583220.35,99.99,5852444772.83,1352444772.83,23.11,83749238447.52,88238138447.52,105.35992933573108,,0,172290659998.07007,,1766010103259.35,1693264319609.6602,95.88078326871232,1766010103259.35,1520973659611.59,86.12485606987636,,19 Desember
4,Kab. Sleman,1122082412000,983597982906.75,87.66,203579953000,218507132395.22,107.33,44919417985,44067776055.78,98.1,104968195619,90401318042.9,86.12,1475549978604,1336574209400.65,90.58,0,0,0,0,0,0,0,0,0,0,0,0,0,0,0,0,0,0,0,0,0,0,0,0,0,0,0,0,0,0,1630679601232,1516602999526,93,0,0,0,0,0,0,180806265973,149090803127,82.46,1811485867205,1665693802653,91.95,0,0,0,0,0,0,0,6736705059,0,0,6736705059,0,3287035845809,3009004717112.65,91.54,,1249639899954,1084568007297.4,86.79,1051257686757,945961300429.82,89.98,0,0,0,0,0,0,187254940912,180002072619.45,96.13,35547680000,34873119730,98.1,2523700207623,2245404500076.67,88.97,376400000,372900000,99.07,111426556637,89526447036.52,80.35,124076024852,73238915580.41,59.03,93741613251,71971042161.38,76.78,9854480130,9470912687,96.11,3530036800,1485537426,42.08,343005111670,246065754891.31,71.738218038,17060407294,13934412908,81.68,117848984965,104527571193,88.7,386062182185,385847584215,99.94,503911167150,490375155408,97.31380992833391,3387676893737,2995779823283.98,88.43168688319882,,153419047928,153419047928.02,100,52778000000,52778000000,100,100641047928,100641047928.01999,100.00000000001985,,0,113865941756.68991,,3440454893737,3162423765040.67,91.91876838140045,3440454893737,3048557823283.98,88.60914958756096,,19 Desember
5,Kota Yogyakarta,656971711000,648241199057,98.67,75098985400,69719078937,92.84,37169425336,37141086027.9,99.92,182949549475,176531764688.14,96.49,952189671211,931633128710.04,97.84,60434366000,49087090200,81.22,691208254000,690748886301,99.93,178168019000,142298924939,79.87,0,0,0,929810639000,882134901440,94.87,15715950000,15715950000,100,0,0,0,0,0,0,0,0,0,15715950000,15715950000,100,945526589000,897850851440,94.96,78477831910,61644353916,78.55,43429232550,41484639600,95.52,121907064460,103128993516,84.6,1067433653460,1000979844956,93.77,0,0,0,0,0,0,0,0,0,0,0,0,2019623324671,1932612973666.04,95.69,,855502835065.37,761854400426,89.05,925119628051,813661426996.52,87.95,0,0,0,0,0,0,105017534340,95991665479,91.41,23922850000,13384557300,55.95,1909562847456.37,1684892050201.52,88.23,1268150000,1215745740,95.87,85347729013,74433950707,87.21,68901628323,45746529652,66.39,48204350216,34358823167,71.28,5960934666,4788025282,80.32,637465000,423542666,66.44,210320257218,160966617214,76.53405304043336,55404953349.64,2683937637,4.84,0,0,0,953189380,953189380,100,953189380,953189380,100,2176241247404.01,1849495794432.52,84.98578899001858,,200661254733.01,200676529733.01,100.01,44043332000,44043332000,100,156617922733.01,156633197733.01,100.00975303447616,,0,239750376966.53003,,2220284579404.01,2133289503399.05,96.08180515182825,2220284579404.01,1893539126432.52,85.28362282914212,,19 Desember
XVI,Prov. Jawa Timur,12975180937407,12874674116830.2,99.23,2933264488112,3201216680475.9,109.13,488116592768.08,488116592768.08,100,707296805380,898260613148.79,127,17103858823667.1,17462268003223,102.1,2931060612000,2625446717600,89.57,4331863773000,4290204368573,99.04,150386849000,110042359876,73.17,3961814011000,3180887267041,80.29,11375125245000,10206580713090,89.73,25308240000,25308240000,100,0,0,0,0,0,0,0,0,0,25308240000,25308240000,100,11400433485000,10231888953090,89.75,0,0,0,27000000000,27000000000,100,27000000000,27000000000,100,11427433485000,10258888953090,89.77,28000000000,23883590000,85.3,0,0,0,0,5755277023.22,0,28000000000,29638867023.22,105.85,28559292308667.1,27750795823336.2,97.17,,9398419349335.07,7499744709130.5,79.8,11186410720901.9,9174318493923.15,82.01,0,0,0,50043000000,47302287585,94.52,3280942015432,3171854625323,96.68,221041650000,209597275000,94.82,24136856735669,20102817390961.7,83.29,90075000000,56567963245,62.8,1435939956124.33,985966188821,68.66,913801189358,615077108818,67.31,669042841741.01,470869910424.53,70.38,146476845203,121230118760,82.76,4259399670,2690054311,63.16,3259595232096.34,2252401344379.5303,69.1006454482677,310968685816.69,129883701394,41.77,5030310892608.8,4253453719809.2,84.56,518650206502,489210184502,94.32,5548961099110.8,4742663904311.2,85.46940264315774,33256381752692.832,27227766341046.43,81.87230512183349,,4706266066265.81,4708319575169.97,100.04,9176622240,8411903720,91.67,4697089444025.81,4699907671449.97,100.05999944130816,,0.0791015625,5222937153739.739,,33265558374932.91,32459115398506.168,97.57574195106722,33265558374932.832,27236178244766.43,81.8750069900831,,19 Desember
1,Kab. Bangkalan,131235233293,110982268457,84.57,358548004918,337674378420.33,94.18,6083397817,6083397817.89,100,8546373312,7481252378.93,87.54,504413009340,462221297074.15,91.64,94475801000,82930416600,87.78,1021181521778,1016697392746,99.56,38358244000,33014425734,86.07,399873269056,31479890233,7.87,1553888835834,1164122125313,74.92,0,0,0,0,0,0,0,0,0,282421820000,253061250642,89.6,282421820000,253061250642,89.6,1836310655834,1417183375955,77.18,106344888000,88201983850,82.94,17266427000,16633127000,96.33,123611315000,104835110850,84.81,1959921970834,1522018486805,77.66,0,0,0,0,0,0,6574807912,6576760622,100.03,6574807912,6576760622,100.03,2470909788086,1990816544501.15,80.57,,1063470490929.67,841238544040.67,79.1,681914811744.59,465177605093.13,68.22,0,0,0,0,0,0,101023437000,45182042569.39,44.72,2572700000,1344692600,52.27,1848981439674.26,1352942884303.19,73.17,12797251476,2696092340,21.07,66683234309.74,18992556970,28.48,143629476066,115143171556.1,80.17,101051080030,92911027904.9,91.94,231687200,0,0,449164900,435814320.01,97.03,324841893981.74,230178663091.01,70.85867536037357,2591869233,776647525,29.96,13565478283,13022591283,96,398071704700,368709984494,92.62,411637182983,381732575777,92.73520263905921,2588052385872,1965630770696.2,75.95019256281067,,117142597786,117146590266,100,0,0,0,117142597786,117146590266,100.00340822218004,,0,142332364070.94995,,2588052385872,2107963134767.15,81.44978618958316,2588052385872,1965630770696.2,75.95019256281067,,19 Desember
2,Kab. Banyuwangi,375065550833,386114685155,102.95,305954314200,218965218068.55,71.57,24950000000,24945876115.94,99.98,34336685800,10123162318.57,29.48,740306550833,640148941658.06,86.47,0,0,0,0,0,0,0,0,0,0,0,0,2274840634000,1971124969280,86.65,0,0,0,0,0,0,0,0,0,0,0,0,271759296000,231392112864,85.15,2546599930000,2202517082144,86.49,0,0,0,0,0,0,102241181336,113682093250,111.19,2648841111336,2316199175394,87.44,0,0,0,0,0,0,51248741993,69105028774.77,134.84,51248741993,69105028774.77,134.84,3440396404162,3025453145826.83,87.94,,1289322548301.31,1019346680236.08,79.06,1184266922210.58,750104350417.04,63.34,7795188268,4332739698,55.58,0,0,0,152089056000,66127293400,43.48,16040325000,11800175000,73.57,2649514039779.89,1851711238751.12,69.89,570950000,0,0,128108034817,66445720688,51.87,185581370156.99,54661568289.22,29.45,480616403733,271414207782.08,56.47,1799392000,418788050,23.27,4064809000,620658999,15.27,800740959706.99,393560943808.3,49.14959563855872,20000000000,15788490203,78.94,20193959600,16815838600,83.27,409159225000,363788507082,88.91,429353184600,380604345682,88.64598175429488,3899608184086.88,2641665018444.42,67.74180619540843,,585544362924.88,215544362924.88,36.81,126332583000,84221722000,66.67,459211779924.88,131322640924.88,28.597402476557193,,0,515110768307.29016,,4025940767086.88,3240997508751.71,80.50286122557276,4025940767086.88,2725886740444.42,67.70806870109112,,2025-11-07 00:00:00
3,Kab. Blitar,247471838268.5,255040269868.61,103.06,291997805580,234284513248.37,80.24,2431375904.05,2444799750.45,100.55,29385296953.97,32533611791.1,110.71,571286316706.52,524303194658.53,91.78,0,0,0,0,0,0,0,0,0,0,0,0,1680521148000,1500332343363,89.28,0,0,0,0,0,0,0,0,0,0,0,0,247161574000,228351767706,92.39,1927682722000,1728684111069,89.68,0,0,0,0,0,0,107754367859,138160916925,128.22,2035437089859,1866845027994,91.72,0,0,0,0,0,0,0,0,0,0,0,0,2606723406565.52,2391148222652.53,91.73,,1148396043119.78,950055346399,82.73,796487336226.21,553968721476.85,69.55,0,0,0,0,0,0,61734708000,55607152299,90.07,8272533256,6291200000,76.05,2014890620601.99,1565922420174.85,77.72,7132527950,12500000,0.18,54025781230.77,21070983777.29,39,48288788018,20882928345.11,43.25,160743030111.84,18305344035,11.39,7899416526,259216950,3.28,0,0,0,278089543836.61,60530973107.4,21.76672027013164,6482318000,575570738.07,8.88,32576905321.43,22860893465,70.18,383750580000,364940773706,95.1,416327485321.43,387801667171,93.14822605853026,2715789967760.0303,2014830631191.32,74.18948648864558,,109066561194.51,109066561194.51,100,0,0,0,109066561194.51,109066561194.51,100,,-0.0002593994140625,485384152655.7197,,2715789967760.03,2500214783847.0396,92.06215552483259,2715789967760.0303,2014830631191.32,74.18948648864558,,19 Desember
4,Kab. Bojonegoro,240584424570,240111341526.6,99.8,563073768937,539247249879.1,95.77,147449543830,146878206361.27,99.61,113368074926,159478014675.52,140.67,1064475812263,1085714812442.49,102,2747213065600,3202328725624,116.57,995788923000,951304001852,95.53,447445622000,379522454751,84.82,0,0,0,4190447610600,4533155182227,108.18,20443874000,20443874000,100,0,0,0,0,0,0,397014083000,381483032720,96.09,417457957000,401926906720,96.28,4607905567600,4935082088947,107.1,122167508000,114902087150,94.05,10616150000,10580150000,99.66,132783658000,125482237150,94.5,4740689225600,5060564326097,106.75,0,0,0,0,0,0,0,0,0,0,0,0,5805165037863,6146279138539.49,105.88,,2223265874538.1,1603430226332,72.12,1659663362617.9,1192708042934.12,71.86,0,0,0,200000000,34800083,17.4,326504709131,205379780844.72,62.9,170886462600,85963534821,50.3,4380520408887,3087516385014.84,70.48,74263898450,31479110800,42.39,226640706708,113737844400,50.18,362995073822,108378955079,29.86,992598736645,249728595213,25.16,10238141450,2183690736,21.33,1179770600,440998500,37.38,1667916327675,505949194728,30.334207198107492,107463455169,367430000,0.34,35923482195,33328123895,92.78,1637447772099,1388372455557,84.79,1673371254294,1421700579452,84.96026065965974,7829271446025,5015533589194.84,64.06130664611554,,2024106408162,2024453323980.83,100.02,0,0,0,2024106408162,2024453323980.83,100.0171392085629,,0,3155198873325.4805,,7829271446025,8170732462520.32,104.3613383294902,7829271446025,5015533589194.84,64.06130664611554,,19 Desember
5,Kab. Bondowoso,91180827373,81932377466,89.86,210295017226,139877894747,66.52,5000000000,4771114501.47,95.42,19644127469,16998612364.7,86.53,326119972068,243579999079.17,74.69,0,0,0,0,0,0,0,0,0,0,0,0,0,0,0,0,0,0,0,0,0,0,0,0,0,0,0,0,0,0,1538925849000,1343274687696,87.29,0,0,0,0,0,0,93570387000,88724801950,94.82,1632496236000,1431999489646,87.72,0,0,0,0,0,0,44122542000,25896294481,58.69,44122542000,25896294481,58.69,2002738750068,1701475783206.17,84.96,,920615725973,769868293013.6,83.63,616822080377,423888668523.75,68.72,0,0,0,1000000000,1000000000,100,54709806800,42540467181,77.76,2100000000,1610500000,76.69,1595247613150,1238907928718.35,77.66,0,0,0,72460125425,25956177897,35.82,33885397624,16382129178.91,48.35,50881184495,33120189148,65.09,7956326880,2428001400,30.52,211374400,0,0,165394408824,77886497623.91,47.09137278442756,12829536311,959500400,7.48,10084895925,10084895925,100,315741955540,299642006902,94.9,325826851465,309726902827,95.05874099522168,2099298409750,1627480829569.26,77.5249874915626,,96559659682,96691460682.98,100.14,0,0,0,96559659682,96691460682.98,100.13649696096077,,0,170686414319.8899,,2099298409750,1798167243889.15,85.6556283536312,2099298409750,1627480829569.26,77.5249874915626,,19 Desember
6,Kab. Gresik,1098185912376,969658072455.77,88.3,376244423322.5,296328672604,78.76,12645000000,12053225530.7,95.32,81013819933.58,80961563955.89,99.94,1568089155632.08,1359001534546.36,86.67,288540736000,303087304800,105.04,1006890095703,966473720611,95.99,109254038000,72028091547,65.93,395999117254,379379368276,95.8,1800683986957,1720968485234,95.57,22200037000,22200037000,100,0,0,0,0,0,0,316480417000,315970754200,99.84,338680454000,338170791200,99.85,2139364440957,2059139276434,96.25,140795170000,138658415450,98.48,15541277000,15541277000,100,156336447000,154199692450,98.63,2295700887957,2213338968884,96.41,0,50000000,0,0,0,0,0,0,0,0,50000000,0,3863790043589.08,3572390503430.36,92.46,,1243218642996.52,1098050294924.99,88.32,1152962238635.82,813447993969.96,70.55,720052083.63,692708333.29,96.2,0,0,0,268525152800,174931687935.07,65.15,13982304500,12151241500,86.9,2679408391015.97,2099273926663.31,78.35,61742872000,9049620845,14.66,98601202458.53,40382372099,40.96,122857341580.9,64324448454.62,52.36,173222045069.6,45030361021.12,26,12337940671,4200008390,34.04,0,0,0,468761401780.03,162986810809.74,34.769673908907464,23690964990.95,744544649,3.14,123052435907.66,112318582142,91.28,650948746621.47,619798771984,95.21,774001182529.13,732117354126,94.58866092862156,3945861940316.08,2995122636248.05,75.90540879410818,,104071896727,104071896727,100,22000000000,13750000000,62.5,82071896727,90321896727,110.05216198114978,,0,667589763909.31,,3967861940316.08,3676462400157.36,92.65600606719933,3967861940316.08,3008872636248.05,75.83108186491899,,12 Desember
7,Kab. Jember,506748000000,390334363642.35,77.03,630578755094.34,501615003875.53,79.55,7834439331,7870236731.25,100.46,9209872578,35505118595.97,385.51,1154371067003.34,935324722845.1,81.02,0,0,0,0,0,0,0,0,0,0,0,0,0,0,0,0,0,0,0,0,0,0,0,0,0,0,0,0,0,0,3074217834000,2891349930534,94.05,0,0,0,0,0,0,181135936000,181939698450,100.44,3255353770000,3073289628984,94.41,0,0,0,0,0,0,0,0,0,0,0,0,4409724837003.34,4008614351829.1,90.9,,1750161626133.95,1507551135158.36,86.14,1961081258629.08,1351830142890.22,68.93,0,0,0,0,0,0,206426172100,97805869981,47.38,26202375000,923595000,3.52,3943871431863.03,2958110743029.58,75.01,547865641.15,0,0,160013093289.27,58360482579.78,36.47,53549527459.97,8348512536.43,15.59,243695109595.68,72871612330,29.9,484250000,42544000,8.79,2173000000,1348401701,62.05,460462845986.06995,140971553147.21,30.615185215502645,20000000000,0,0,22991948492,22500006992,97.86,518564292717,503740437039,97.14,541556241209,526240444031,97.17189166838736,4965890519058.1,3625322740207.79,73.00448381402133,,561165682054.76,561165682054.76,100,5000000000,0,0,556165682054.76,561165682054.76,100.89901267937415,,0,944457293676.0701,,4970890519058.1,4569780033883.86,91.9308123235383,4970890519058.1,3625322740207.79,72.93105181674224,,19 Desember
8,Kab. Jombang,287372602400,312639155323,108.79,393262558795,396908607863.59,100.93,9751233093.29,10320050591.69,105.83,9574951386,27374884311.5,285.9,699961345674.29,747242698089.78,106.75,0,0,0,0,0,0,0,0,0,0,0,0,0,0,0,0,0,0,0,0,0,0,0,0,0,0,0,0,0,0,2069476764978,2002789721388,96.78,0,0,0,0,0,0,139447294000,134299918350,96.31,2208924058978,2137089639738,96.75,0,0,0,0,0,0,0,0,0,0,0,0,2908885404652.29,2884332337827.78,99.16,,1096579085824.3,936302767920,85.38,1030725591146.32,939573108688.6,91.16,0,0,0,1316500000,1316307999,99.99,149931196502,143553615858.97,95.75,8987957000,8617385668,95.88,2287540330472.62,2029363186134.57,88.71,36258465000,7651246642,21.1,89802163013.7,77444044588.38,86.24,93848781821.5,67036653257.76,71.43,172308129278,107824756095.96,62.58,796636330,620304375,77.87,1036500000,564636739,54.48,394050675443.2,261141641698.10004,66.27108084623548,4774756041.47,3509015201.35,73.49,34867868521,34862467621,99.98,492099285800,464136981212,94.32,526967154321,498999448833,94.69270423048728,3213332916278.2905,2793013291867.02,86.91951206543241,,324447511626,304447511626,93.84,20000000000,0,0,304447511626,304447511626,100,,-0.00048828125,395766557586.75977,,3233332916278.29,3188779849453.78,98.6220699204772,3233332916278.2905,2793013291867.02,86.38186552969937,,19 Desember
9,Kab. Kediri,455446318826,414843911336.4,91.09,312623002162.54,265228849268.12,84.84,13990158640,11140455683.1,79.63,96103564689,74705203388.5,77.73,878163044317.54,765918419676.12,87.22,0,0,0,0,0,0,0,0,0,0,0,0,0,0,0,0,0,0,0,0,0,0,0,0,0,0,0,0,0,0,2249644394574,2200979043814,97.84,171772383000,164346575150,95.68,0,0,0,171772383000,164346575150,95.68,2421416777574,2365325618964,97.68,0,684094099.77,0,0,0,0,17443490994,17443440997,100,17443490994,18127535096.77,103.92,3317023312885.54,3149371573736.89,94.95,,1314426342043,1123254166677.48,85.46,1018276060821,776224366336.41,76.23,0,0,0,0,0,0,178702431600,128306729329,71.8,38476000000,22978250000,59.72,2549880834464,2050763512342.89,80.43,7152547600,0,0,80496965351,58377685535.08,72.52,124545526011,79115570197.07,63.52,98040089667,69633372334.6,71.03,11326157855,3851952257,34.01,560000000,79342800,14.17,322121286484,211057923123.75003,65.52125922117024,11660964886,4893903348.97,41.97,36500000000,36500000000,100,619627185000,567020331467,91.51,656127185000,603520331467,91.98221705552407,3539790270834,2870235670282.6104,81.08490759839177,,235944377304.46,235944377304.46,100,13177419356,13177419356,100,222766957948.46,222766957948.46,100,,0,501902861402.73975,,3552967690190,3385315951041.35,95.28136043534681,3552967690190,2883413089638.6104,81.15506081296269,,19 Desember
10,Kab. Lamongan,270541595119,263348817388.1,97.34,312054524088,276876313647.2,88.73,19128785588.1,20927284614.05,109.4,80499359333.9,71963561524.92,89.4,682224264129,633115977174.27,92.8,266006019000,238192925400,89.54,1270851680000,1221901434778,96.15,12017817000,11587097601,96.42,427844750000,385195337762,90.03,1976720266000,1856876795541,93.94,28609579000,28598556000,99.96,0,0,0,0,0,0,412589909000,389746243320,94.46,441199488000,418344799320,94.82,2417919754000,2275221594861,94.1,122254065771,133602210050,109.28,15445500000,15409500000,99.77,137699565771,149011710050,108.22,2555619319771,2424233304911,94.86,0,0,0,0,0,0,0,0,0,0,0,0,3237843583900,3057349282085.27,94.43,,1254910482817.72,1134340840898,90.39,783471914595.05,666182545281.01,85.03,1262879085,552500000,43.75,0,0,0,191403732435,161099232859,84.17,13768321000,5791712000,42.07,2244817329932.77,1967966831038.01,87.67,5693500000,4289300000,75.34,65020648058,50487073873,77.65,38471125779,29479488553,76.63,312915804116,219391893490.5,70.11,1778096100,1768024814,99.43,132650000,110665400,83.43,424011824053,305526446130.5,72.05611466446045,4050000000,816519778,20.16,24172363031,7563313325,31.29,626341222500,528287265312,84.34,650513585531,535850578637,82.37346468323132,3323392739516.77,2810160375583.51,84.55697523104399,,88549155616.77,38549155616.77,43.53,3000000000,0,0,85549155616.77,38549155616.77,45.06082536858294,,0,285738062118.5303,,3326392739516.77,3095898437702.04,93.0707429980678,3326392739516.77,2810160375583.51,84.48071516629591,,19 Desember
11,Kab. Lumajang,171794657379,165585983860.2,96.39,256434827914,239856734781.31,93.54,5865835557.4,5909911408.2,100.75,5879799023,16174233891.33,275.08,439975119873.4,427526863941.04,97.17,93933811000,87670518000,93.33,961861827000,928531669119,96.53,342410673097.54,245704766847,71.76,0,0,0,1398206311097.54,1261906953966,90.25,0,0,0,0,0,0,0,0,0,0,0,0,247675400000,207277349886,83.69,1645881711097.54,1469184303852,89.26,102802143000,96639583200,94.01,12900454000,12900254000,100,115702597000,109539837200,94.67,1761584308097.54,1578724141052,89.62,0,236217354,0,0,0,0,0,18172877,0,0,254390231,0,2201559427970.94,2006505395224.04,91.14,,930747063220.57,642326297670,69.01,707184672709.71,468507186901.03,66.25,0,0,0,0,0,0,116068736948.9,61955000280,53.38,12036253575.25,10275513370,85.37,1766036726454.43,1183063998221.03,66.99,3795295600,425646000,11.22,92243793587.93,46911412533,50.86,33644623889.14,5984943001.77,17.79,106622865165.99,26920552894.87,25.25,12004682648,1844969300,15.37,3751134000.48,2047958818,54.6,252062394891.54,84135482547.64,33.37883169119403,15232257213,2145198250,14.08,23431036609,12693142962,54.17,389431890200,335305708245,86.1,412862926809,347998851207,84.28919832949602,2446194305367.9697,1617343530225.67,66.11672370737452,,259634877397.03,259640377397.03,100,15000000000,15000000000,100,244634877397.03,244640377397.03,100.00224824851571,,0,633802242395.4001,,2461194305367.9697,2266145772621.07,92.07504534195083,2461194305367.9697,1632343530225.67,66.3232287944702,,12 Desember
12,Kab. Madiun,174326454169,175303414536.25,100.56,238733312928,214496796889,89.85,8411177620,8448705526.34,100.45,16849986420,19639255931.45,116.55,438320931137,417888172883.04,95.34,0,0,0,0,0,0,0,0,0,0,0,0,0,0,0,0,0,0,0,0,0,0,0,0,0,0,0,0,0,0,1582602303456,1561786622833,98.68,0,0,0,0,0,0,62517637638,98834057350,158.09,1645119941094,1660620680183,100.94,0,0,0,0,0,0,0,0,0,0,0,0,2083440872231,2078508853066.04,99.76,,892050126272.6,823199518468,92.28,594344188219.46,512913586580.76,86.3,0,0,0,460000000,357685000,77.76,68573824383,51823865558,75.57,10332810380,8484800000,82.12,1565760949255.06,1396779455606.76,89.21,0,0,0,57107989778.41,33653323929,58.93,65180618133.72,28454396798.14,43.65,103767890763.55,62872672346,60.59,6632276058,1729602100,26.08,1100465790,570353233,51.83,233789240523.68,127280348406.14,54.44234650022231,8397444232.62,7175077592,85.44,12732287368,12156513095,95.48,406554734000,401723099000,98.81,419287021368,413879612095,98.71033230283224,2227234655379.3604,1945114493699.9,87.3331639754228,,147386169648.36,147402319648.36,100.01,3592386500,3497544214,97.36,143793783148.36,143904775434.36,100.07718851508724,,-0.0003662109375,277299134800.5001,,2230827041879.36,2225911172714.4,99.77963916194872,2230827041879.3604,1948612037913.9,87.34931042759332,,19 Desember
13,Kab. Magetan,140871418143,146642678183.2,104.1,160972095807,157819168131,98.04,4777735848.37,4777735848.36,100,48376804296,48222887225.76,99.68,354998054094.37,357462469388.32,100.69,96446792000,83315113800,86.38,962366146000,958379479151,99.59,285978037810,261691191185,91.51,0,0,0,1344790975810,1303385784136,96.92,21162508000,18195664500,85.98,0,0,0,0,0,0,188322845000,183797244040,97.6,209485353000,201992908540,96.42,1554276328810,1505378692676,96.85,103632175400,92431869650,89.19,5395827000,5395827000,100,109028002400,97827696650,89.73,1663304331210,1603206389326,96.39,0,0,0,0,0,0,0,0,0,0,0,0,2018302385304.37,1960668858714.32,97.14,,885212381033.63,773187374242,87.34,583349348385.29,474346025779.68,81.31,0,0,0,176334272,115985000,65.78,94930409000,73340366168,77.26,8028500000,6133200000,76.39,1571696972690.92,1327122951189.68,84.44,243846125,141209718,57.91,61139907384.8,41657953178,68.14,61639609401,42192173468,68.45,78986348436.59,38424259239,48.65,5966929913,809188242,13.56,192400000,186724200,97.05,208169041260.39,123411508045,59.284275556916114,3470814610,2462677802,70.95,17738745538,17677190758,99.65,335273466305,324211447235,96.7,353012211843,341888637993,96.84895494353404,2136349040404.31,1794885775029.68,84.01650390846211,,121296655099.94,112929709699.94,93.1,3250000000,0,0,118046655099.94,112929709699.94,95.66531944876547,,0,278712793384.58014,,2139599040404.31,2073598568414.26,96.91528782993012,2139599040404.31,1794885775029.68,83.88888483940003,,19 Desember
14,Kab. Malang,730200171372,728375002516.8,99.75,311806563592,224121750413.36,71.88,30190613000,28438603509.95,94.2,137954378973,162486120644.58,117.78,1210151726937,1143421477084.69,94.49,0,0,0,0,0,0,0,0,0,0,0,0,0,0,0,0,0,0,0,0,0,0,0,0,0,0,0,0,0,0,3388304252000,3245245455223,95.78,0,0,0,0,0,0,240903348800,221314232047,91.87,3629207600800,3466559687270,95.52,11536000000,11178886000,96.9,0,0,0,0,0,0,11536000000,11178886000,96.9,4850895327737,4621160050354.69,95.26,,2062470347080.72,1672936857769.73,81.11,1197512151289.83,898394066079.8,75.02,0,0,0,500000000,0,0,302696703088,194264377382,64.18,78953916000,70733719004,89.59,3642133117458.55,2836329020235.53,77.88,32231304765,30825299818,95.64,113290306398.63,69545837477.24,61.39,113720470978,64409952259.29,56.64,453302600540.82,396545395229.64,87.48,5933547061,2611090768,44.01,2620130500,870299530,33.22,721098360243.45,564807875082.17,78.32605178737133,4679567472,1841735960.26,39.36,66169402151,33862836645.5,51.18,714902640600,685117375836,95.83,781072042751,718980212481.5,92.05043493160919,5148983087925,4121958843759.4595,80.05384312537286,,315087760188,315087760188,100,17000000000,17000000000,100,298087760188,298087760188,100,,0,797288966783.231,,5165983087925,4936247810542.69,95.55292238723555,5165983087925,4138958843759.4595,80.11948110000372,,19 Desember
15,Kab. Nganjuk,251799492223,242529226777,96.32,308371031944.48,301750711194.78,97.85,5227019075,5349788795.34,102.35,21802563119.29,22973322634.65,105.37,587200106361.77,572603049401.77,97.51,0,0,0,0,0,0,0,0,0,0,0,0,0,0,0,0,0,0,0,0,0,0,0,0,0,0,0,0,0,0,2064092154699,1873361979095,90.76,0,0,0,0,0,0,134694555000,128573771800,95.46,2198786709699,2001935750895,91.05,0,0,0,0,0,0,0,0,0,0,0,0,2785986816060.77,2574538800296.77,92.41,,1396474644771.42,1105602704468.05,79.17,792660291609.71,637318125660.53,80.4,0,0,0,0,0,0,78318805899,73275994341,93.56,14211150000,13126400000,92.37,2281664892280.13,1829323224469.58,80.17,0,0,0,89500235720,58380435263.26,65.23,58240082004,31002963871.21,53.23,173209570982,70073053383.55,40.46,2080473290,992421425,47.7,575000000,571200009,99.34,323605361996,161020073952.02002,49.75816004989755,13259603473.37,4890053000,36.88,28075876000,28075876000,100,396970066000,386450428433,97.35,425045942000,414526304433,97.52505869894883,3043575799749.5,2409759655854.6,79.17527981570014,,258224083688.73,258235877688.73,100,635100000,635100000,100,257588983688.73,257600777688.73,100.00457861195424,,0,422379922130.8999,,3044210899749.5,2832774677985.5,93.0544818106591,3044210899749.5,2410394755854.6,79.17962438321685,,19 Desember
16,Kab. Ngawi,167691849617,167219024141.8,99.72,226626234298,207626605843.84,91.62,14247936927,13363326521.45,93.79,14649521321,15115564382.82,103.18,423215542163,403324520889.91,95.3,0,0,0,0,0,0,0,0,0,0,0,0,0,0,0,0,0,0,0,0,0,0,0,0,0,0,0,0,0,0,1886636040542,1815304338644,96.22,0,0,0,0,0,0,117692786079,102754158250,87.31,2004328826621,1918058496894,95.7,0,0,0,0,0,0,0,0,0,0,0,0,2427544368784,2321383017783.91,95.63,,1136464617795.77,1023024663103,90.02,610430287051.23,524977044106.04,86,0,0,0,0,0,0,54551260000,40140018058,73.58,8718640000,8658640000,99.31,1810164804847,1596800365267.04,88.21,120000000,58441500,48.7,47290582153,20177280113.96,42.67,43733526200,31145188925.36,71.22,119836280490,101359758656.11,84.58,8281712256,5151374950,62.2,635000000,249734517.02,39.33,219897101099,158141778662.44998,71.91626350328869,13904972729,9871984234,71,18409035000,17236104636,93.63,393675925000,383494186075,97.41,412084960000,400730290711,97.24458051344558,2456051838675,2165544418874.49,88.17177165294548,,28507469891,28507469890,100,0,0,0,28507469891,28507469890,99.99999999649215,,0,184346068799.42017,,2456051838675,2349890487673.91,95.67756065530106,2456051838675,2165544418874.49,88.17177165294548,,19 Desember
17,Kab. Pacitan,75940072518,73821814159.89,97.21,162472264526,124816169049,76.82,3100000000,3124998825.41,100.81,4046557951,3863482329.01,95.48,245558894995,205626464363.31,83.74,93098617000,82256753200,88.35,807092179600,777113267105,96.29,266674060243,189118423381,70.92,0,0,0,1166864856843,1048488443686,89.86,14664399000,14664399000,100,0,0,0,0,0,0,164996136000,144495035700,87.57,179660535000,159159434700,88.59,1346525391843,1207647878386,89.69,85006515385,72645245705,85.46,5327654000,5307104000,99.61,90334169385,77952349705,86.29,1436859561228,1285600228091,89.47,0,0,0,0,0,0,6474831905.6,6480769756.31,100.09,6474831905.6,6480769756.31,100.09,1688893288128.6,1497707462210.62,88.68,,823727581396.11,729606664879,88.57,492477582742.11,383729601456.4,77.92,0,0,0,0,0,0,32916067355,31465523480,95.59,802900000,779800000,97.12,1349924131493.22,1145581589815.4,84.86,3947060000,3750420350,95.02,31380865616.35,17763812042,56.61,33186176916.85,18179005470,54.78,36725342713.45,21394897785,58.26,5368996670,3408847100,63.49,530500000,324800000,61.23,111138941916.65,64821782747,58.32499538785774,8786749647,4966056876,56.52,9358470877,6342782328,67.78,269114881300,239008431900,88.81,278473352177,245351214228,88.10581418650526,1748323175233.8699,1460720643666.4,83.54980728725981,,59429887105.27,59758830623,100.55,0,0,0,59429887105.27,59758830623,100.55349847316273,,0.00022125244140625,96745649167.22021,,1748323175233.87,1557466292833.62,89.08343233654617,1748323175233.8699,1460720643666.4,83.54980728725981,,12 Desember
18,Kab. Pamekasan,108717265200,112108561595,103.12,252914744214.68,223837311093,88.5,2340920090,2340920090.88,100,13107525196,11853881252.01,90.44,377080454700.68,350140674030.89,92.86,181291680000,148858925200,82.11,887314755000,863406224311,97.31,16247316000,8777133916,54.02,309307618000,293506906873,94.89,1394161369000,1314549190300,94.29,23417922000,23417922000,100,0,0,0,0,0,0,191972621000,189870071600,98.9,215390543000,213287993600,99.02,1609551912000,1527837183900,94.92,159844115198.32,86250536350,53.96,12602500000,12549700000,99.58,172446615198.32,98800236350,57.29,1781998527198.32,1626637420250,91.28,0,0,0,0,0,0,0,0,0,0,0,0,2159078981899,1976778094280.89,91.56,,851159048584,811231953749,95.31,722635279481.32,540193882161,74.75,0,0,0,0,0,0,129148333534.4,52695051457,40.8,6548449600,6129382000,93.6,1709491111199.72,1410250269367,82.5,0,0,0,70751515196.48,36670056814,51.83,55343281239,24939141819.57,45.06,32632592505.8,26568268715,81.42,10493955250,2886791800,27.51,287000000,159822070,55.69,169508344191.28,91224081218.57,53.8168676319728,7000000000,7177188625,102.53,12126190284,4284432025,35.33,292448597600,267247629812,91.38,304574787884,271532061837,89.1511945960594,2190574243275,1780183601047.57,81.2656136404727,,50994756342,35994756342.24,70.59,19499494966,19460175559,99.8,31495261376,16534580783.239998,52.49863014580241,,0,213129074016.5598,,2210073738241,2012772850623.13,91.07265589360371,2210073738241,1799643776606.57,81.42912815383745,,19 Desember
19,Kab. Pasuruan,672910538120.52,600440121115.27,89.23,387368601692,403853437092.88,104.26,5250000000,5224025211,99.51,116279280987.48,101663592301.29,87.43,1181808420800,1111181175720.44,94.02,0,0,0,0,0,0,0,0,0,0,0,0,2385041303000,1921519042937,80.57,0,0,0,0,0,0,0,0,0,0,0,0,359731037000,333964768100,92.84,2744772340000,2255483811037,82.17,0,0,0,0,0,0,170208652620,136301602539,80.08,2914980992620,2391785413576,82.05,0,0,0,0,0,0,0,0,0,0,0,0,4096789413420,3502966589296.44,85.51,,1676412736079.08,1347383815197,80.37,1299919424620.93,991423637884,76.27,0,0,0,0,0,0,165039642034,107584174855,65.19,1425400000,1345400000,94.39,3142797202734.01,2447737027936,77.88,0,0,0,261841150285.23,132391783359,50.56,108938394527.9,17243332111,15.83,144389680692.23,39477165841,27.34,19307130350,847499500,4.39,343456000,1000000,0.29,534819811855.36,189960780811,35.5186506932122,19680384181,9150208442,46.49,648347307225,621178654604,95.81,0,0,0,648347307225,621178654604,95.80955263972871,4345644705995.3696,3268026671793,75.20234379226497,,250555292575.37,250555292575.37,100,1700000000,0,0,248855292575.37,250555292575.37,100.68312792643745,,0.0003662109375,485495210078.80994,,4347344705995.37,3753521881871.81,86.34056270475571,4347344705995.3696,3268026671793,75.17293641992788,,12 Desember
20,Kab. Ponorogo,212816090703,200680415426,94.3,284898812497.44,221975865655,77.91,2456267457.16,1290948657,52.56,8468990000,11241681490.1,132.74,508640160657.6,435188911228.1,85.56,111930559000,92648473600,82.77,1096336174000,1073373145873,97.91,32734428000,27887995910,85.19,335116022000,315969038558,94.29,1576117183000,1509878653941,95.8,15070888000,15070888000,100,0,0,0,0,0,0,261694868000,211386424372,80.78,276765756000,226457312372,81.82,1852882939000,1736335966313,93.71,114499189000,108872291750,95.09,9366027000,7366027000,78.65,123865216000,116238318750,93.84,1976748155000,1852574285063,93.72,0,0,0,0,0,0,0,0,0,0,0,0,2485388315657.6,2287763196291.1,92.05,,1126198378679.59,987155355198.6,87.65,589853224923.66,435117277618,73.77,8930748611,5545422435.6,62.09,20000000,0,0,62564244000,51496362638,82.31,7167260000,5210472800,72.7,1794733856214.25,1484524890690.2,82.72,0,0,0,71593642759.06,48934376743,68.35,69571752407.87,48029243099,69.04,230253570887,65748286687,28.55,8459053342,2340273332,27.67,605000000,366878000,60.64,380483019395.93,165419057861,43.4760684257673,11467014701.66,7905475000,68.94,22777802035,22777802035,100,408329922450,341884587435.75,83.73,431107724485,364662389470.75,84.58730121488188,2617791614796.84,2022511813021.95,77.26022963745004,,187801655872.24,87501655872.24,46.59,55398356733,27716398830,50.03,132403299139.23999,59785257042.240005,45.15390283392237,,0.000244140625,325036640311.39014,,2673189971529.84,2375264852163.3403,88.85507118687866,2673189971529.84,2050228211851.95,76.69594131683148,,2025-11-30 00:00:00
21,Kab. Probolinggo,147888731000,153439395465.4,103.75,252398961152,235366650066.98,93.25,6866387067,6948415848.34,101.19,15695822024,15099395444.15,96.2,422849901243,410853856824.87,97.16,163528314000,145397914600,88.91,1035500515000,1035139252176,99.97,371006040000,353938037155,95.4,0,0,0,1570034869000,1534475203931,97.74,7167295000,7167295000,100,0,0,0,0,0,0,327771213000,315455314600,96.24,334938508000,322622609600,96.32,1904973377000,1857097813531,97.49,101791546000,95913280150,94.23,10875804000,10825804000,99.54,112667350000,106739084150,94.74,2017640727000,1963836897681,97.33,0,0,0,0,0,0,0,640859000,0,0,640859000,0,2440490628243,2375331613505.87,97.33,,1109750844671.51,1058026326325,95.34,652456975990.82,550121158104,84.32,0,0,0,832157000,831792000,99.96,89071934900,78835238935,88.51,15736999600,14161712800,89.99,1867848912162.33,1701976228164,91.12,2395445941,735000000,30.68,103227280425.41,81260429130,78.72,80003860994.38,59827971255,74.78,31627354772,23149240927,73.19,8848947241,2521842118,28.5,3399568000,2234602700,65.73,229502457373.79,169729086130,73.95523693829679,11505000000,9930924322,86.32,18425655000,18425655000,100,486523596000,473301197600,97.28,504949251000,491726852600,97.38144014001122,2613805620536.12,2373363091216,90.80105546368813,,173314992293.12,173371061078.96,100.03,0,0,0,173314992293.12,173371061078.96,100.03235079960375,,0,175339583368.8301,,2613805620536.12,2548702674584.83,97.50926597449366,2613805620536.12,2373363091216,90.80105546368813,,19 Desember
22,Kab. Sampang,66823603800,65596748263,98.16,349640373433,303493588253.82,86.8,8810000000,7136506761.85,81,17668842279,18956200435.78,107.29,442942819512,395183043714.45,89.22,0,0,0,0,0,0,0,0,0,0,0,0,0,0,0,0,0,0,0,0,0,0,0,0,0,0,0,0,0,0,1524962219407,1400886223959,91.86,0,0,0,0,0,0,102955287650,91129909550,88.51,1627917507057,1492016133509,91.65,0,0,0,0,0,0,0,0,0,0,0,0,2070860326569,1887199177223.45,91.13,,862171423592.77,813691188534.54,94.38,625683789623.39,485793335876.85,77.64,4296324156,992752115,23.11,0,0,0,112895400353.04,74464596952,65.96,848500000,666500000,78.55,1605895437725.2,1375608373478.39,85.66,761295310.29,326610000,42.9,66382762720.71,39098041245,58.9,65221338373.89,32343561962.67,49.59,93359428399.42,61380512085,65.75,455205000,198415500,43.59,180000000,0,0,226360029804.31,133347140792.67,58.90931402860728,4391672923.5,227328929,5.18,8035960380,6010116591,74.79,304709209422,233241612422,76.55,312745169802,239251729013,76.50053529666695,2149392310255.01,1748434572213.0598,81.34553026318497,,128471645186.01,127971645186.01,99.61,49939661500,8323275584,16.67,78531983686.01,119648369602.01,152.35622989022323,,0,258412974612.40015,,2199331971755.01,2015170822409.46,91.62649605831929,2199331971755.01,1756757847797.0598,79.87688399742639,,19 Desember
23,Kab. Sidoarjo,1696451167743,1627503416766.18,95.94,899169421000,844583758269.51,93.93,47821663259,47730122053.5,99.81,47954690107,65890203913.92,137.4,2691396942109,2585707501003.11,96.07,0,0,0,0,0,0,0,0,0,0,0,0,0,0,0,0,0,0,0,0,0,0,0,0,0,0,0,0,0,0,2513417036260,2243149429802,89.25,0,0,0,0,0,0,243446556400,234865295450,96.48,2756863592660,2478014725252,89.89,0,0,0,0,0,0,0,0,0,0,0,0,5448260534769,5063722226255.11,92.94,,1911962473621.2,1629250048291.05,85.21,2071651213105,1577449942272.4,76.14,3000000000,2426579502.23,80.89,5040000000,2959011772,58.71,277433120433,234795257075,84.63,107094145000,67182636500,62.73,4376180952159.2,3514063475412.68,80.3,52043827186,10765496367,20.69,223363643512,105241282085,47.12,357334751113,120911667614.12,33.84,272050633991,90124178925,33.13,599320840,578930457,96.6,765850000,48219154,6.3,906158026642,327669774602.12,36.16033461805597,19977358000,9851223782,49.31,195803206786,195519637533,99.86,568629646700,535178223747,94.12,764432853486,730697861280,95.58692538498833,6066749190287.2,4582282335076.801,75.53109896834016,,642775655518.2,643182082821.36,100.06,24287000000,22262219850.09,91.66,618488655518.2,620919862971.27,100.39308844735932,,0,1102359754149.5796,,6091036190287.2,5706904309076.471,93.69348877251348,6091036190287.2,4604544554926.891,75.59542270113782,,12 Desember
24,Kab. Situbondo,95608439254,96057160403.2,100.47,154503239288,145215087270.8,93.99,4965202287,4989642157.03,100.49,47663144592,46865947124.02,98.33,302740025421,293127836955.05,96.82,143264235000,132285658600,92.34,789092752000,787950049978,99.86,10879822000,10501729979,96.52,252621844097,139860680672,55.36,1195858653097,1070598119229,89.53,15308361000,15308361000,100,0,0,0,0,0,0,144895257000,124927883470,86.22,160203618000,140236244470,87.54,1356062271097,1210834363699,89.29,77817253884,74912867850,96.27,13899347000,13850897000,99.65,91716600884,88763764850,96.78,1447778871981,1299598128549,89.76,0,0,0,0,0,0,0,0,0,0,0,0,1750518897402,1592725965504.05,90.99,,718115470587,662690441188,92.28,614258239273,467160381166.45,76.05,0,0,0,3000000000,0,0,74852973409,26613554631.94,35.55,9405000000,9405000000,100,1419631683269,1165869376986.39,82.12,0,0,0,62899388389,23499551953,37.36,35757220357,6052949472.43,16.93,76841842104,20624914207.41,26.84,8258142852,112183487,1.36,0,0,0,183756593702,50289599119.84,27.367507258757296,5550181481,1067575401,19.23,11838520914,7708860000,65.12,233980593400,213654203870,91.31,245819114314,221363063870,90.05120065123953,1854757572766,1438589615377.23,77.5621373111237,,104238675364,104238675365.12,100,0,0,0,104238675364,104238675365.12,100.00000000107445,,0,258375025491.94006,,1854757572766,1696964640869.17,91.49253065663382,1854757572766,1438589615377.23,77.5621373111237,,12 Desember
25,Kab. Sumenep,91136674181,99003996076.3,108.63,207597802327,216336298098.24,104.21,14071288743.55,14154213279.01,100.59,10054113138.47,13401823439.95,133.3,322859878390.02,342896330893.5,106.21,126633664000,115307440200,91.06,1169778586000,1164794252889,99.57,372091245617,337036160158,90.58,0,0,0,1668503495617,1617137853247,96.92,7006290000,7006290000,100,0,0,0,0,0,0,335590446000,310959929418,92.66,342596736000,317966219418,92.81,2011100231617,1935104072665,96.22,81509897376,91163126850,111.84,17164902000,16276277000,94.82,98674799376,107439403850,108.88,2109775030993,2042543476515,96.81,12501000000,8209607300,65.67,0,0,0,0,0,0,12501000000,8209607300,65.67,2445135909383.02,2393649414708.5,97.89,,1128161603324.98,965161070317,85.55,696034117797.44,592026151001.54,85.06,0,0,0,4529405000,1810065290,39.96,143781940647.54,113284394217,78.79,509132000,421392550,82.77,1973016198769.96,1672703073375.54,84.78,7407800000,4585952000,61.91,45516502204.39,33911724846,74.5,54263899693.71,38419264583.21,70.8,29510157529.16,24511675159.73,83.06,7723120733.13,1621324100,20.99,0,0,0,144421480160.39,103049940688.93999,71.35361067792402,5517753845.85,1894167075,34.33,9840000000,8539643000,86.78,572131786540,545425189947,95.33,581971786540,553964832947,95.18757537036119,2704927219316.2,2331612014086.48,86.19869686090506,,259791309933.18,259879503135.18,100.03,0,0,0,259791309933.18,259879503135.18,100.03394771057688,,0,321916903757.2,,2704927219316.2,2653528917843.68,98.09982682323285,2704927219316.2,2331612014086.48,86.19869686090506,,19 Desember
26,Kab. Trenggalek,115641284302,112161950716,96.99,237254819388,186753475818.03,78.71,5865000000,6442140915.67,109.84,20273769303,4944658501.9,24.39,379034872993,310302225951.6,81.87,0,0,0,0,0,0,0,0,0,0,0,0,0,0,0,0,0,0,0,0,0,0,0,0,0,0,0,0,0,0,1441317591597,1408307785191,97.71,0,0,0,0,0,0,99307494000,94313330650,94.97,1540625085597,1502621115841,97.53,0,0,0,0,0,0,13918985770,13939600770.49,100.15,13918985770,13939600770.49,100.15,1933578944360,1826862942563.09,94.48,,1015373946295.15,884984884857.7,87.16,485200994338.91,388206685305.42,80.01,5322982552.37,4844109049,91,0,0,0,52793027616,45692651902.48,86.55,2569679500,2428092250,94.49,1561260630302.43,1326156423364.6,84.94,110000000,0,0,35076143978.7,16924449421,48.25,27679535104,13869006448.21,50.11,50331295711,37779987085.59,75.06,975582650,350663299,35.94,452750000,412053980,91.01,114625307443.7,69336160233.79999,60.489399575094296,1975798943.87,114018600,5.77,14023917526,13475812600,96.09,268779879500,258469747050,96.16,282803797026,271945559650,96.160505095693,1960665533716,1667552161848.4001,85.0503124154955,,83535889356,83409335349,99.85,56449300000,51745042283,91.67,27086589356,31664293066,116.90025883227703,,0,190975073780.68994,,2017114833716,1910272277912.09,94.70319914275377,2017114833716,1719297204131.4001,85.23546480316395,,19 Desember
27,Kab. Tuban,413675000000,437069919237.08,105.66,320239556990,283103516462.77,88.4,19750076382.84,19750076400.54,100,13745415910.37,33437191281.7,243.26,767410049283.21,773360703382.09,100.78,527158768000,539130985000,102.27,1083456312000,1093099528557,100.89,418370572699.3,349792527993,83.61,0,0,0,2028985652699.3,1982023041550,97.69,5709750000,2854875000,50,0,0,0,0,0,0,307052105000,239507594666,78,312761855000,242362469666,77.49,2341747507699.3,2224385511216,94.99,137020367500,113107623050,82.55,10204704000,2633304000,25.8,147225071500,115740927050,78.61,2488972579199.3,2340126438266,94.02,0,0,0,0,0,0,0,0,0,0,0,0,3256382628482.51,3113487141648.09,95.61,,1273826408610.22,1142655482331,89.7,817425693736.64,630015331733.4,77.07,0,0,0,0,0,0,105124350233,65433946320,62.24,11264301607,548743100,4.87,2207640754186.86,1838653503484.4,83.29,20361436993.17,789031400,3.88,115245946647.15,69299221978,60.13,175836706971.93,76913412778.54,43.74,503702290040,355240626735.48,70.53,10815262050,6319618304,58.43,0,0,0,825961642702.25,508561911196.01996,61.57209789212341,6499122680.1,827190092,12.73,43629500000,34513002900,79.1,470432239211,391916914501,83.31,514061739211,426429917401,82.9530550271062,3554163258780.21,2774472522173.42,78.06260771278187,,297780630297.7,297799548197.7,100.01,0,0,0,297780630297.7,297799548197.7,100.00635296526208,,0,636814167672.3699,,3554163258780.21,3411286689845.79,95.98002234192654,3554163258780.21,2774472522173.42,78.06260771278187,,19 Desember
28,Kab. Tulungagung,294334972600,283286651868.4,96.25,468853558147.75,466064166294.04,99.41,7425685532.3,7807042454.3,105.14,18606850111.64,22345938180.27,120.1,789221066391.69,779503798797.01,98.77,0,0,0,0,0,0,0,0,0,0,0,0,0,0,0,0,0,0,0,0,0,0,0,0,0,0,0,0,0,0,1934813725569,1895557882395,97.97,0,0,0,0,0,0,147155309000,142261426450,96.67,2081969034569,2037819308845,97.88,0,0,0,0,0,0,0,0,0,0,0,0,2871190100960.69,2817323107642.01,98.12,,1429473254114.88,1215588974964.4,85.04,949629303153.19,778246456260.37,81.95,0,0,0,0,0,0,119042341334,105969569204,89.02,14988875000,14970957500,99.88,2513133773602.07,2114775957928.77,84.15,0,0,0,45799504443.21,33324175847,72.76,37104339992.62,10466941032,28.21,160734888070,69013824625,42.94,6089412066,1466970200,24.09,1569000000,1509465000,96.21,251297144571.83002,115781376704,46.07349474713406,3000000000,729024420,24.3,30029497260,13433284827,44.73,409840063450,406479160878,99.18,439869560710,419912445705,95.46294702166094,3207300478883.9,2651198804757.77,82.66137900744347,,336110377923.21,336110377923.21,100,0,0,0,336110377923.21,336110377923.21,100,,0,502234680807.44977,,3207300478883.9,3153433485565.2197,98.32048809666173,3207300478883.9,2651198804757.77,82.66137900744347,,19 Desember
29,Kab. Mojokerto,511565345000,484060750432.33,94.62,316090111427,305536297621.85,96.66,12038409877,12012546523.71,99.79,12050677244,17822455109.63,147.9,851744543548,819432049687.52,96.21,115832966000,105962126000,91.48,979635114000,971871558493,99.21,370377251000,345406795057,93.26,0,0,0,1465845331000,1423240479550,97.09,22561971000,19100481500,84.66,0,0,0,0,0,0,294504331000,270124500456,91.72,317066302000,289224981956,91.22,1782911633000,1712465461506,96.05,125689793450,121097997289,96.35,6482650000,6482650000,100,132172443450,127580647289,96.53,1915084076450,1840046108795,96.08,0,0,0,0,0,0,0,0,0,0,0,0,2766828619998,2659478158482.52,96.12,,995882311805.55,918455835801,92.23,858636648446.39,700431322809,81.57,0,0,0,37500000,0,0,121912503493,96540333457,79.19,23191571500,20435378900,88.12,1999660535244.94,1735862870967,86.81,16834000000,5005139000,29.73,79860512364,62309619010,78.02,70376085118.14,42791924781.34,60.8,166855915424,105747274523.36,63.38,6781911200,246059800,3.63,602093291,342495980,56.88,341310517397.14,216442513094.7,63.415131401548095,18658279379,638858049,3.42,67858335516,53783373868,79.26,551462629000,523713912856,94.97,619320964516,577497286724,93.24684934173264,2978950296537.08,2530441528834.7,84.9440667666139,,212121676539.08,212121676539.08,100,0,0,0,212121676539.08,212121676539.08,100,,0,341158306186.8998,,2978950296537.08,2871599835021.6,96.39636614144685,2978950296537.08,2530441528834.7,84.9440667666139,,19 Desember
30,Kota Batu,275233550400,248223576639,90.19,24532098000,10124798651.83,41.27,3529988579,2940968630.11,83.31,24689492900,23632130969.67,95.72,327985129879,284921474890.61,86.87,87406512000,82734518648,94.65,504711161000,503965241219,99.85,79640312000,41842037694,52.54,0,0,0,671757985000,628541797561,93.57,8261815000,11042990500,133.66,0,0,0,0,0,0,22944352000,16678158800,72.69,31206167000,27721149300,88.83,702964152000,656262946861,93.36,63450862000,59991033350,94.55,1562550000,1303050000,83.39,65013412000,61294083350,94.28,767977564000,717557030211,93.43,0,0,0,0,0,0,0,0,0,0,0,0,1095962693879,1002478505101.61,91.47,,436414371120.39,371554278530,85.14,495841260043.69,351757573925.92,70.94,0,0,0,0,0,0,86319260197.01,52310440832,60.6,11251800000,10140300000,90.12,1029826691361.09,785762593287.92,76.3,0,0,0,28385480622.5,16024595475,56.45,37788570513.8,9663949092,25.57,26755117136.1,11767316573.45,43.98,251623100,130575400,51.89,0,0,0,93180791372.4,37586436540.45,40.33710809584628,6417373591.01,27285750,0.43,29976564840,26119309838,87.13,80691948900,74066255700,91.79,110668513740,100185565538,90.52761454208358,1240093370064.5,923561881116.37,74.47518899873914,,144130676185.5,144130676185.5,100,0,0,0,144130676185.5,144130676185.5,100,,0,223047300170.74,,1240093370064.5,1146609181287.1099,92.46152015371811,1240093370064.5,923561881116.37,74.47518899873914,,19 Desember
31,Kota Blitar,95226053260,78362648490.81,82.29,108140059250,92379312142,85.43,1200000000,1181168435.64,98.43,5328115000,4653238633.35,87.33,209894227510,176576367701.8,84.13,0,0,0,0,0,0,0,0,0,0,0,0,0,0,0,0,0,0,0,0,0,0,0,0,0,0,0,0,0,0,615257241684.94,599088400258,97.37,0,0,0,0,0,0,65940530000,60005107350,91,681197771684.94,659093507608,96.76,0,0,0,0,0,0,12254511660.02,11304207187.71,92.25,12254511660.02,11304207187.71,92.25,903346510854.96,846974082497.51,93.76,,379387469534.43,340863230818,89.85,447086559289.14,372995158229.1,83.43,0,0,0,0,0,0,26544440028,23856665728,89.87,14289870000,14111449850,98.75,867308338851.57,751826504625.1,86.69,0,0,0,23184251721.65,19854825929,85.64,19754610530.9,5935543317,30.05,34317414192.43,16067655481,46.82,1901762700,820020544,43.12,220000000,216706948,98.5,79378039144.98001,42894752219,54.038563664510384,10110975986,2497651163,24.7,0,0,0,0,0,0,0,0,0,956797353982.5499,797218908007.1,83.32160458939141,,53450843127.59,53487953406.83,100.07,0,0,0,53450843127.59,53487953406.83,100.06942880049886,,0,103243127897.24004,,956797353982.5499,900462035904.34,94.11209512194812,956797353982.5499,797218908007.1,83.32160458939141,,19 Desember
32,Kota Kediri,200850000000,209317545301,104.22,30541086820,36992967115.5,121.13,2903466410.43,2903466410.43,100,212580790783.19,191226793826.45,89.95,446875344013.62,440440772653.38,98.56,240083590000,207839586800,86.57,630301698000,629903253642,99.94,123355247282,114499781989,92.82,0,0,0,993740535282,952242622431,95.82,8108479000,8108479000,100,0,0,0,0,0,0,0,0,0,8108479000,8108479000,100,1001849014282,960351101431,95.86,73570174247,70301561650,95.56,2595210000,2595210000,100,76165384247,72896771650,95.71,1078014398529,1033247873081,95.85,0,0,0,0,0,0,0,0,0,0,0,0,1524889742542.62,1473688645734.38,96.64,,687313405779.38,535073097282,77.85,822668188338.06,609978648367,74.15,0,0,0,0,0,0,88979960967,58330260947,65.55,8033622200,6790950000,84.53,1606995177284.44,1210172956596,75.31,0,0,0,76737385720,43593711983,56.81,122849252151.14,73676125981,59.97,39820711922.87,7867704053,19.76,3205197746,1920491299,59.92,51448500,51448500,100,242663996040.01,127109481816,52.38085743673422,13413947000,6162050365,45.94,0,0,0,0,0,0,0,0,0,1863073120324.45,1343444488777,72.10905863657365,,338183377781.83,338183377781.83,100,0,0,0,338183377781.83,338183377781.83,100,,0,468427534739.2099,,1863073120324.4502,1811872023516.21,97.2517934884207,1863073120324.45,1343444488777,72.10905863657365,,19 Desember
33,Kota Madiun,147118202125,149545371118,101.65,122292977940,95719119327.47,78.27,14203827596.17,14203827596.17,100,11389080665.14,13292840729.09,116.72,295004088326.31,272761158770.73,92.46,0,0,0,0,0,0,0,0,0,0,0,0,0,0,0,0,0,0,0,0,0,0,0,0,0,0,0,0,0,0,756353861000,696625454609,92.1,0,0,0,0,0,0,66925152000,63725968150,95.22,823279013000,760351422759,92.36,0,0,0,0,0,0,0,0,0,0,0,0,1118283101326.31,1033112581529.73,92.38,,482490738019.88,380446101177.5,78.85,511227800320.92,425877035668.95,83.3,0,0,0,300000000,54749550,18.25,27628274417,14085247787,50.98,32437182227,24557803500,75.71,1054083994984.8,845020937683.45,80.17,0,0,0,62439285804.42,34176570208,54.74,45666430566.86,21301454768.87,46.65,58703307851,37166253818,63.31,2350674040,889476158,37.84,400500000,295407600,73.76,169560198262.28,93829162552.87,55.33678511494347,7899064808.8,196488105,2.49,0,0,0,0,0,0,0,0,0,1231543258055.8801,939046588341.32,76.2495821562698,,113260156729.57,113260156729.57,100,0,0,0,113260156729.57,113260156729.57,100,,0,207326149917.98004,,1231543258055.8801,1146372738259.3,93.08424456555178,1231543258055.8801,939046588341.32,76.2495821562698,,19 Desember
34,Kota Malang,863500000000,839033451669.61,97.17,123019801623.26,117498965233.61,95.51,30303076475.29,30303076475.29,100,34002100977,54935528380.53,161.57,1050824979075.55,1041771021759.04,99.14,0,0,0,0,0,0,0,0,0,0,0,0,0,0,0,0,0,0,0,0,0,0,0,0,0,0,0,0,0,0,1342621378000,1074676653144,80.04,0,0,0,0,0,0,120020377000,119470185650,99.54,1462641755000,1194146838794,81.64,0,982036.1,0,0,0,0,0,37350,0,0,1019386.1,0,2513466734075.55,2235918879939.14,88.96,,1085186891588.45,904986235902.01,83.39,1235400447411.8,939368255293.84,76.04,0,0,0,0,0,0,117487308899,60381185560,51.39,17724000000,7373200000,41.6,2455798647899.25,1912108876755.85,77.86,25543000000,25532060242,99.96,60244000208.22,33695483446,55.93,34058536086,14527100156.2,42.65,90853131325,53933851845,59.36,7534228156,332407698,4.41,106200000,95622000,90.04,218339095775.22,128116525387.2,58.677775930287766,43302278580.1,1383142663,3.19,750000000,0,0,0,0,0,750000000,0,0,2718190022254.5703,2041608544806.05,75.1091177618503,,204723288179.02,204723288179.02,100,0,0,0,204723288179.02,204723288179.02,100,,-0.000518798828125,399033623312.1101,,2718190022254.57,2440642168118.16,89.78924019792403,2718190022254.5703,2041608544806.05,75.1091177618503,,12 Desember
35,Kota Mojokerto,106128604000,106861319665,100.69,162734326295,114998315123.11,70.67,3950000000,3944139697.21,99.85,32486272013,45179704755.69,139.07,305299202308,270983479241.01,88.76,90647811000,84272916407.65,92.97,427129664000,424173795053,99.31,70339531000,49716515054,70.68,0,0,0,588117006000,558163226514.65,94.91,6296448000,6296448000,100,0,0,0,0,0,0,0,0,0,6296448000,6296448000,100,594413454000,564459674514.65,94.96,58700626000,63098735050,107.49,804530000,728530000,90.55,59505156000,63827265050,107.26,653918610000,628286939564.65,96.08,0,0,0,0,0,0,0,0,0,0,0,0,959217812308,899270418805.66,93.75,,369379835934.84,314833087927,85.23,470066973664.66,373320493805.68,79.42,3307414121,2455377293,74.24,0,0,0,32362377568,28140400618,86.95,12691500000,8352100000,65.81,887808101288.5,727101459643.68,81.9,0,0,0,42359719575.93,28982019573,68.42,32717655655.33,14629355997.72,44.71,13015840214,1109007494,8.52,2024925902,1444958120,71.36,236079080,232900000,98.65,90354220427.26001,46398241184.72,51.35149300753812,5263649406.35,0,0,0,0,0,0,0,0,0,0,0,983425971122.11,773499700828.4,78.65357673499514,,49653760064.11,49608910064.11,99.91,25445601250,23325130741,91.67,24208158814.11,26283779323.11,108.57405358638923,,0,152054497300.37,,1008871572372.11,948879328869.77,94.05353018706998,1008871572372.11,796824831569.4,78.98179048655966,,19 Desember
36,Kota Pasuruan,85673424632,79968472463.2,93.34,98258519426,90028151329,91.62,6414019664,6253499185.57,97.5,24574774319.91,22531904265.97,91.69,214920738041.91,198782027243.74,92.49,0,0,0,0,0,0,0,0,0,0,0,0,643502984000,588185191481,91.4,0,0,0,0,0,0,0,0,0,0,0,0,0,0,0,643502984000,588185191481,91.4,0,0,0,0,0,0,79673877221,61044084250,76.62,723176861221,649229275731,89.77,0,0,0,0,0,0,0,0,0,0,0,0,938097599262.91,848011302974.74,90.4,,443038942201,399997641728,90.28,397193863162,309685159569.9,77.97,0,0,0,0,0,0,53898304480,44545240650,82.65,11065391600,8780509554.04,79.35,905196501443,763008551501.94,84.29,4432000000,2332000000,52.62,31708550834,17455718473,55.05,44654191400,16904731629,37.86,16850608780,3706809563,22,104892000,66327370,63.23,100000000,0,0,97850243014,40465587035,41.35461066684357,2087104690.87,1075609621,51.54,0,0,0,0,0,0,0,0,0,1005133849147.87,804549748157.94,80.04404078521674,,67036249884.96,67039449284.96,100,0,0,0,67036249884.96,67039449284.96,100.00477264167596,,0,110501004101.76004,,1005133849147.87,915050752259.7,91.03770140021247,1005133849147.87,804549748157.94,80.04404078521674,,19 Desember
37,Kota Probolinggo,90460241713,94253088627,104.19,142015330731,114907981682.12,80.91,1609872868,1642720116.17,102.04,6535190735,10668698896.78,163.25,240620636047,221472489322.07,92.04,0,0,0,0,0,0,0,0,0,0,0,0,668629852175,640840531886,95.84,0,0,0,0,0,0,0,0,0,0,0,0,14589713000,14589713000,100,683219565175,655430244886,95.93,0,0,0,0,0,0,65286913200,61988826750,94.95,748506478375,717419071636,95.85,0,0,0,0,0,0,0,0,0,0,0,0,989127114422,938891560958.07,94.92,,506064501113.05,438675617176,86.68,434787510243.31,348557421810.82,80.17,0,0,0,0,0,0,44662283581,41437946710,92.78,154100000,130150003,84.46,985668394937.36,828801135699.82,84.09,0,0,0,40116471391,21195855534,52.84,22820649880.64,6387103137.16,27.99,23196823504,3935745212.58,16.97,2517040431,1231795852,48.94,525105000,446748970,85.08,89176090206.64,33197248705.739998,37.226625016655134,2946765000,1652110224,56.07,0,0,0,300000000,100000000,33.33,300000000,100000000,33.33333333333333,1078091250144,863750494629.5599,80.11849595423294,,88964135722,88964135721.91,100,0,0,0,88964135722,88964135721.91,99.99999999989883,,0,164105202050.42,,1078091250144,1027855696679.98,95.34032453585816,1078091250144,863750494629.5599,80.11849595423294,,19 Desember
38,Kota Surabaya,6919458678748,5623865421219.8,81.28,470616199330,357943965281.45,76.06,210074787736,104628017610.47,49.81,720202463868,719950835308.68,99.97,8320352129682,6806388239420.4,81.8,645889040000,550110132200,85.17,1464317602000,1453924148986,99.29,13300000000,11035185052,82.97,753729645000,164082613181,21.77,2877236287000,2179152079419,75.74,29199862000,29199862000,100,0,0,0,0,0,0,0,0,0,29199862000,29199862000,100,2906436149000,2208351941419,75.98,434333759463,350427600254.2,80.68,0,0,0,434333759463,350427600254.2,80.68,3340769908463,2558779541673.2,76.59,0,0,0,0,0,0,0,0,0,0,0,0,11661122038145,9365167781093.6,80.31,,3701474739268,2549783437412,68.89,5619390174951,4299262093758,76.51,6855333333,0,0,100735383644,76357018363,75.8,338779803158,126428500205,37.32,1200000000,1054000000,87.83,9768435434354,7052885049738,72.2,309896104948,197943378166,63.87,323245781774,162209200771,50.18,476826809340,196092202464,41.12,1419226386337,990371704860,69.78,1531477143,285335893,18.63,6413253683,5413925552,84.42,2537139813225,1552315747706,61.18368958677236,5400000000,407254039,7.54,0,0,0,0,0,0,0,0,0,12310975247579,8605608051483,69.90191985947925,,686441444728,234441444727.39,34.15,35588235294,5000000000,14.05,650853209434,229441444727.39,35.25241043628235,,1000000000,989001174337.9896,,12347563482873,9599609225820.99,77.74496757304686,12346563482873,8610608051483,69.74092882952839,,12 Desember
XVII,Prov. Bali,2686036410791,2673382125630,99.53,337336008147,878277636734.52,260.36,223896695885,253603839116.43,113.27,439102490000,570104032892.21,129.83,3686371604823,4375367634373.16,118.69,244948196000,226510426400,92.47,1401748162000,1395131885960,99.53,90134667000,81116948256,90,653911029000,613732943001,93.86,2390742054000,2316492203617,96.89,12978586000,12978586000,100,0,0,0,0,0,0,0,0,0,12978586000,12978586000,100,2403720640000,2329470789617,96.91,0,0,0,34825690369,20795912249,59.71,34825690369,20795912249,59.71,2438546330369,2350266701866,96.38,5708000000,4798400000,84.06,0,0,0,0,0,0,5708000000,4798400000,84.06,6130625935192,6730432736239.16,109.78,,2614645674805.2,2117192336867,80.97,1420709488000,1103250414828.57,77.65,0,0,0,10090000000,4873000000,48.3,817084965136,893258900343,109.32,150000000,111600000,74.4,4862680127941.2,4118686252038.57,84.7,26168325760,1140930000,4.36,252599567605,213039529709.8,84.34,517072229719,154286611899.78,29.84,185712124103,175171904293.26,94.32,22415084280,27462052176,122.52,176649600,243536964.9,137.86,1004143981067,571344565043.74,56.8986694952482,136183624677,15489609898,11.37,687188016684,888213933499,129.25,205265185944,205129963616.03,99.93,892453202628,1093343897115.03,122.50994157401965,6895460936313.2,5798864324095.34,84.0968338107332,,1201125499578.2,623732459203.32,51.93,401464808088,401464798088,100,799660691490.2,222267661115.31995,27.79524659404168,,34825690368.999756,1153836073259.1401,,7331751434770.2,7354165195442.48,100.3057081363395,7296925744401.2,6200329122183.34,84.97179962315967,,19 Desember
1,Kab. Badung,9308736528615,6944660488740.59,74.6,371931930205,368822337070.4,99.16,293368505527,266310262631.54,90.78,207596243936,135319953038.87,65.18,10181633208283,7715113041481.4,75.77,126208222000,120292303260,95.31,420970917000,378883939235,90,267119468000,150192465690,56.23,0,0,0,814298607000,649368708185,79.75,31467944000,31467944000,100,0,0,0,0,0,0,51008522000,50871076400,99.73,82476466000,82339020400,99.83,896775073000,731707728585,81.59,147470303436,122648309735,83.17,285000000,0,0,147755303436,122648309735,83.01,1044530376436,854356038320,81.79,0,700000,0,0,0,0,0,0,0,0,700000,0,11226163584719,8569469779801.4,76.33,,3199355988050,1994723954021,62.35,1925133863613,1286922028278.1,66.85,15000000000,0,0,4989395000,3170100588,63.54,970350688416,625152512621,64.43,397815926000,351582100000,88.38,6512645861079,4261550695508.1,65.44,2210173464426,187223839945,8.47,547816921202,215692476285,39.37,646335578917,324836033582,50.26,987007693268,624143753650,63.24,14224442792,4685798350,32.94,20876316054,12316743069,59,4426434416659,1368898644881,30.925537713359418,231095646962,7430707620,3.22,1142958044856,824980454225,72.18,544176328046,389811262571,71.63,1687134372902,1214791716796,72.00325808705239,12857310297602,6852671764805.1,53.29786406479731,,1831146712883,381146712883.03,20.81,200000000000,200000000000,100,1631146712883,181146712883.03003,11.105482508244705,,0,1897944727879.3308,,13057310297602,8950616492684.43,68.54870021989312,13057310297602,7052671764805.1,54.01320489488817,,19 Desember
2,Kab. Bangli,93596300000,84204424345,89.97,184361385711.34,151065787840.28,81.94,6316100000,6927592452.62,109.68,18754658427.98,19576210258.99,104.38,303028444139.32,261774014896.89,86.39,19170837000,17923166000,93.49,568870620000,567732920331,99.8,14611387000,11660999094,79.81,120118041000,80554925930,67.06,722770885000,677872011355,93.79,30352227000,30352227000,100,0,0,0,0,0,0,62508182000,61560309692,98.48,92860409000,91912536692,98.98,815631294000,769784548047,94.38,71877326176,60298129509,83.89,128125602822,60107291349,46.91,200002928998,120405420858,60.2,1015634222998,890189968905,87.65,0,38281606,0,0,0,0,0,0,0,0,38281606,0,1318662667137.32,1152002265407.89,87.36,,598304468967.62,533429110700.95,89.16,349491202194.27,275257353350.03,78.76,3439655018,3157388641,91.79,0,0,0,22817411032,17291488928,75.78,439500000,283600000,64.53,974492237211.89,829418941619.98,85.11,45000000,43354000,96.34,27989995839.58,19096100543,68.22,33993239428,16723067728.95,49.2,124401490989,38921571703.9,31.29,2517096600,1517308600,60.28,1530895850,1025547260,66.99,190477718706.58002,77326949835.85,40.59632295101546,2164338329.66,0,0,12845170400,7686459955,59.84,139919558200,137119203102,98,152764728600,144805663057,94.78998482441581,1319899022848.13,1051551554512.83,79.669091067569,,14199120370.81,14753786885.76,103.91,12962764660,12962764660,100,1236355710.8099995,1791022225.7600002,144.86302041558983,,0.0001850128173828125,102241733120.81993,,1332861787508.1301,1166756052293.65,87.53766243647621,1332861787508.13,1064514319172.83,79.86681958697363,,19 Desember
3,Kab. Buleleng,389826966325,363422720023.74,93.23,301696781554,258226277506.48,85.59,38012000000,34679086540.22,91.23,37371271090,27216635189.09,72.83,766907018969,683544719259.53,89.13,29867451000,26740101000,89.53,1004173362750,975086087674,97.1,4500941000,4204391633,93.41,352452232000,292154460835,82.89,1390993986750,1298185041142,93.33,22179842000,22179842000,100,0,0,0,0,0,0,138553772000,137635855564,99.34,160733614000,159815697564,99.43,1551727600750,1458000738706,93.96,150501260906,124792325842,82.92,97083875569,29344362929.8,30.23,247585136475,154136688771.8,62.26,1799312737225,1612137427477.8,89.6,0,0,0,0,0,0,0,0,0,0,0,0,2566219756194,2295682146737.33,89.46,,1359836472838.14,1261006716801,92.73,680950009953,566076724923.86,83.13,0,0,0,0,0,0,100131125000,92406772836.5,92.29,2431905950,2380432500,97.88,2143349513741.14,1921870647061.36,89.67,800500000,650000000,81.2,77145827632.9,63345144407,82.11,12800173569.81,4145795037.27,32.39,80580535022.36,52610692155,65.29,20024677166,19124993845,95.51,3944710666.79,1957228088,49.62,195296424057.86002,141833853532.27,72.6249106794957,13992736391,11101497487,79.34,53830280407,38443163822,71.42,348757795578,329044493811,94.35,402588075985,367487657633,91.28130701185799,2755226750175,2442293655713.63,88.64220179186727,,189306993981,189306993980.93,100,300000000,0,0,189006993981,189306993980.93,100.1587242850707,,0,42695485004.63019,,2755526750175,2484989140718.2603,90.1820002495146,2755526750175,2442293655713.63,88.63255112869156,,19 Desember
4,Kab. Gianyar,1494548790849,1483849298575.87,99.28,360994544203.97,298044994140.36,82.56,25000000000,27540615575.32,110.16,144711988916.03,34674170537,23.96,2025255323969,1844109078828.55,91.06,33821641000,18473032400,54.62,705626161000,493945971000,70,245866683000,205759082364,83.69,0,0,0,985314485000,718178085764,72.89,31128326000,33937639500,109.02,0,0,0,0,0,0,74097601000,74097601000,100,105225927000,108035240500,102.67,1090540412000,826213326264,75.76,114891429302,91166295419,79.35,55570000000,54558150000,98.18,170461429302,145724445419,85.49,1261001841302,971937771683,77.08,0,0,0,0,0,0,0,0,0,0,0,0,3286257165271,2816046850511.55,85.69,,1228664390122,855909261200,69.66,934395217713,629910013402.21,67.41,15055171180,13618266427,90.46,0,0,0,364628286398,312139228213,85.6,11237330000,7656530405,68.13,2553980395413,1819233299647.21,71.23,87998891909,8487813000,9.65,161493052240,123041958799,76.19,834879001735,299943976128.58,35.93,216536568036,89531983104.96,41.35,12683111141,6614478773,52.15,30000000,0,0,1313620625061,527620209805.54004,40.16534147985376,5129568576,5117446087,99.76,214056488406,196673844877,91.88,171650457878,171629457878,99.99,385706946284,368303302755,95.48785841254062,4258437535334,2720274258294.75,63.87963274613095,,1162494865832,324494865832.41,27.91,185588152076,169289139403,91.22,976906713756,155205726429.40997,15.887466453442286,,4726343693,250978318646.20978,,4448752031103,3140541716343.96,70.59376864314262,4444025687410,2889563397697.75,65.02130277698286,,12 Desember
5,Kab. Jembrana,87536077476,89528557546,102.28,120028829409.29,111205586985.07,92.65,11576053599,11576053599.72,100,11672359514,14854793176.29,127.26,230813319998.29,227164991307.08,98.42,21483202000,19827319200,92.29,590299700000,584187246597,98.96,1407804000,1292927617,91.84,123020298493,112098437356,91.12,736211004493,717405930770,97.45,14658841000,14658841000,100,0,0,0,0,0,0,44758813000,44758813000,100,59417654000,59417654000,100,795628658493,776823584770,97.64,83033661777,70916744647,85.41,62601295680,52296289320,83.54,145634957457,123213033967,84.6,941263615950,900036618737,95.62,0,0,0,0,0,0,0,0,0,0,0,0,1172076935948.29,1127201610044.08,96.17,,538401852891.97,481615226837.56,89.45,430298051635.67,342917210021.1,79.69,0,0,0,3000000000,72264400,2.41,17901361833,16805940722,93.88,2807100950,1960737623,69.85,992408367310.64,843371379603.66,84.98,0,0,0,20359173744,11973679696,58.81,15959811604,5431457949.45,34.03,60476217133,50276701774,83.13,5920128498,4807061911,81.2,1181092680,416673365.13,35.28,103896423659,72905574695.58,70.17139967672466,8277809380,1173178180,14.17,10527837599,10393408412,98.72,129799466700,125936671558,97.02,140327304299,136330079970,97.15149924031678,1244909904648.6401,1053780212449.24,84.64710647046029,,78253524181.35,72853524181.35,93.1,5400000000,3400000000,62.96,72853524181.35,69453524181.35,95.33310153735792,,20555480.999908447,142874921776.1901,,1250330460129.6401,1200055134225.4302,95.97903694204193,1250309904648.6401,1057180212449.24,84.55345418912977,,12 Desember
6,Kab. Karang Asem,342359241433,344277469381,100.56,129943268695,120760746998,92.93,13843338532,13435448071.71,97.05,8116826096,13700498850.54,168.79,494262674756,492174163301.25,99.58,0,0,0,0,0,0,0,0,0,0,0,0,1148833102000,1111817248376,96.78,0,0,0,0,0,0,0,0,0,0,0,0,0,0,0,1157546734000,1123060095142,97.02,0,0,0,0,0,0,146051979991,124778618248.23,85.43,1303598713991,1247838713390.23,95.72,0,541300,0,0,0,0,12456625376,13951348912,112,12456625376,13951890212,112,1810318014123,1753964766903.48,96.89,,954066995385,771240794860.42,80.84,522220452454,395254809132.22,75.69,0,0,0,0,0,0,102210837300,85628435956,83.78,3195000000,3045000000,95.31,1581693285139,1255169039948.64,79.36,300000000,0,0,63133444158,36200708288,57.34,24922360570,10892097836.49,43.7,39145081780,16775381191,42.85,2274409133,468596820,20.6,121170959,19647000,16.21,129896466600,64356431135.49,49.54440472477794,2500000000,971490000,38.86,48220252738,45454779849.48,94.26,190094478375,190094478375,100,238314731113,235549258224.48,98.8395711521464,1952404482852,1556046219308.6099,79.69896775875024,,146086468729,146086468729.71,100,4000000000,4000000000,100,142086468729,142086468729.71,100.00000000049968,,0,340005016324.5801,,1956404482852,1900051235633.19,97.11955029173417,1956404482852,1560046219308.6099,79.74047457887704,,19 Desember
7,Kab. Klungkung,207655626474,194854507835.7,93.84,323450857247,244256422952.98,75.52,9808569393,9808569392.76,100,55423012904,19366963241.27,34.94,596338066018,468286463422.71,78.53,0,0,0,0,0,0,0,0,0,0,0,0,0,0,0,0,0,0,0,0,0,0,0,0,0,0,0,0,0,0,812919642000,779212542756,95.85,0,0,0,0,0,0,134670952163,97958925923,72.74,947590594163,877171468679,92.57,335266,14824417.73,4421.69,0,0,0,0,0,0,335266,14824417.73,4421.69,1543928995447,1345472756519.44,87.15,,776342403133,675851294419,87.06,422092526760.37,310856177442.82,73.65,3319597400,3042348133,91.65,0,0,0,96088690596,95257958708,99.14,3163000000,2895700000,91.55,1301006217889.37,1087903478702.82,83.62,121992780,7904280,6.48,35821960921.11,15115373384,42.2,45515633169,22924277756.77,50.37,57430562930,22966233309.85,39.99,4723125310,1381040300,29.24,165000000,39779070,24.11,143778275110.11,62434608100.62,43.4242294622088,9541238000,1860646643,19.5,36547889083,21651136116,59.24,124916252000,119148558490,95.38,161464141083,140799694606,87.2018354425968,1615789872082.48,1292998428052.44,80.02268428542529,,82224983223.48,82225983223.48,100,10364106588,9316559628,89.89,71860876635.48,72909423595.48,101.4591346628275,,0,125383752062.48,,1626153978670.48,1427698739742.92,87.79603644362054,1626153978670.48,1302314987680.44,80.08558874265978,,19 Desember
8,Kab. Tabanan,368198438000,360744145510.09,97.98,237607762886,178776394037.91,75.24,11692069000,9682003186.62,82.81,154700096943,50702905001.78,32.77,772198366829,599905447736.4,77.69,26986617000,29136868000,107.97,856886962000,851694623978,99.39,51825455000,48903061634,94.36,204398233000,148463599730,72.63,1140097267000,1078198153342,94.57,24157701000,27036683000,111.92,0,0,0,0,0,0,122816563000,122816563000,100,146974264000,149853246000,101.96,1287071531000,1228051399342,95.41,109210843472,91036375867,83.36,114851368195,54608825767,47.55,224062211667,145645201634,65,1511133742667,1373696600976,90.91,0,0,0,0,0,0,0,0,0,0,0,0,2283332109496,1973602048712.4,86.44,,988181689373,776236249379.56,78.55,662301696655,459308974102.14,69.35,6000000000,4936631724,82.28,0,0,0,119837329278,84398402739,70.43,0,0,0,1776320715306,1324880257944.7,74.59,6025000000,0,0,69104889467,46958128701,67.95,109617054720,74442598515.8,67.91,91871220100,48084691206,52.34,2537030800,1834231446,72.3,0,0,0,279155195087,171319649868.8,61.37075464972358,13991095846,12205157459,87.24,48400487100,40239918000,83.14,235560511000,233936177000,99.31,283960998100,274176095000,96.55413836214431,2353428004339,1782581160272.5,75.74402773256571,,88326894843,88326894842.95,100,18231000000,17981593716,98.63,70095894843,70345301126.95,100.35580726162155,,0,261366189566.8499,,2371659004339,2061928943555.3499,86.94036283390687,2371659004339,1800562753988.5,75.91996786613643,,12 Desember
9,Kota Denpasar,1710000000000,1758504423008.98,102.84,170848224286,169319058312.29,99.1,100261240483,100261240483.21,100,37685670515,46873191828.31,124.38,2018795135284,2074957913632.79,102.78,129886054000,108237305800,83.33,711678225784,697921177064,98.07,13536578000,13298904178,98.24,263684404000,250647806875,95.06,1118785261784,1070105193917,95.65,21645986000,21645986000,100,0,0,0,0,0,0,39896439000,39896439000,100,61542425000,61542425000,100,1180327686784,1131647618917,95.88,161198928445,134296486674,83.31,25150000000,21008449000,83.53,186348928445,155304935674,83.34,1366676615229,1286952554591,94.17,1465444750,174641237.4,11.92,0,0,0,0,0,0,1465444750,174641237.4,11.92,3386937195263,3362085109461.19,99.27,,1291262353988,1163833622477.45,90.13,1098241042705,774018061642.94,70.48,0,0,0,46800000,0,0,262080097711,249994623272,95.39,7761660000,5890759728,75.9,2659391954404,2193737067120.39,82.49,164192887500,6726112218,4.1,199270536604,101005943293,50.69,258418995872,197885450293,76.58,355823073800,178360696766,50.13,10258255800,5300189710,51.67,692740500,245900000,35.5,988656490076,489524292280,49.51409283141096,18990723179,5374906693,28.3,217815370690,158265727885,72.66,201134601120,179918191914,89.45,418949971810,338183919799,80.72179079949227,4085989139469,3026820185892.3896,74.0780281732649,,757551944206,757551944206.51,100,0,0,0,757551944206,757551944206.51,100.00000000006733,,58500000000,1092816867775.3103,,4144489139469,4119637053667.7,99.40035828385633,4085989139469,3026820185892.3896,74.0780281732649,,12 Desember
XVIII,Prov. Kalimantan Barat,2223429402500,2186217354000.46,98.33,475115874621,480021895003.12,101.03,126042549861,127688629601,101.31,161894139945,167500735166.68,103.46,2986481966927,2961428613771.26,99.16,293860822000,185498782000,63.12,1942207075000,1916241697352,98.66,763611978000,736767983730,96.48,0,0,0,2999679875000,2838508463082,94.63,0,0,0,0,0,0,0,0,0,0,0,0,0,0,0,2999679875000,2838508463082,94.63,0,0,0,0,0,0,0,0,0,2999679875000,2838508463082,94.63,2545000000,2551562900,100.26,0,0,0,0,0,0,2545000000,2551562900,100.26,5988706841927,5802488639753.26,96.89,,2212777656439.45,1945856813240.16,87.94,2005080716456.15,1311869837561.67,65.43,0,0,0,0,0,0,188984523550,177524948837,93.94,150000000,104649524,69.77,4406992896445.6,3435356249162.83,77.95,0,0,0,202378775083.4,154746558091,76.46,124114789602,57076648626,45.99,471685570869,211815128287,44.91,43244418148,30360839690,70.21,4750981925,128926500,2.71,846174535627.4,454128101194,53.66837243066935,8216564353,6645338900,80.88,987491996823,796537465278,80.66,44096984292,30069265512,68.19,1031588981115,826606730790,80.12946492473742,6292972977541,4722736420046.83,75.04777848088354,,304266135614,304266135613.98,100,0,0,0,304266135614,304266135613.98,99.99999999999342,,0,1384018355320.4097,,6292972977541,6106754775367.24,97.04085488944011,6292972977541,4722736420046.83,75.04777848088354,,19 Desember
1,Kab. Bengkayang,43258147365,46115974615,106.61,52654347620,45183630100.78,85.81,6022615267.07,6022615267.07,100,13659671795.93,15533433723.49,113.72,115594782048,112855653706.34,97.63,37624602000,27497608500,73.08,650543529000,623295881658,95.81,217131790000,211440003022,97.38,0,0,0,905299921000,862233493180,95.24,7438168000,7438168000,100,0,0,0,0,0,0,111247500000,100728150364,90.54,118685668000,108166318364,91.14,1023985589000,970399811544,94.77,44858118869,42815248701,95.45,0,0,0,44858118869,42815248701,95.45,1068843707869,1013215060245,94.8,0,0,0,0,0,0,0,0,0,0,0,0,1184438489917,1126070713951.34,95.07,,600919444557.05,568511921850.01,94.61,277214236959.26,247194577729.21,89.17,9506881409,9506881409,100,0,0,0,17781487000,14337817193,80.63,1693132000,1373032000,81.09,907115181925.31,840924230181.22,92.7,0,0,0,18421187479.79,12088862189.79,65.62,14734037265,4846267287,32.89,21577120116.9,14170863469,65.68,3321065699,3208385699,96.61,165950000,99950000,60.23,58219360560.69,34414328644.79,59.11148510282115,1266976000,1136470350,89.7,5397056000,2825652480,52.36,179497700000,158280680133,88.18,184894756000,161106332613,87.13407351206867,1151496274486,1037581361789.01,90.10722698622374,,6924033241,6924033340.52,100,39866248672,39866248672,100,-32942215431,-32942215331.48,99.99999969789523,,0,55547136830.85008,,1191362523158,1132994747291.86,95.100754410889,1191362523158,1077447610461.01,90.43826623024616,,19 Desember
2,Kab. Kapuas Hulu,46306128060,48999758950.03,105.82,3994788998,4479258460,112.13,17524575448,17524575448.85,100,43140938585,34573857015.68,80.14,110966431091,105577449874.56,95.14,163582201000,159903794400,97.75,943874692000,909212596606,96.33,253191074796,182589129099,72.12,0,0,0,1360647967796,1251705520105,91.99,7329568000,7329568000,100,0,0,0,0,0,0,242696655000,158394864260,65.26,250026223000,165724432260,66.28,1610674190796,1417429952365,88,54311060987,18621272048,34.29,6750000000,0,0,61061060987,18621272048,30.5,1671735251783,1436051224413,85.9,86953783,466558240.27,536.56,0,0,0,13660708391,12315403203,90.15,13747662174,12781961443.27,92.98,1796449345048,1554410635730.83,86.53,,772930167447,658718756119.64,85.22,358256567771,242650548296.07,67.73,0,0,0,748800000,0,0,103627374220,69617269236,67.18,407200000,398902720,97.96,1235970109438,971385476371.71,78.59,0,0,0,35094941049,24255048234,69.11,86988241000,69027738761.73,79.35,62164023471,54175723154,87.15,20415104801,14660861299,71.81,105400000,104588000,99.23,204767710321,162223959448.72998,79.22340841455073,5500000000,3673125205.55,66.78,5258858000,1790897000,34.05,350565308000,266020524865,75.88,355824166000,267811421865,75.26510210804514,1802061985759,1405093982890.99,77.9714568086395,,15612640711,15612640711.47,100,10000000000,10000000000,100,5612640711,5612640711.469999,100.00000000837395,,0,154929293551.3101,,1812061985759,1570023276442.3,86.64291226134189,1812061985759,1415093982890.99,78.09302297670926,,19 Desember
3,Kab. Kayong Utara,15077539033,13445827504.6,89.18,32638734638.75,28882650540.74,88.49,3770116439,3770116439,100,10385522486.63,11241105933.69,108.24,61871912597.38,57339700418.03,92.67,32494488000,29772904700,91.62,482643788000,475178562987,98.45,139858951000,84674341274,60.54,0,0,0,654997227000,589625808961,90.02,0,0,0,0,0,0,0,0,0,44398097000,39292734150,88.5,44398097000,39292734150,88.5,699395324000,628918543111,89.92,33540290917,26752759125,79.76,0,0,0,33540290917,26752759125,79.76,732935614917,655671302236,89.46,400000000,400000000,100,0,0,0,0,0,0,400000000,400000000,100,795207527514.38,713411002654.03,89.71,,357536635350.22,282377447076.05,78.98,231751158465.67,166194996305,71.71,0,0,0,0,0,0,5856180850,5621180850,95.99,15850000,11800000,74.45,595159824665.89,454205424231.05,76.32,109000000,100000000,91.74,18044658218.94,4564646990,25.3,45846974323.72,16165615024,35.26,39807148058.42,28508606827,71.62,2570576000,398591000,15.51,0,0,0,106378356601.08,49737459841,46.755243670022104,2027714460.59,335662400,16.55,2364717107,146455800,6.19,95412596700,79787632452,83.62,97777313807,79934088252,81.75115999789045,801343209534.5599,584212634724.05,72.90417236621688,,8135682020.18,0,0,2000000000,0,0,6135682020.18,0,0,,6.866455078125e-05,129198367929.97998,,803343209534.56,713411002654.03,88.80525710391765,803343209534.5599,584212634724.05,72.72267043403909,,19 Desember
4,Kab. Ketapang,200415426723,135011489405.64,67.37,115250912449,107023009418.93,92.86,9780412295,9743457908,99.62,17432858448,38573784973.15,221.27,342879609915,290351741705.72,84.68,263644097000,257800287153,97.78,1157034353000,1147168148640,99.15,370841588000,241419471539,65.1,0,0,0,1791520038000,1646387907332,91.9,0,0,0,0,0,0,0,0,0,246838720000,178970037824,72.5,246838720000,178970037824,72.5,2038358758000,1825357945156,89.55,81922394692,46117490931,56.29,187500000,0,0,82109894692,46117490931,56.17,2120468652692,1871475436087,88.26,0,0,0,0,0,0,0,0,0,0,0,0,2463348262607,2161827177792.72,87.76,,1137352886677.53,986672682866.54,86.75,656047323604.45,406199584659.83,61.92,0,0,0,0,0,0,74200877230,59686461440,80.44,157074026,21150000,13.46,1867758161537.98,1452579878966.37,77.77,3040000000,1535622000,50.51,41133748879.41,23444236712,57,57758946742,28651486364,49.61,310711946881,167447333961,53.89,12998150661,7743959999,59.58,250000000,247799025,99.12,425892793163.41003,229070438061,53.78593902928721,3823780378.28,1603168900,41.93,7897782303,3814455613,48.3,387238641900,287163008822,74.16,395136424203,290977464435,73.63974734091113,2692611159282.67,1974230950362.37,73.32031376146858,,240962896675.67,0,0,11700000000,7500000000,64.1,229262896675.67,-7500000000,-3.2713535895910715,,0,180096227430.34985,,2704311159282.67,2161827177792.72,79.94003095287873,2704311159282.67,1981730950362.37,73.28043385688031,,19 Desember
5,Kab. Kubu Raya,198142750702.67,158240023122.57,79.86,61699767312.04,42266327594.75,68.5,4278046183,4278046183,100,13855533096,15993322145.56,115.43,277976097293.71,220777719045.88,79.42,58543790000,54364411000,92.86,976643989000,995535520616,101.93,465264340000,446792372195,96.03,0,0,0,1500452119000,1496692303811,99.75,7046356000,7046356000,100,0,0,0,0,0,0,133321470000,127174409880,95.39,140367826000,134220765880,95.62,1640819945000,1630913069691,99.4,55335458578,57303411376,103.56,500000000,0,0,55835458578,57303411376,102.63,1696655403578,1688216481067,99.5,0,0,0,0,0,0,0,0,0,0,0,0,1974631500871.71,1908994200112.88,96.68,,678824452888.44,642452679997.58,94.64,715111160809.24,543561416914.54,76.01,300000000,0,0,0,0,0,44113914000,31889484245,72.29,725019622,705884450,97.36,1439074547319.68,1218609465607.12,84.68,0,0,0,50172285924,32113990972,64.01,171282926339,106183789143,61.99,101757428065.38,75396864157.27,74.09,12999255952,4213676250,32.41,199850000,0,0,336411746280.38,217908320522.27002,64.77429011668809,3881144488.68,2337401500,60.22,26359163792.5,26359163000,100,237213400200,231066340080,97.41,263572563992.5,257425503080,97.66779181437302,2042940002081.24,1696280690709.3901,83.031351335884,,68308501209.53,8308501209.53,12.16,0,0,0,68308501209.53,8308501209.53,12.163202328278938,,0,221022010613.01974,,2042940002081.24,1917302701322.41,93.85017178033436,2042940002081.24,1696280690709.3901,83.031351335884,,19 Desember
6,Kab. Landak,55572000000,45517844208,81.91,33666220000,30981751783.83,92.03,7716241553,7716241553,100,14555046589,13945323936.14,95.81,111509508142,98161161480.97,88.03,50457490000,20611513395,40.85,756243321000,704572276336,93.17,235362380115,208871548572,88.74,0,0,0,1042063191115,934055338303,89.64,0,0,0,0,0,0,0,0,0,152255638000,94587730880,62.12,152255638000,94587730880,62.12,1194318829115,1028643069183,86.13,62675740457,28042249672,44.74,10512500000,0,0,73188240457,28042249672,38.32,1267507069572,1056685318855,83.37,0,0,0,0,0,0,28500000000,21752746260,76.33,28500000000,21752746260,76.33,1407516577714,1176599226595.97,83.59,,633642000111,475588339254,75.06,386070401409,287281611763.25,74.41,0,0,0,0,0,0,17112002000,10166680000,59.41,168000000,152000000,90.48,1036992403520,773188631017.25,74.56,1253365000,760710000,60.69,26830425251,16056021833,59.84,69152344084,45174316653,65.33,59479984420,32056145612.2,53.89,307408700,306718152,99.78,200000000,193050000,96.53,157223527455,94546962250.2,60.13537781567769,9812357287,6014444828,61.29,5807266000,5807266000,100,235630405500,177362476716,75.27,241437671500,183169742716,75.8662646048589,1445465959762,1056919780811.45,73.11965900500866,,39949382048,39949382048.23,100,2000000000,2000000000,100,37949382048,37949382048.23,100.00000000060606,,0,157628827832.75003,,1447465959762,1216548608644.2,84.04678537961827,1447465959762,1058919780811.45,73.15680024596662,,19 Desember
7,Kab. Melawi,45143791492,31019521915,68.71,27603371147,26679520637.91,96.65,4169350580,4169350580,100,7198924306,9462054702.35,131.44,84115437525,71330447835.26,84.8,79388024000,75031243800,94.51,565410923000,560073255692,99.06,183788192000,131764007475,71.69,0,0,0,828587139000,766868506967,92.55,0,0,0,0,0,0,0,0,0,147349494000,143828272212,97.61,147349494000,143828272212,97.61,975936633000,910696779179,93.32,47612421645,16534408197,34.73,1570000000,0,0,49182421645,16534408197,33.62,1025119054645,927231187376,90.45,0,0,0,0,0,0,0,0,0,0,0,0,1109234492170,998561635211.26,90.02,,458684075007,408139776603.4,88.98,339391235309,289355642635.99,85.26,0,0,0,0,0,0,21898903000,17305644000,79.03,0,0,0,819974213316,714801063239.39,87.17,0,0,0,22670477117,15570686640,68.68,16661618693,15957706563,95.78,31135647269,26953347514,86.57,82680000,82358520,99.61,200000000,199986000,99.99,70750423079,58764085237,83.05828103866453,850000000,60000000,7.06,7127701990,5272455601,73.97,212929546196,209258324408,98.28,220057248186,214530780009,97.48862251865985,1111631884581,988155928485.39,88.89237005448517,,6397392411,6397392410.94,100,4000000000,3000000000,75,2397392411,3397392410.9399996,141.71198654636933,,0,13803099136.809994,,1115631884581,1004959027622.2,90.0798051321054,1115631884581,991155928485.39,88.84256018351792,,19 Desember
8,Kab. Mempawah,113341014706,86332751418,76.17,53504099600,56637217562.49,105.86,6379837294,6379837294,100,11596302553,9794161134.73,84.46,184821254153,159143967409.22,86.11,0,0,0,0,0,0,0,0,0,0,0,0,0,0,0,0,0,0,0,0,0,0,0,0,0,0,0,0,0,0,849394890846,812298127432,95.63,49784814373,34100503415,68.5,891984292,638038000,71.53,50676798665,34738541415,68.55,900071689511,847036668847,94.11,0,0,0,0,0,0,19749598000,13951229077,70.64,19749598000,13951229077,70.64,1104642541664,1020131865333.22,92.35,,515436644329,467995137129.99,90.8,359253388844,269468264760.28,75.01,0,0,0,0,0,0,16722852960,16699087840,99.86,2503800000,1977258300,78.97,893916686133,756139748030.27,84.59,0,0,0,13944697075,10678765348,76.58,41960543154,19978854404,47.61,44174215110,17375649620,39.33,1052131100,590902325,56.16,200000000,0,0,101331586439,48624171697,47.98520718539325,5266829568,2522011754,47.88,13565538431,9724440000,71.68,124170032200,103475651642,83.33,137735570631,113200091642,82.18653404011975,1138250672771,920486023123.27,80.86848047999871,,33608131107,33608131107.05,100,0,0,0,33608131107,33608131107.05,100.00000000014877,,0,133253973316.99995,,1138250672771,1053739996440.27,92.57538973159629,1138250672771,920486023123.27,80.86848047999871,,19 Desember
9,Kab. Sambas,111437914476,71895059527.81,64.52,175176555044,93948512200.84,53.63,3885787658,3885787658,100,35003717406,13665713027.35,39.04,325503974584,183395072414,56.34,36843147000,23658423200,64.21,1093934964000,1048683776122,95.86,398679084000,351596452065,88.19,0,0,0,1529457195000,1423938651387,93.1,0,0,0,0,0,0,0,0,0,190079574000,175023918828,92.08,190079574000,175023918828,92.08,1719536769000,1598962570215,92.99,77140027218,40178638180,52.09,5490000000,0,0,82630027218,40178638180,48.62,1802166796218,1639141208395,90.95,0,0,0,0,0,0,0,0,0,0,0,0,2127670770802,1822536280809,85.66,,697244642046,579330639487.87,83.09,703142268729,466909059006.59,66.4,3375000000,2569714669.27,76.14,0,0,0,131005174249,66081415692,50.44,810200000,176000000,21.72,1535577285024,1115066828855.73,72.62,903200000,671821000,74.38,57776265092,29083682316,50.34,100258251852,68090920416,67.92,190594712055,125120279116,65.65,14443984900,4646103980,32.17,0,0,0,363976413899,227612806828,62.53504296878983,325000000,61757430,19,7273069956,2968709388,40.82,303152863400,217092930620,71.61,310425933356,220061640008,70.89022416037348,2210304632279,1562803033121.73,70.70532316219035,,231233861477,57115338209.33,24.7,148600000000,146600000000,98.65,82633861477,-89484661790.67,-108.29054844009296,,0,170248585896.60004,,2358904632279,1879651619018.33,79.68323913130601,2358904632279,1709403033121.73,72.46596618322084,,19 Desember
10,Kab. Sanggau,109227495420,87743912903,80.33,88652038445,80983710318.89,91.35,15385215084,15385215084,100,22960104186,18948512696.53,82.53,236224853135,203061351002.42,85.96,169969693959,102825638350,60.5,919288545000,745616442412,81.11,295442664570,210567089123,71.27,0,0,0,1384700903529,1059009169885,76.48,7711562000,7711562000,100,0,0,0,0,0,0,162606767000,139674214482,85.9,170318329000,147385776482,86.54,1555019232529,1206394946367,77.58,83620366806,29227445884,34.95,0,0,0,83620366806,29227445884,34.95,1638639599335,1235622392251,75.41,0,0,0,0,0,0,0,0,0,0,0,0,1874864452470,1438683743253.42,76.74,,921493193007.14,608837941001.31,66.07,586185860382.63,417802473992.49,71.27,0,0,0,0,0,0,42465372000,32299747576,76.06,2000000000,2000000000,100,1552144425389.77,1060940162569.8,68.35,0,0,0,90015380487.01,65427883866.8,72.69,82379774762.61,45674834485.29,55.44,52303712022.03,36186400906,69.19,9975708300,5753194090,57.67,678025479.76,395604000,58.35,235352601051.41,153437917348.09,65.19491038663868,5627871460.82,1474563564,26.2,11355859500,2612204369.63,23,243670839840,211635638702,86.85,255026699340,214247843071.63,84.00996586870934,2048151597242,1430100486553.52,69.82395680472406,,183287144772,0,0,10000000000,0,0,173287144772,0,0,,0,8583256699.899902,,2058151597242,1438683743253.42,69.90173829669834,2058151597242,1430100486553.52,69.48470114980393,,19 Desember
11,Kab. Sekadau,67764418086,36295387154,53.56,26194109030,22555768834.17,86.11,7961644202,7961644202,100,7243144437,4709860146.11,65.03,109163315755,71522660336.28,65.52,41694873000,37112435800,89.01,537530851882,499028946192,92.84,164205906111.84,147812340494,90.02,0,0,0,743431630993.84,683953722486,92,7360289000,7360289000,100,0,0,0,0,0,0,88816554000,67041499728,75.48,96176843000,74401788728,77.36,839608473993.84,758355511214,90.32,50414276835,42866116921,85.03,0,0,0,50414276835,42866116921,85.03,890022750828.84,801221628135,90.02,0,0,0,0,0,0,10093363353,9892910405,98.01,10093363353,9892910405,98.01,1009279429936.84,882637198876.28,87.45,,451891722071.33,384934760966,85.18,244933276560.36,173175454907.36,70.7,0,0,0,0,0,0,31736434666.52,16332079281,51.46,0,0,0,728561433298.21,574442295154.36,78.85,0,0,0,27930009111.03,21791463641,78.02,45781123850.65,24210825636,52.88,56680448549,41271334740,72.81,5268804750,1314340920,24.95,30000000,11500000,38.33,135690386260.68,88599464937,65.2953148550909,800000000,0,0,7195852711.6,0,0,145159166500,112103885977,77.23,152355019211.6,112103885977,73.5806976081984,1017406838770.4899,775145646068.36,76.18836600362384,,5840569499.65,5840569499.65,100,0,0,0,5840569499.65,5840569499.65,100,,-2286839333.9999027,113332122307.57004,,1015119999436.49,888477768375.93,87.52440784036753,1017406838770.4899,775145646068.36,76.18836600362384,,19 Desember
12,Kab. Sintang,91132000000,82813996158.8,90.87,18586300074,52714797912,283.62,14385059981,14385059981,100,105744689926,33272383441.39,31.46,229848049981,183186237493.19,79.7,168821298000,183875325500,108.92,959057942956,949286069189,98.98,324509965250.24,109551717121,33.76,0,0,0,1452389206206.24,1242713111810,85.56,0,0,0,0,0,0,0,0,0,331878451000,172890661612,52.09,331878451000,172890661612,52.09,1784267657206.24,1415603773422,79.34,41496982908,44301774987,106.76,14040000000,12593251500,89.7,55536982908,56895026487,102.45,1839804640114.24,1472498799909,80.04,0,0,0,0,0,0,0,0,0,0,0,0,2069652690095.24,1655685037402.19,80,,896403123528.54,700206310671,78.11,589021241099.74,462324516937.62,78.49,0,0,0,0,0,0,40855822092,27044460203,66.19,146500000,0,0,1526426686720.28,1189575287811.62,77.93,762037980,654165770,85.84,46198686867.46,26420936157,57.19,77209542171,67780474613,87.79,137422610471.35,117083763343,85.2,12787945533,10603520918,82.92,1491433258,1195522800,80.16,275872256280.81,223738383601,81.10216903190765,6094781712,2445925,0.04,9695459000,8924376441,92.05,457124006548,298055684620,65.2,466819465548,306980061061,65.75991014013002,2275213190261.09,1720296178398.62,75.61032899080587,,213435500165.85,213435500165.85,100,7875000000,7000000000,88.89,205560500165.85,206435500165.85,100.4256654363528,,0,141824359169.41983,,2283088190261.09,1869120537568.04,81.86808313148389,2283088190261.09,1727296178398.62,75.65613040121283,,19 Desember
13,Kota Pontianak,532954567281,505565275513,94.86,151136899331,111300244712.85,73.64,34809724304,33257303964,95.54,40082122722,40861881495.45,101.95,758983313638,690984705685.3,91.04,65773982000,7182031000,10.92,887838614000,892399209784,100.51,239646427178,222919679910,93.02,0,0,0,1193259023178,1122500920694,94.07,7638759000,7638759000,100,0,0,0,0,0,0,0,0,0,7638759000,7638759000,100,1200897782178,1130139679694,94.11,199268454948,168724329015,84.67,20000000,0,0,199288454948,168724329015,84.66,1400186237126,1298864008709,92.76,0,0,0,0,0,0,50000000,145784358.58,291.57,50000000,145784358.58,291.57,2159219550764,1989994498752.88,92.16,,815961379352.56,737948818567,90.44,710006915535.39,547385068061.09,77.1,0,0,0,898887059,364617500,40.56,54112360000,51680742481,95.51,9316900000,8315534869,89.25,1590296441946.95,1345694781478.09,84.62,21750000000,4273772950,19.65,76376383234.16,53033346633,69.44,106069416575.99,50292163178.42,47.41,392818516813.9,177471471416,45.18,7251039500,2861865300,39.47,2182125000,223920000,10.26,606447481124.05,288156539477.42,47.5154977877593,7419428480,6610496246,89.1,0,0,0,150000000,0,0,150000000,0,0,2204313351551,1640461817201.51,74.4205362657377,,60593800787,60543800787.43,99.92,15500000000,0,0,45093800787,60543800787.43,134.26191567530066,,0,410076482338.79987,,2219813351551,2050538299540.3098,92.37435652450615,2219813351551,1640461817201.51,73.9008897327024,,19 Desember
14,Kota Singkawang,133749817538,117723357148,88.02,26447300000,22210318721,83.98,13541152248,13541152248,100,138026539633,113789969134.75,82.44,311764809419,267264797251.75,85.73,23840750000,9095679195,38.15,518085054000,508367217248,98.12,132093292929.84,123420147942,93.43,0,0,0,674019096929.84,640883044385,95.08,7429123000,11143684500,150,0,0,0,0,0,0,0,0,0,7429123000,11143684500,150,681448219929.84,652026728885,95.68,64772250575,45291738367,69.92,17500000,0,0,64789750575,45291738367,69.91,746237970504.84,697318467252,93.44,0,0,0,0,0,0,2739877919,2739351216,99.98,2739877919,2739351216,99.98,1060742657842.84,967322615719.75,91.19,,432399616010.67,406680839975,94.05,397597717461.23,336456818335.31,84.62,0,0,0,0,0,0,29412509956,22619937750.5,76.91,633880000,385690000,60.85,860043723427.9,766143286060.81,89.08,69645370,0,0,38838262378.2,31864313466,82.04,47174895523.29,26630783867.38,56.45,103097666319,44545536843.84,43.21,24534582890,23465019944,95.64,51740661,3876120,7.49,213766793141.49,126509530241.22,59.18109561454883,1095000000,45663400,4.17,0,0,0,105000000,0,0,105000000,0,0,1075010516569.39,892698479702.03,83.04090666487987,,52545847094.55,49545847094.55,94.29,38277988368,32963156004,86.12,14267858726.550003,16582691090.550003,116.22410488052071,,-4.57763671875e-05,91206827108.26997,,1113288504937.39,1016868462814.3,91.3391684459625,1113288504937.3901,925661635706.03,83.14660859253982,,19 Desember
XIX,Prov. Kalimantan Tengah,2123085741015,2190799357467.62,103.19,9516712000,11071782716,116.34,33951515100,34534448720.14,101.72,551041509600,271661788383.85,49.3,2717595477715,2508067377287.61,92.29,0,0,0,0,0,0,0,0,0,0,0,0,0,0,0,0,0,0,0,0,0,0,0,0,0,0,0,0,0,0,4173078888000,3920237834860,93.94,0,0,0,0,0,0,0,0,0,4173078888000,3920237834860,93.94,1273716000,8012580284,629.07,0,0,0,1092752414000,413061976212.5,37.8,1094026130000,421074556496.5,38.49,7984700495715,6849379768644.11,85.78,,1711272229073.19,1334371278315,77.98,2154296607009.62,1229935415806.94,57.09,1100000000,789166633,71.74,108621686315.65,76849844606,70.75,786797659881.5,401042645113.58,50.97,14652000000,0,0,4776740182279.96,3042988350474.52,63.7,776582000,300481650,38.69,1277948416624.97,862193741174,67.47,371555578133.05,169426195439.77,45.6,678468924049.22,517145422625.2,76.22,12053458115,9544235300,79.18,6215404072,857400000,13.79,2347018362994.24,1559467476188.97,66.44462185627974,42000000000,2544137556,6.06,1163051533684.36,868722890785,74.69,21500000000,6978000000,32.46,1184551533684.36,875700890785,73.92678713278696,8350310078958.561,5480700855004.49,65.63469863011406,,378609583243.56,366676680706.62,96.85,13000000000,11000000000,84.62,365609583243.56,355676680706.62,97.28319415240192,,-0.00054931640625,1724355594346.2402,,8363310078958.56,7216056449350.73,86.28230187836476,8363310078958.561,5491700855004.49,65.66420236912157,,05 Desember
1,Kab. Barito Selatan,46198637522,33491912387.55,72.5,9225095685,5074697450,55.01,4521318992,3721318992,82.31,60271463823.23,56228405127.64,93.29,120216516022.23,98516333957.19,81.95,497539368740,614999223100,123.61,515686582000,447452526252,86.77,146280903000,112656421616,77.01,0,0,0,1159506853740,1175108170968,101.35,0,0,0,0,0,0,0,0,0,69178143000,49674165200,71.81,69178143000,49674165200,71.81,1228684996740,1224782336168,99.68,57899467202,24910359687,43.02,0,435600000,0,57899467202,25345959687,43.78,1286584463942,1250128295855,97.17,12577505043,0,0,0,0,0,229218680168,78228914688,34.13,241796185211,78228914688,32.35,1648597165175.23,1426873544500.19,86.55,,549588376375.41,458747278704.06,83.47,468486267861.09,341700856717.24,72.94,0,0,0,2525000000,2525000000,100,42232076000,29920158041,70.85,12252000000,11816130000,96.44,1075083720236.5,844709423462.3,78.57,0,0,0,54753632158.5,33551938916,61.28,176967028701,85048047787,48.06,290285910955,212001065115,73.03,221329000,0,0,3089195000,2516592000,81.46,525317095814.5,333117643818,63.412679022277715,10377625000,5891491080,56.77,8786065769,0,0,177188143000,154262498760,87.06,185974208769,154262498760,82.94832911568434,1796752649820,1337981057120.3,74.46662495554632,,164192653173.77,164192653173.77,100,16037168529,0,0,148155484644.77,164192653173.77,110.82455271058784,,0,253085140553.65988,,1812789818349,1591066197673.96,87.76892839805471,1812789818349,1337981057120.3,73.8078426730611,,19 Desember
2,Kab. Barito Timur,27325068813,21140963087.49,77.37,4923661000,2343351375,47.59,4333141058,4046864555.77,93.39,42574562783,31964421098.83,75.08,79156433654,59495600117.09,75.16,0,0,0,0,0,0,0,0,0,0,0,0,0,0,0,0,0,0,0,0,0,0,0,0,0,0,0,0,0,0,1131030619000,1082498336391,95.71,0,0,0,0,0,0,46558819182,38410754531,82.5,1177589438182,1120909090922,95.19,5851503458,0,0,0,0,0,44194967862,429110950,0.97,50046471320,429110950,0.86,1306792343156,1180833801989.09,90.36,,522738771109.47,407319131668,77.92,376528780527.81,223299843008,59.3,0,0,0,600000000,600000000,100,57575334858,37368867016.9,64.9,1673000000,1079350000,64.52,959115886495.28,669667191692.9,69.82,3000000000,0,0,55331157909.19,36112935777,65.27,104348140868.4,50826185444.33,48.71,118837221083.13,58133611530.22,48.92,5084815250,0,0,170000000,119700000,70.41,286771335110.72,145192432751.55,50.63003688827282,3940533650,415000000,10.53,3224872981,1500000000,46.51,170655473460,142907010220,83.74,173880346441,144407010220,83.0496448711639,1423708101697,959681634664.45,67.40719066784476,,116915758541,0,0,0,0,0,116915758541,0,0,,0,221152167324.64014,,1423708101697,1180833801989.09,82.94072363440132,1423708101697,959681634664.45,67.40719066784476,,12 Desember
3,Kab. Barito Utara,45027417572,51786744845,115.01,15259983332,15061758995,98.7,4500000000,3734972033.31,83,85961337846,107257199803.89,124.77,150748738750,177840675677.2,117.97,0,0,0,0,0,0,0,0,0,0,0,0,0,0,0,0,0,0,0,0,0,0,0,0,0,0,0,0,0,0,3284304319000,3143320230156,95.71,0,0,0,0,0,0,11024289652,112545835012,1020.89,3295328608652,3255866065168,98.8,0,136528953,0,0,0,0,0,140048897,0,0,276577850,0,3446077347402,3433983318695.2,99.65,,750451524505.5,571642101746.67,76.17,948416235687.5,517390459179.01,54.55,0,0,0,500000000,3500000,0.7,208042217767,163453966733,78.57,7001948000,5209864800,74.41,1914411925960,1257699892458.68,65.7,10410904740,823591435,7.91,358615709240.5,145246716353,40.5,338706433252.5,151742194421,44.8,502602085352,187147489960,37.24,23197100000,6208190800,26.76,1525000000,1151967945,75.54,1235057232585,492320150914,39.8621325332077,56567282895,3484821925,6.16,6440563355,1735069823,26.94,350746694000,280847545300,80.07,357187257355,282582615123,79.11329682238575,3563223698795,2036087480420.68,57.14172481254089,,1294606452983.78,0,0,0,0,0,1294606452983.78,0,0,,1177460101590.78,1397895838274.5203,,4740683800385.78,3433983318695.2,72.4364556525739,3563223698795,2036087480420.68,57.14172481254089,,19 Desember
4,Kab. Gunung Mas,82243105600,41818469213.68,50.85,19165080000,21907906357,114.31,3136738980,3409850449.31,108.71,7155071795,7773598031.88,108.64,111699996375,74909824051.87,67.06,320228610000,314358251800,98.17,525714342000,499600184382,95.03,11518994000,8982460600,77.98,140700340000,83677534255,59.47,998162286000,906618431037,90.83,7360767000,7360767000,100,0,0,0,0,0,0,92670845000,77124145748,83.22,100031612000,84484912748,84.46,1098193898000,991103343785,90.25,51797714197,37944213399,73.25,658800000,658800000,100,52456514197,38603013399,73.59,1150650412197,1029706357184,89.49,0,0,0,0,0,0,73794267321,39058147792,52.93,73794267321,39058147792,52.93,1336144675893,1143674329027.87,85.6,,575414550007.5,492366269475,85.57,348180203622.97,295542251215.34,84.88,0,0,0,683261000,673962177,98.64,16960351091,14238773091,83.95,205000000,203000000,99.02,941443365721.47,803024255958.34,85.3,989586000,0,0,43441374295.48,38963001419,89.69,37383151748.3,25088329389,67.11,159089763642.38,101298691560,63.67,3370794000,746590572,22.15,2460238560,1734316743,70.49,246734908246.16,167830929683,68.02074780418185,7850000000,1580634609,20.14,8655818560,6406350217,74.01,180685140200,159331767966,88.18,189340958760,165738118183,87.53421302417831,1385369232727.63,1138173938433.3398,82.15672122242881,,49224556834.63,49200130834.63,99.95,0,0,0,49224556834.63,49200130834.63,99.95037842578846,,0.00011444091796875,54700521429.16027,,1385369232727.63,1192874459862.5,86.10516472304425,1385369232727.63,1138173938433.3398,82.15672122242881,,19 Desember
5,Kab. Kapuas,84319945500,80448870667,95.41,5672650000,5779835219,101.89,3000000000,3016930205.77,100.56,82001378430,143698928803.62,175.24,174993973930,232944564895.39,133.12,1429120858097,1413676336097,98.92,820255410000,809707462638,98.71,22152913000,19928024307,89.96,271249245000,187240348100,69.03,2542778426097,2430552171142,95.59,0,0,0,0,0,0,0,0,0,190243667000,152370384700,80.09,190243667000,152370384700,80.09,2733022093097,2582922555842,94.51,94897515500,101664512680,107.13,1122000000,1122000000,100,96019515500,102786512680,107.05,2829041608597,2685709068522,94.93,0,0,0,0,0,0,0,89038765,0,0,89038765,0,3004035582527,2918742672182.39,97.16,,1090909950770,843474924334.92,77.32,747096362303.17,525176675763.41,70.3,5000000000,1820418821,36.41,0,0,0,235456185258.67,146073736726,62.04,253442921,104750000,41.33,2078715941252.84,1516650505645.33,72.96,24100000000,51000000,0.21,179621149194.28,147803299880,82.29,351500405875.59,204435315874.62,58.16,1138898530857,516306892101,45.33,230737000,0,0,1836780000,582154700,31.69,1696187602926.87,869178662555.62,51.243073646794834,60865888526.03,12354589229,20.3,9900000000,9070797366,91.62,417301293900,323650936444,77.56,427201293900,332721733810,77.88406509084311,4262970726605.7397,2730905491239.95,64.0610894697452,,1274776045278.74,1274776045278.74,100,15835500000,15751548344,99.47,1258940545278.74,1259024496934.74,100.00666843691029,,5401200.000244141,1446861677877.18,,4278811627805.74,4193518717461.13,98.00662151634961,4278806226605.7397,2746657039583.95,64.19213430384293,,19 Desember
6,Kab. Katingan,85958514224,18332221411.8,0,7798500000,7005704603,0,3500000000,3428321792.77,97.95,24219509800,23424163568.15,96.72,121476524024,52190411375.72,42.96,0,0,0,0,0,0,0,0,0,0,0,0,0,0,0,0,0,0,0,0,0,0,0,0,0,0,0,0,0,0,1238046993000,968251578838,78.21,0,0,0,0,0,0,43566600000,39602554688,90.9,1281613593000,1007854133526,78.64,50000000,482852580,965.71,0,0,0,8000000000,9609639694.23,120.12,8050000000,10092492274.23,125.37,1411140117024,1070137037175.95,75.83,,575370249941.69,361666283199.22,62.86,337030189235.49,218469708107.48,64.82,0,0,0,1850000000,1093601700,59.11,50364828014.52,28717213579.8,57.02,3890247520,1767729458,45.44,968505514711.7,611714536044.5,63.16,742500000,683500000,92.05,73484026142.15,54647745700,74.37,119805957199.85,80369183648.99,67.08,72029963412.19,55450392904.25,76.98,455172900,190402100,41.83,94400000,94300000,99.89,266612019654.19,191435524353.24,71.80303596272294,800000000,291942800,36.49,7500000000,6721278634.6,89.62,233706932800,204124269331,87.34,241206932800,210845547965.6,87.41272297526599,1477124467165.89,1014287551163.34,68.66635640457707,,54678265555.97,0,0,0,0,0,54678265555.97,0,0,,-11306084585.919891,55849486012.609985,,1465818382579.97,1070137037175.95,73.00611384695654,1477124467165.89,1014287551163.34,68.66635640457707,,05 Desember
7,Kab. Kotawaringin Barat,259500000000,161946474919,62.41,166517350000,159212010476.64,95.61,5370743000,4778133785.31,88.97,18279700925,19010857198.57,104,449667793925,344947476379.52,76.71,220279288000,229069592400,103.99,669839430000,652853137487,97.46,155346478294,139345803105,89.7,0,0,0,1045465196294,1021268532992,97.69,7346458000,7346458000,100,0,0,0,0,0,0,74606263000,65254492364,87.47,81952721000,72600950364,88.59,1127417917294,1093869483356,97.02,67228534000,76230434372,113.39,974800000,46800000,4.8,68203334000,76277234372,111.84,1195621251294,1170146717728,97.87,0,0,0,0,0,0,8741267781,8741267781,100,8741267781,8741267781,100,1654030313000,1523835461888.52,92.13,,715001731068.23,627047391735.06,87.7,431067040658.48,341050830309.65,79.12,0,0,0,0,0,0,66566127371,47033374402,70.66,1959000000,1957648200,99.93,1214593899097.71,1017089244646.71,83.74,1000000,0,0,42131352190.87,33233987014.68,78.88,77694734299.66,50829599511,65.42,183766477865.76,128167169592.01,69.74,2041271196,464771750,22.77,1755949950,741197100,42.21,307390785502.29004,213436724967.69,69.43497822126484,4021000000,709303000,17.64,28825991000,9305096800,32.28,163402880400,138056651064,84.49,192228871400,147361747864,76.65952923240229,1718234556000,1378597020478.4,80.23334274499365,,70599454941.97,70599454941.97,100,0,0,0,70599454941.97,70599454941.97,100,,6395211941.970001,215837896352.09012,,1724629767941.97,1594434916830.49,92.4508521462642,1718234556000,1378597020478.4,80.23334274499365,,12 Desember
8,Kab. Kotawaringin Timur,308637728000,167245781812,54.19,17215519367,16540583532,96.08,5076789000,4907228152.62,96.66,157869963633,142895393945.14,90.51,488800000000,331588987441.76,67.84,284498605000,288841439800,101.53,860331502000,852899268918,99.14,269232265000,227504252584,84.5,0,0,0,1414062372000,1369244961302,96.83,13673191000,13673191000,100,0,0,0,0,0,0,150151398000,139540564088,92.93,163824589000,153213755088,93.52,1577886961000,1522458716390,96.49,152779406000,107023752248,70.05,1799400000,951600000,52.88,154578806000,107975352248,69.85,1732465767000,1630434068638,94.11,0,2287188747.89,0,0,0,0,0,0,0,0,2287188747.89,0,2221265767000,1964310244827.65,88.43,,887321272961,704608745276,79.41,728520691883,528002039298.9,72.48,0,0,0,2357000000,2357000000,100,84217830400,41765245040,49.59,780966400,556638700,71.28,1703197761644,1277289668314.9,74.99,3828300000,3228639654,84.34,95153044871,56668127837,59.55,128197595905,66111555029.55,51.57,121946622553,64680688170,53.04,6004577500,1374049060,22.88,99000000,0,0,355229140829,192063059750.55,54.067371641395034,5000000000,0,0,38019428239,8602313459,22.63,283848262988,255996134200,90.19,321867691227,264598447659,82.20720963024202,2385294593700,1733951175724.45,72.69337633616128,,247730651371.78,247730651371.78,100,10000000000,5000000000,50,237730651371.78,242730651371.78,102.10322058646979,,73701824671.78,473089720474.98,,2468996418371.78,2212040896199.4297,89.5927138548948,2395294593700,1738951175724.45,72.59863485260493,,19 Desember
9,Kab. Lamandau,56522624364,43106416356.2,76.26,34106071641,35332354745,103.6,5351406528,4317023063.8,80.67,4118205334,6358573410.22,154.4,100098307867,89114367575.22,89.03,0,0,0,0,0,0,0,0,0,0,0,0,0,0,0,0,0,0,0,0,0,0,0,0,0,0,0,0,0,0,791206283745,735995627082,93.02,0,0,0,0,0,0,48615334380,33487763915,68.88,839821618125,769483390997,91.62,0,0,0,0,0,0,199336700,519338076,260.53,199336700,519338076,260.53,940119262692,859117096648.22,91.38,,423263933975,347028755973,81.99,274900718517,220058349939.18,80.05,0,0,0,0,0,0,62006209046,47739999959.29,76.99,2210078555,1342365769,60.74,762380940093,616169471640.47,80.82,900000000,0,0,47761019912,36631722627.19,76.7,40083242776,20503883989.99,51.15,78381203478,57934554912.37,73.91,1215881700,366899780,30.18,333900000,332334000,99.53,168675247866,115769395309.55002,68.63448951414628,6190494260,4199450,0.07,9661455634,8705310931,90.1,129449399700,122887505395,94.93,139110855334,131592816326,94.59564892333566,1076357537553,863535882726.02,80.22760584639835,,136238274861,136238274861.08,100,0,0,0,136238274861,136238274861.08,100.00000000005873,,0,131819488783.27995,,1076357537553,995355371509.2999,92.47441828410928,1076357537553,863535882726.02,80.22760584639835,,19 Desember
10,Kab. Murung Raya,36067224373,42503042512.5,117.84,38950000000,25115788420,64.48,39639604,3335320551.31,8414.11,21135527822,54459467388.53,257.67,96192391799,125413618872.34,130.38,1684292439000,1639598229564,97.35,600870773000,482596679383,80.32,7676753000,5055663385,65.86,132670454000,103181966946,77.77,2425510419000,2230432539278,91.96,0,0,0,0,0,0,0,0,0,101466766000,84375263032,83.16,101466766000,84375263032,83.16,2526977185000,2314807802310,91.6,21206180061,81775543908,385.62,1120600000,433200000,38.66,22326780061,82208743908,368.21,2549303965061,2397016546218,94.03,0,0,0,0,0,0,7500000000,3547406486,47.3,7500000000,3547406486,47.3,2652996356860,2525977571576.34,95.21,,698496756113.51,599849384246.4,85.88,764094088032.16,545246377456.56,71.36,0,0,0,8992666000,8742666000,97.22,238757617054,164103071189,68.73,53077650000,6165400000,11.62,1763418777199.67,1324106898891.96,75.09,13866170000,9162659615,66.08,145927311471.33,89858903627,61.58,297593276091,162923321798.25,54.75,241953023397,100432248117,41.51,2054298025,302766700,14.74,3128000000,1617839850,51.72,704522078984.33,364297739707.25,51.708491553939325,27296339736,570000000,2.09,4002000000,2912257000,72.77,312637258700,281589384621,90.07,316639258700,284501641621,89.85040035435125,2811876454620,1973476280220.21,70.18360557689964,,504120281289,0,0,12962500000,0,0,491157781289,0,0,,332277683529,552501291356.1299,,3157116638149,2525977571576.34,80.00900381866495,2824838954620,1973476280220.21,69.86155005376877,,19 Desember
11,Kab. Pulang Pisau,47000000000,29933560780,63.69,5000000000,2759204886,55.18,10000000000,2142579952.77,21.43,42194527786.89,8780647281.45,20.81,104194527786.89,43615992900.22,41.86,248686522000,217148046456,87.32,506076783000,495516135687,97.91,129604499000,16900468700,13.04,0,0,0,884367804000,729564650843,82.5,13820862000,13808580000,99.91,0,0,0,0,0,0,82225363000,70169589794,85.34,96046225000,83978169794,87.44,980414029000,813542820637,82.98,60000000000,34879582030,58.13,375600000,375600000,100,60375600000,35255182030,58.39,1040789629000,848798002667,81.55,0,0,0,0,0,0,7600000000,20800450700,273.69,7600000000,20800450700,273.69,1152584156786.89,913214446267.22,79.23,,413373948767.28,314314529012,76.04,335653313810.11,263403905554.93,78.47,1000000000,0,0,2000000000,2000000000,100,23458248325,16000802325,68.21,1524800000,19880000,1.3,777010310902.39,595739116891.93,76.67,0,0,0,35943680767,25084886210.15,69.79,74073413378,50883541602.63,68.69,121065048050.5,83722697028,69.16,39299000,0,0,100000000,0,0,231221441195.5,159691124840.78,69.06415080501102,2000000000,0,0,201000000,0,0,158764083900,136402300790,85.92,158965083900,136402300790,85.80645349503698,1169196835997.8901,891832542522.7101,76.27736537291821,,17612679211,0,0,1000000000,0,0,16612679211,0,0,,-0.000244140625,21381903744.509888,,1170196835997.89,913214446267.22,78.03938774868357,1170196835997.8901,891832542522.7101,76.21218200972115,,12 Desember
12,Kab. Seruyan,82551027575,36296285870,43.97,51240992480,24808154627,48.41,3394885691,3430215001.31,101.04,16095283277,10467753377.24,65.04,153282189023,75002408875.55,48.93,0,0,0,0,0,0,0,0,0,0,0,0,0,0,0,0,0,0,0,0,0,0,0,0,0,0,0,0,0,0,1040716085000,962555272508,92.49,0,0,0,0,0,0,55115767285,41143877824,74.65,1095831852285,1003699150332,91.59,0,0,0,0,0,0,0,0,0,0,0,0,1249114041308,1078701559207.55,86.36,,467755523222.54,368430493361.97,78.77,383146300743.69,219517547101.81,57.29,0,0,0,3000000000,650302297,21.68,60710397730,31436939122,51.78,2214800000,1168800000,52.77,916827021696.23,621204081882.78,67.76,0,0,0,63646941336.25,28177449126,44.27,51758095885.51,25850056126.91,49.94,101201548476.74,49836469039.42,49.24,2443033525,72300000,2.96,516250000,256725249,49.73,219565869223.5,104192999541.33,47.45409653595573,3593839902,260733492,7.26,8608980284,0,0,176829606072.05,131143295563,74.16,185438586356.05,131143295563,70.7206079058429,1325425317177.78,856801110479.11,64.64348457621824,,76311275869.78,81289443117.95,106.52,0,0,0,76311275869.78,81289443117.95,106.5235015290072,,0,303189891846.3901,,1325425317177.78,1159991002325.5,87.51839785250682,1325425317177.78,856801110479.11,64.64348457621824,,19 Desember
13,Kab. Sukamara,21479522874,19108906889,88.96,23059014195.2,15281530984.98,66.27,3275782191,3311111501.31,101.08,4084033782.2,5054661980.63,123.77,51898353042.4,42756211355.92,82.38,0,0,0,0,0,0,0,0,0,0,0,0,0,0,0,0,0,0,0,0,0,0,0,0,0,0,0,0,0,0,644520725409.8,628691841139,97.54,0,0,0,0,0,0,35954376479,27559274738,76.65,680475101888.8,656251115877,96.44,0,0,0,0,0,0,1231531973,1231531873,100,1231531973,1231531873,100,733604986904.2,700238859105.92,95.45,,297074538958.72,271037994539,91.24,223798344304.9,168305092925.41,75.2,0,0,0,2950000000,2503411101,84.86,43750150925,33757130365.2,77.16,2610905000,2501454166,95.81,570183939188.62,478105083096.61,83.85,100000000,5805480,5.81,22560199840,10279097425,45.56,48664879910.82,21125541649.6,43.41,58473390133.87,34581308204.26,59.14,1499013730,360515200,24.05,1248000000,944746440,75.7,132545483614.69,67297014398.86,50.77277064716333,1681525453.98,40063000,2.38,2994000000,2994000000,100,81740354000,78863589888,96.48,84734354000,81857589888,96.60496129822386,789145302257.29,627299750383.47,79.4910327146505,,68178466893.09,68178466893.09,100,12638151540,6750000000,53.41,55540315353.09,61428466893.09,110.60158103634608,,-9.1552734375e-05,134367575615.54007,,801783453797.2899,768417325999.01,95.83851130373718,801783453797.29,634049750383.47,79.07992455825521,,19 Desember
14,Kota Palangkaraya,264592382975,250368595412.05,94.62,13390164000,12005020106,89.66,2049777516,2360185143.31,115.14,59437143771,27299166276.09,45.93,339469468262,292032966937.45,86.03,0,0,0,0,0,0,0,0,0,0,0,0,0,0,0,0,0,0,0,0,0,0,0,0,0,0,0,0,0,0,1052675996042,914264531956,86.85,0,0,0,0,0,0,72436893429,73616854879,101.63,1125112889471,987881386835,87.8,0,0,0,0,0,0,226884760,111328816,49.07,226884760,111328816,49.07,1464809242493,1280025682588.45,87.39,,602462554922,496647185597,82.44,514183912454,412576553187.45,80.24,800000000,633809705.88,79.23,0,0,0,31154131547,23582641547,75.7,4718486000,4698486000,99.58,1153319084923,938138676037.33,81.34,4157118748,4156739700,99.99,62948722657,46812297865,74.37,129066518331,91344467524.31,70.77,156872597902,127253413891,81.12,54500000,53450000,98.07,505731580,368415680,72.85,353605189218,269988784660.31,76.35317379176246,5030591986,1251522024,24.88,0,0,0,0,0,0,0,0,0,1511954866127,1209378982721.64,79.98777012567618,,53030623634,53030623634.56,100,5885000000,5883423066.66,99.97,47145623634,47147200567.899994,100.00334481501876,,0,117793900434.71005,,1517839866127,1333056306223.01,87.82588571905853,1517839866127,1215262405788.2998,80.06525806238226,,19 Desember
XX,Prov. Kalimantan Selatan,3711664179990,4117347008895,110.93,691761310856,656493599609,94.9,67655550071,71511703723,105.7,117085914584,183776362243.74,156.96,4588166955501,5029128674470.74,109.61,3745575153000,3678712251354,98.21,1214415621000,1178789214602,97.07,595717764868,535609609107,89.91,0,0,0,5555708538868,5393111075063,97.07,6489293000,6489293000,100,0,0,0,0,0,0,0,0,0,6489293000,6489293000,100,5562197831868,5399600368063,97.08,0,0,0,200000000000,200000000000,100,200000000000,200000000000,100,5762197831868,5599600368063,97.18,6650000000,7199164107,108.26,0,0,0,164037615235,164530078543,100.3,170687615235,171729242650,100.61,10521052402604,10800458285183.7,102.66,,3589830391381,2012499972826.06,56.06,3425846394454,2557096105328.7,74.64,0,0,0,0,0,0,319700915000,221045249154.87,69.14,25687500000,24328917213,94.71,7361065200835,4814970244522.63,65.41,27040986725,649416420,2.4,515235287349,363435243787,70.54,557949732423,304017920409.56,54.49,2472543992732,1705609061213,68.98,33477738026,16464884194,49.18,427500000,415281400,97.14,3606675237255,2390591807423.56,66.28242495276653,250000000000,0,0,2150797858088,2150797858088,100,37300600000,37300600000,100,2188098458088,2188098458088,100,13405838896178,9393660510034.19,70.07141129162994,,2982786493574,2982786493574.14,100,98000000000,98000000000,100,2884786493574,2884786493574.14,100.00000000000486,,0,4291584268723.65,,13503838896178,13783244778757.84,102.06908483378695,13503838896178,9491660510034.19,70.28860891342994,,19 Desember
1,Kab. Balangan,35854885590,34329786577,95.75,1948500500,1645002439,84.42,48293614236,48293614236,100,60245376192,84416382859.46,140.12,146342376518,168684786111.46,115.27,2167274274000,2167595673507,100.01,376853719000,365909920945,97.1,1618201000,1611713142,99.6,95117988000,61753474908,64.92,2640864182000,2596870782502,98.33,22269663000,22296663000,100.12,0,0,0,0,0,0,110528915000,87465286500,79.13,132798578000,109761949500,82.65,2773662760000,2706632732002,97.58,77795357640,65662998328,84.4,0,0,0,77795357640,65662998328,84.4,2851458117640,2772295730330,97.22,0,0,0,0,0,0,0,0,0,357956168280,373628183839,104.38,3355756662438,3314608700280.46,98.77,,740174341197.87,569453832642,76.94,1538146717718,1055058078796.36,68.59,0,0,0,0,0,0,141459604025,86577946786,61.2,9948405000,8188505000,82.31,2429729067940.87,1719278363224.36,70.76,142719850026,30599934945,21.44,168576680206,125479882105,74.43,328765378612.5,198709915664,60.44,508814724303.63,330920473071,65.04,4274298136,284478100,6.66,1296460000,894141203,68.97,1154447391284.13,686888825088,59.49936136318442,9478109524.85,1323154199,13.96,4112895297,4005293297,97.38,395897635392,360897378500,91.16,400010530689,364902671797,91.22326633963154,3993665099438.85,2772393014308.3604,69.41976718823793,,637908437000.85,637908437000.85,100,0,0,0,637908437000.85,637908437000.85,100,,0,1180124122972.9497,,3993665099438.85,3952517137281.31,98.96966918524737,3993665099438.85,2772393014308.3604,69.41976718823793,,19 Desember
2,Kab. Banjar,161734000000,176935882562.74,109.4,133745147512,8393739808,6.28,13754419548,14739450551,107.16,22475104899,130984107015.93,582.8,331708671959,331053179937.67,99.8,0,0,0,0,0,0,0,0,0,0,0,0,0,0,0,0,0,0,0,0,0,0,0,0,0,0,0,0,0,0,2123919633000,2278782775861,107.29,0,0,0,0,0,0,77331158916,238470963856,308.38,2201250791916,2517253739717,114.36,0,0,0,0,0,0,30437298850,19225579743,63.16,30437298850,19225579743,63.16,2563396762725,2867532499397.67,111.86,,1119349498079,973614473804,86.98,901930527387,629615352254.71,69.81,0,0,0,0,0,0,101591307340,67670098005,66.61,6922315000,6383532550,92.22,2129793647806,1677283456613.71,78.75,19156440000,2519900000,13.15,136553454078,89003328290,65.18,168160432482,108772287727.8,64.68,314318328557,221002766989.13,70.31,5446073100,259650511,4.77,2371690000,1871273615,78.9,646006418217,423429207132.93,65.5456656764509,10000000000,3014426488,30.14,12486963799,4049428015,32.43,411177147792,393385780798,95.67,423664111591,397435208813,93.80903360459263,3209464177614,2501162299047.6396,77.93083706910446,,649472765324,649472765324.64,100,3405350435,0,0,646067414889,649472765324.64,100.52708902463763,,0,1015842965674.6703,,3212869528049,3517005264722.31,109.46617140902062,3212869528049,2501162299047.6396,77.84823744668084,,12 Desember
3,Kab. Barito Kuala,60867343500,52376623852,86.05,7154406680,3748969457,52.4,9880814259,9880814259,100,63208301569,44397290987.29,70.24,141110866008,110403698555.29,78.24,0,0,0,0,0,0,0,0,0,0,0,0,0,0,0,0,0,0,0,0,0,0,0,0,0,0,0,0,0,0,1476466855500,1325495794976,89.77,0,0,0,0,0,0,101045000000,115966023531,114.77,1577511855500,1441461818507,91.38,0,0,0,0,0,0,45456668315,45456668315,100,45456668315,45456668315,100,1764079389823,1597322185377.29,90.55,,786790165711,692181252918,87.98,436796955282,303988875153.88,69.6,0,0,0,0,0,0,50988053055,41961606066,82.3,3931958000,3147386400,80.05,1278507132048,1041279120537.88,81.44,37639501155,285349600,0.76,54963366656,28298418812,51.49,111677708464,67635283013,60.56,203717739229,92361756141,45.34,521579000,301000000,57.71,4429700000,1133020536,25.58,412949594504,190014828102,46.014048840568464,7431531844,2040825900,27.46,3379947100,1670108487,49.41,255604840092,221301740792,86.58,258984787192,222971849279,86.09457400820165,1957873045588,1456306623818.88,74.38207636090691,,203485207504,5854062650,2.88,8000000000,8000000000,100,195485207504,-2145937350,-1.0977492248133864,,1691551739,138869624208.41016,,1967564597327,1603176248027.29,81.48023450946702,1965873045588,1464306623818.88,74.48632693271911,,05 Desember
4,Kab. Hulu Sungai Selatan,47079255499,36317357985,77.14,24205242859,19948470737,82.41,7944948104,7944948104,100,174702756290,173497262028.35,99.31,253932202752,237708038854.35,93.61,521047317359,741773486999,142.36,510139641000,495117028552,97.06,155018489394,119127748604,76.85,0,0,0,1186205447753,1356018264155,114.32,35978675000,35978675000,100,0,0,0,0,0,0,111017931000,108779534869,97.98,146996606000,144758209869,98.48,1333202053753,1500776474024,112.57,74590126000,105884505737,141.96,0,0,0,74590126000,105884505737,141.96,1407792179753,1606660979761,114.13,25000000,200000,0.8,0,0,0,5984404752,45456668315,759.59,6009404752,45456868315,756.43,1667733787257,1889825886930.35,113.32,,699355211116,559754469835,80.04,629658267058,462305237859,73.42,0,0,0,1453655600,125298000,8.62,73082138275,31192823481,42.68,26006700000,25151844970,96.71,1429555972049,1078529674145,75.45,28762886456,1487331900,5.17,82457683369,38678625386,46.91,146089042571,88018281450,60.25,177298154771,93525513143,52.75,2894811150,1828006743,63.15,460099800,0,0,437962678117,223537758622,51.04036708860447,7035881945,2988670000,42.48,5783697239,5454730240,94.31,235817885448,225679106569,95.7,241601582687,231133836809,95.66735210854922,2116156114798,1536189939576,72.59341259530083,,457388027791,457388027790.86,100,8852000000,8852000000,100,448536027791,448536027790.86,99.99999999996878,,113700250,802171975145.2101,,2125121815048,2347213914721.21,110.45079383687913,2125008114798,1545041939576,72.70757832954766,,19 Desember
5,Kab. Hulu Sungai Tengah,30848734000,35449517846,114.91,37351402575,7980741978,21.37,8316087147,8316087147,100,186478298089,234032702015.12,125.5,262994521811,285779048986.12,108.66,661163257287,559357580379,84.6,551962927000,545422996081,98.82,51634120000,50742422165,98.27,140731110000,59759795029,42.46,1405491414287,1215282793654,86.47,0,0,0,0,0,0,0,0,0,126044386000,71568385270,56.78,126044386000,71568385270,56.78,1531535800287,1286851178924,84.02,217106527198.66,109837269015,50.59,0,0,0,217106527198.66,109837269015,50.59,1748642327485.66,1396688447939,79.87,0,0,0,0,0,0,45456668315,45456668315,100,45456668315,45456668315,100,2057093517611.66,1727924165240.12,84,,709333333249,554036033705,78.11,783538891750,584053285810.32,74.54,0,0,0,300000000,62515221.24,20.84,72125481192,38652279409,53.59,33262000000,31820880000,95.67,1598559706191,1208624994145.56,75.61,10992639013,198388000,1.8,151897003512,120868424011,79.57,118745592917,89004251125,74.95,199271579997,107055888973,53.72,1849990000,1145276791,61.91,118000000,49300000,41.78,482874805439,318321528900,65.92216560369135,13286744252,930395000,7,4775402521,3839426798,80.4,253838492129,165819965612,65.32,258613894650,169659392410,65.6033553957384,2353335150532,1697536310455.56,72.13321528265158,,306241632920.34,306241632920.34,100,10000000000,0,0,296241632920.34,306241632920.34,103.37562276490996,,0,336629487704.9001,,2363335150532,2034165798160.4602,86.07182936802502,2363335150532,1697536310455.56,71.82799739907541,,19 Desember
6,Kab. Hulu Sungai Utara,42391152822,33115446587,78.12,12626799307,11821976788,93.63,12000000000,11959809115,99.67,87649239523,103722798573.45,118.34,154667191652,160620031063.45,103.85,0,0,0,0,0,0,0,0,0,0,0,0,0,0,0,0,0,0,0,0,0,0,0,0,0,0,0,0,0,0,1264638287710,1326924061576,104.93,0,0,0,0,0,0,75847769059,104902583508,138.31,1340486056769,1431826645084,106.81,0,44000000,0,0,0,0,0,45561667515,0,0,45605667515,0,1495153248421,1638052343662.45,109.56,,690189774076.99,527172252769,76.38,527374597410.93,363435550895,68.91,0,0,0,0,0,0,39449159812,25091064680,63.6,9941800000,9585096400,96.41,1266955331299.92,925283964744,73.03,0,0,0,113373943443,91846949979.62,81.01,107609437953,45921034862,42.67,169150028383,62958677160,37.22,1965245380,1208767290.38,61.51,200000000,198000000,99,392298655159,202133429292,51.52539439883489,9243488000,592600000,6.41,5273000000,5273000000,100,258172659792,184114151182,71.31,263445659792,189387151182,71.88850684863364,1931943134250.92,1317397145218,68.19026512024122,,436789885829.92,0,0,0,0,0,436789885829.92,0,0,,0,320655198444.44995,,1931943134250.92,1638052343662.45,84.78781360702827,1931943134250.92,1317397145218,68.19026512024122,,19 Desember
7,Kab. Kotabaru,121326273739,107746159012.36,88.81,68522847228,55698405935.26,81.28,71781816292,16031391758,22.33,57802620959,175174922726.54,303.06,319433558218,354650879432.16,111.02,2340332885438,1741266113106,74.4,606087550000,592672302698,97.79,37151689000,24415395487,65.72,155032196000,16072492271,10.37,3138604320438,2374426303562,75.65,6951815000,6951815000,100,0,0,0,0,0,0,167018640000,109638503400,65.64,173970455000,116590318400,67.02,3312574775438,2491016621962,75.2,131279887613,136820639405,104.22,0,0,0,131279887613,136820639405,104.22,3443854663051,2627837261367,76.31,0,0,0,0,0,0,14865313148,2721308207,18.31,14865313148,2721308207,18.31,3778153534417,2985209449006.16,79.01,,957698129260,661191629288,69.04,1382013634809,943992534074.66,68.31,0,0,0,1000000000,999900000,99.99,250836838869,136100458243,54.26,29942400000,4262400000,14.24,2621491002938,1746546921605.66,66.62,174363891000,147248395934,84.45,309151226104,261942735397,84.73,250085668533,146530706170,58.59,562339458061,240733902566,42.81,5867812166,5414565305,92.28,47754539548,26129040044,54.72,1349562595412,827999345416,61.35316347910672,5786925251,0,0,19759485366,13602505379,68.84,584232240069,455712060637,78,603991725435,469314566016,77.70215157798654,4580832249036,3043860833037.66,66.44776904192938,,809178714619,809177714618.16,100,6500000000,6500000000,100,802678714619,802677714618.16,99.99987541704772,,0,744026330586.66,,4587332249036,3794387163624.3203,82.71446142628295,4587332249036,3050360833037.66,66.49531072615625,,19 Desember
8,Kab. Tabalong,135211500000,127903749478,94.6,24797637145,49628615822,200.13,14564005726,14541441024,99.85,115657666915.85,79750453792.64,68.95,290230809786.85,271824260116.64,93.66,0,0,0,0,0,0,0,0,0,0,0,0,0,0,0,0,0,0,0,0,0,0,0,0,0,0,0,0,0,0,2304519129065,2548687863792,110.6,0,0,0,0,0,0,157611961727,155604175742,98.73,2462131090792,2704292039534,109.84,213879285000,251389774235,117.54,0,0,0,0,0,0,213879285000,251389774235,117.54,2966241185578.85,3227506073885.64,108.81,,945467653665,628632283817,66.49,988858638487.09,588406153932,59.5,6346580000,2632652670,41.48,1092282978,0,0,54815133647,47976161979,87.52,12832330865,9797184000,76.35,2009412619642.09,1277444436398,63.57,33746020725,9500451129,28.15,179233090337.11,86711688907,48.38,248680289767.8,101640634356,40.87,737669805759,325084043717.2,44.07,3863344983,1380654300,35.74,2489325500,615195903,24.71,1205681877071.91,524932668312.2,43.53823992005577,12800494017.19,1000000000,7.81,20446400000,20023111600,97.93,349807081000,332459223926,95.04,370253481000,352482335526,95.20027592286161,3598148471731.19,2155859440236.2,59.915799950271186,,676200601468.34,676200601468.34,100,44293315316,23974972373,54.13,631907286152.34,652225629095.34,103.21539937713294,,0,1723872262744.7803,,3642441787047.19,3903706675353.98,107.17279516273585,3642441787047.19,2179834412609.2,59.8454152475645,,19 Desember
9,Kab. Tanah Bumbu,196785000000,177450169379.36,90.17,8413680100,8365180505,99.42,6102855866,6102855866,100,143444482124,150727982993.04,105.08,354746018090,342646188743.4,96.59,0,0,0,0,0,0,0,0,0,0,0,0,0,0,0,0,0,0,0,0,0,0,0,0,0,0,0,0,0,0,2716751741432,3137942039281,115.5,0,0,0,0,0,0,169641279821,155200178343,91.49,2886393021253,3293142217624,114.09,85533726549,102978577677,120.4,0,0,0,0,0,0,85533726549,102978577677,120.4,3326672765892,3738766984044.4,112.39,,937898708040.45,736873256966,78.57,1314611044240,771686769685.65,58.7,0,0,0,0,0,0,299913931750,128116591497,42.72,18943656000,6926244654,36.56,2571367340030.45,1643602862802.65,63.92,2358912800,104823860,4.44,298378274783,119036028511.18,39.89,180689010060,47621802131,26.36,516037476893,265855179268.34,51.52,15139178200,5481597027.82,36.21,23019394300,3671350852,15.95,1035622247036,441770781650.34,42.65752139978732,28733000000,1068604000,3.72,20519868010,20519868010,100,468029171843,464856438618,99.32,488549039853,485376306628,99.35058039906195,4124271626919.45,2571818555080.99,62.35812739138046,,837598861027.45,837598861027.45,100,40000000000,35000000000,87.5,797598861027.45,802598861027.45,100.62688153711241,,0,1969547289990.8596,,4164271626919.45,4576365845071.85,109.89594952184349,4164271626919.45,2606818555080.99,62.59962818538336,,19 Desember
10,Kab. Tanah Laut,95186876858,95061150144,99.87,20263353045,19761674109,97.52,13284671940,13284671940,100,119096587238,126175042399.87,105.94,247831489081,254282538592.87,102.6,0,0,0,0,0,0,0,0,0,0,0,0,0,0,0,0,0,0,0,0,0,0,0,0,0,0,0,0,0,0,1693555646100,1980379999053,116.94,0,0,0,0,0,0,134736780408,154259599151,114.49,1828292426508,2134639598204,116.76,7720126,97379796,1261.38,0,0,0,88367431953,127023890464,143.75,88375152079,127121270260,143.84,2164499067668,2516043407056.87,116.24,,901247806312.68,770852229784,85.53,855705907082.95,688140772722,80.42,0,0,0,254250000,0,0,118915147489.15,101690177862.5,85.51,16856430000,16744634250,99.34,1892979540884.78,1577427814618.5,83.33,2305412500,4563400,0.2,135188488821.5,82793875959,61.24,193656644021.45,118900390819,61.4,317512198902.49,206238765989,64.95,2279273500,118061700,5.18,1417239800,971219450,68.53,652359257545.44,409026877317,62.69963560508059,17719737235.46,0,0,10351405997,10351405997,100,289502986564,274270166282,94.74,299854392561,284621572279,94.91992758488567,2862912928226.6797,2271076264214.5,79.32746545740146,,815725660105.52,4000000000,0.49,50000000000,50000000000,100,765725660105.52,-46000000000,-6.007373449344902,,67311799546.84033,198967142842.37012,,2980224727773.52,2520043407056.87,84.55883825041461,2912912928226.6797,2321076264214.5,79.68230844536512,,19 Desember
11,Kab. Tapin,53678955182,53519648498,99.7,20889584260,11994716822,57.42,5365148014,5365148014,100,64444705922,61087436145.86,94.79,144378393378,131966949479.86,91.4,1207058822209,1234257499448,102.25,462122504000,452022645757,97.81,130135699000,85816397161,65.94,0,0,0,1799317025209,1772096542366,98.49,22843013000,22843013000,100,0,0,0,0,0,0,95703106000,71374281864,74.58,118546119000,94217294864,79.48,1917863144209,1866313837230,97.31,124747197809,111897876296,89.7,0,0,0,124747197809,111897876296,89.7,2042610342018,1978211713526,96.85,0,0,0,0,0,0,36000000000,59381786102.07,164.95,36000000000,59381786102.07,164.95,2222988735396,2169560449107.93,97.6,,663390662586.6,470880561508,70.98,713940151371.5,464432262928.5,65.05,250000000,244688634,97.88,0,0,0,81928659087,69280898150.8,84.56,38687495000,34238675000,88.5,1498196968045.1,1039077086221.3,69.36,15641659343,11025278800,70.49,47783651140,27356622803,57.25,66405566831,39865429846,60.03,300614728074.9,162283556727,53.98,2510248000,950608250,37.87,200000000,0,0,433155853388.9,241481496426,55.749332379260466,10000000000,3307506920.01,33.08,7456853945,3615981653,48.49,262824237184,200780382223,76.39,270281091129,204396363876,75.62362687756263,2211633912563,1488262453443.31,67.29244134797177,,3395177167,2846133,0.08,14750000000,14707792076,99.71,-11354822833,-14704945943,129.5039663698115,,0,666593049721.6199,,2226383912563,2169563295240.93,97.44785178326866,2226383912563,1502970245519.31,67.5072361526858,,2025-11-30 00:00:00
12,Kota Banjar Baru,273939923010,278682204563,101.73,29837374500,32155893532.11,107.77,14336610825,14336610830,100,124586373400,122043937139.92,97.96,442700281735,447218646065.03,101.02,0,0,0,0,0,0,0,0,0,0,0,0,0,0,0,0,0,0,0,0,0,0,0,0,0,0,0,0,0,0,951067380000,1072764216204,112.8,0,0,0,0,0,0,86263311825,202179425619,234.37,1037330691825,1274943641823,122.91,0,0,0,0,0,0,0,45456668315,0,0,45456668315,0,1480030973560,1767618956203.03,119.43,,615420566612,562609664996,91.42,710968392101,554894509009.69,78.05,0,0,0,1588100000,1516090000,95.47,55654109528,40972650631,73.62,5723356119,4573603505,79.91,1389354524360,1164566518141.69,83.82,7907600000,65072400,0.82,126836049627,104012378552,82.01,107599326179,64878507247.68,60.3,225299221013,167151468399,74.19,14768999736,5802876500,39.29,911252000,696673500,76.45,483322448555,342606976598.68,70.88579841945678,1363028905,75767312,5.56,0,0,0,5138128795,0,0,5138128795,0,0,1879178130615,1507249262052.3699,80.20789713847358,,399147157055,399147346475.35,100,0,0,0,399147157055,399147346475.35,100.00004745626936,,0,659517040626.0101,,1879178130615,2166766302678.38,115.30393353232888,1879178130615,1507249262052.3699,80.20789713847358,,19 Desember
13,Kota Banjarmasin,491050000000,482534751540.56,98.27,42737208576,31892811002,74.63,36248089748,36248089748,100,148719674811,107059081295.26,71.99,718754973135,657734733585.82,91.51,0,0,0,0,0,0,0,0,0,0,0,0,0,0,0,0,0,0,0,0,0,0,0,0,0,0,0,0,0,0,1490930301000,1519743078142,101.93,0,0,0,0,0,0,340540093533,456935560621,134.18,1831470394533,1976678638763,107.93,25000000,10173715.02,40.69,0,0,0,45456668315,45456668315,100,45481668315,45466842030.02,99.97,2595707035983,2679880214378.84,103.24,,970304883889,848963727095.31,87.49,1051851443464,792114367149.37,75.31,0,0,0,0,0,0,69443638425,65782652039,94.73,1305000000,1031000000,79,2092904965778,1707891746283.68,81.6,95301728737,22030168934,23.12,147422942758,93270833334.79,63.27,145846401525,60349447628.38,41.38,161924237700,72800999365.19,44.96,3731456500,135681500,3.64,71680000,71327986,99.51,554298447220,248658458748.36,44.8600316301568,13915988928,1459000000,10.48,0,0,0,5138128792,0,0,5138128792,0,0,2666257530718,1958009205032.04,73.43661227296245,,105550494735,105550494734.74,100,35000000000,35000000000,100,70550494735,70550494734.74,99.99999999963147,,0,792421504081.5398,,2701257530718,2785430709113.58,103.11607380778709,2701257530718,1993009205032.04,73.78079218171744,,19 Desember
XXI,Prov. Kalimantan Timur,7937566254869,6793479006567.7,85.59,1114869349428,1108766044287,99.45,377458223635,348026169881.26,92.2,136519293748,258099786173.9,189.06,9566413121680,8508371006909.86,88.94,0,0,0,0,0,0,0,0,0,0,0,0,0,0,0,0,0,0,0,0,0,0,0,0,0,0,0,0,0,0,9277648428533,7897256198257,85.12,0,0,0,0,0,0,0,0,0,9277648428533,7897256198257,85.12,28361111193,18115235000,63.87,0,0,0,276811871197,270715491961,97.8,305172982390,288830726961,94.64,19149234532603,16694457932127.9,87.18,,3802102068967.95,2987192929989.06,78.57,5410502474364.67,3651452319068.51,67.49,0,0,0,10000000000,0,0,710045732435,614216936270,86.5,24175500000,22853500000,94.53,9956825775767.62,7275715685327.57,73.07,120295392848,1372707107,1.14,1198745948464.34,536779696782,44.78,1229787982190.04,596013675282.87,48.46,2281997668216,1576161597201,69.07,24714026920,14329064382,57.98,25225294318,11149979217,44.2,4880766312956.38,2735806719971.87,56.052811065947886,101800545408,54460000000,53.5,4696713889971,4240100752003,90.28,2060751150000,1932002300000,93.75,6757465039971,6172103052003,91.33755062726138,21696857674103,16238085457302.441,74.84072440906473,,2597623141500,2597623141500.2,100,50000000000,0,0,2547623141500,2597623141500.2,101.96261366862764,,0,3053995616325.659,,21746857674103,19292081073628.1,88.7120399771681,21746857674103,16238085457302.441,74.66865190661261,,19 Desember
1,Kab. Berau,175513778000,137262596586,78.21,120583732356,96697209778.96,80.19,11997643845,11397496922.15,95,93061281794,56628696465.75,60.85,401156435995,301985999752.86,75.28,0,0,0,0,0,0,0,0,0,0,0,0,0,0,0,0,0,0,0,0,0,0,0,0,0,0,0,0,0,0,4027833198265.72,3747163561083,93.03,0,0,0,0,0,0,921297589845,762305263320,82.74,4949130788110.72,4509468824403,91.12,0,0,0,0,0,0,17643349800,20378082225,115.5,17643349800,20378082225,115.5,5367930573905.72,4831832906380.86,90.01,,1240784884524.5,992161157328.61,79.96,1041220505794.97,736491692382.29,70.73,0,0,0,0,0,0,166224640294,102473955403,61.65,10145000000,10063000000,99.19,2458375030613.47,1841189805113.9,74.89,15391573880,6937492376,45.07,266970783032.28,177337115504,66.43,360389632338.48,209209125192.45,58.05,2432439129612,1620914243568,66.64,14282893923,5910939115,41.38,2434000000,1369725339,56.27,3091908012785.76,2021678641094.45,65.386118627538,27092917600.77,5861500000,21.63,11105000000,10963998000,98.73,452880656000,431663473408,95.32,463985656000,442627471408,95.39680067351047,6041361617000,4311357417616.3496,71.3640018747507,,673431043094.28,673431043094.28,100,0,0,0,673431043094.28,673431043094.28,100,,0,1193906531858.7908,,6041361617000,5505263949475.141,91.12621124985607,6041361617000,4311357417616.3496,71.3640018747507,,19 Desember
2,Kab. Kutai Barat,91367943452,56256190471,61.57,83512743828,37293142054.78,44.66,5000000000,3737675586.75,74.75,61068222324,84613789611.45,138.56,240948909604,181900797723.98,75.49,0,0,0,0,0,0,0,0,0,0,0,0,0,0,0,0,0,0,0,0,0,0,0,0,0,0,0,0,0,0,2582782582000,2555760420665,98.95,0,0,0,0,0,0,434034109133,374562206050,86.3,3016816691133,2930322626715,97.13,0,0,0,0,0,0,62577647054,19579671260,31.29,62577647054,19579671260,31.29,3320343247791,3131803095698.98,94.32,,1410317978346.77,805274983803,57.1,1306076419397.9,636305906597.78,48.72,0,0,0,878158250.3,420000000,47.83,65089752860,30702792860,47.17,12913298701,881700000,6.83,2795275607555.97,1473585383260.78,52.72,1764661689,0,0,205737141707.92,61876069279,30.08,322415114090.35,71002976290,22.02,958796128513.76,177229489188,18.48,743415841,62615118,8.42,9121443401,2161711049,23.7,1498577905243.03,312332860924,20.841950213682605,136257943452,56764031777,41.66,19434000000,18513441700,95.26,426013579000,356949785122,83.79,445447579000,375463226822,84.28898135778172,4875559035251,2218145502783.7803,45.49520345761924,,1560215787460,1558396177870.95,99.88,5000000000,5000000000,100,1555215787460,1553396177870.95,99.8829995423322,,0,2467053770786.1494,,4880559035251,4690199273569.93,96.09963202358271,4880559035251,2223145502783.7803,45.55104213936524,,12 Desember
3,Kab. Kutai Kertanegara,364451980000,252201937194.84,69.2,487820481700,251154038618.89,51.48,44145888234,25242924449.81,57.18,56670097270,42655206320.3,75.27,953088447204,571254106583.84,59.94,0,0,0,0,0,0,0,0,0,0,0,0,0,0,0,0,0,0,0,0,0,0,0,0,0,0,0,0,0,0,9304729982882.2,7203312345772,77.42,0,0,0,0,0,0,699158879469,620259494248,88.72,10003888862351.2,7823571840020,78.21,0,0,0,0,0,0,228117657072.33,21012286910,9.21,228117657072.33,21012286910,9.21,11185094966627.5,8415838233513.84,75.24,,2517314397869.16,1979435170138.15,78.63,3941322792266.52,2878681893159.81,73.04,0,0,0,110704000,0,0,200121806525,159859170602,79.88,3191100000,2825700000,88.55,6662060800660.68,5020801933899.96,75.36,75029397381.54,35444607095.55,47.24,604277998940.56,468245460951,77.49,1189696598446.44,833298078371.25,70.04,1596705248215.78,1186777781001.75,74.33,23241035250,575355977,2.48,1865469754,680000,0.04,3490815747988.3203,2524341963396.55,72.31381274853226,8860000000,0,0,36928963600,36695845000,99.37,1152365875203,929123219142,80.63,1189294838803,965819064142,81.2093883392344,11351031387452,8510962961438.51,74.97964432418851,,165936420824.47,165936420824.47,100,0,0,0,165936420824.47,165936420824.47,100,,-0.029998779296875,70811692899.80008,,11351031387451.97,8581774654338.31,75.6034792030005,11351031387452,8510962961438.51,74.97964432418851,,19 Desember
4,Kab. Kutai Timur,283881846214,282298142919.16,99.44,124927854000,114604789583.15,91.74,7527260223,7527260223.29,100,24819789445,99106834186.91,399.31,441156749882,503537026912.51,114.14,6844620998454,5369563637000,78.45,625969941000,582728676671,93.09,230048790032,218452208046,94.96,0,0,0,7700639729486,6170744521717,80.13,0,0,0,0,0,0,0,0,0,150314364000,129886698078,86.41,150314364000,129886698078,86.41,7850954093486,6300631219795,80.25,1464277835520,1047645810366,71.55,60875000000,60875000000,100,1525152835520,1108520810366,72.68,9376106929006,7409152030161,79.02,0,0,0,0,0,0,78159470560,79317207636,101.48,78159470560,79317207636,101.48,9895423149448,7992006264709.51,80.76,,2303455619408,1951581899865,84.72,2645269862019.62,1748872261882.18,66.11,0,0,0,0,0,0,156065508472,123438828000,79.09,10000000,0,0,5104800989899.62,3823892989747.18,74.91,30138285842,10349425000,34.34,570676658221.74,300159976004,52.6,637157593261.31,328574192164.8,51.57,2262696011273.33,1289507269035,56.99,19134849840,7807672700,40.8,38349426508,14774700562,38.53,3558152824946.38,1951173235465.8,54.836690031581306,25408650801,0,0,0,0,0,1306058102072,855004771202,65.46,1306058102072,855004771202,65.46452794447467,9994420567719,6630070996414.98,66.33772264726842,,113997418271,113997418271,100,15000000000,15000000000,100,98997418271,98997418271,100,,0,1460932686565.5293,,10009420567719,8106003682980.51,80.98374554390165,10009420567719,6645070996414.98,66.38816854040228,,19 Desember
5,Kab. Mahakam Ulu,6189141548.96,4170374868,67.38,1651290000,1157214042,70.08,278732980,1059736324.07,380.2,11051431308,54469991085.81,492.88,19170595836.96,60857316319.88,317.45,1515393380028.04,1157116255302,76.36,386609196000,262051372532,67.78,35368566000,0,0,30793990000,1514600340,4.92,1968165132028.04,1420682228174,72.18,0,0,0,0,0,0,0,0,0,52246187000,22637701710,43.33,52246187000,22637701710,43.33,2020411319028.04,1443319929884,71.44,142782635668,107851715089,75.54,50800000000,50800000000,100,193582635668,158651715089,81.96,2213993954696.04,1601971644973,72.36,0,0,0,0,0,0,16137931167,13203878146,81.82,16137931167,13203878146,81.82,2249302481700,1676032839438.88,74.51,,413139214162,299473604680,72.49,925541441739.84,484239636085.37,52.32,0,0,0,0,0,0,52329629210,18245114610,34.87,3727088573,133084525,3.57,1394737373684.84,802091439900.37,57.51,6114920000,22985763,0.38,88996989248,31714646761,35.64,321328346613.41,120844844017,37.61,862042825966.74,511414352327,59.33,116922000,0,0,66112345215,39607121495,59.91,1344712349043.15,703603950363,52.323751682927565,4953070758.57,1961607074,39.6,0,0,0,231229627900,119039607363,51.48,231229627900,119039607363,51.48112222646534,2975632421386.56,1626696604700.37,54.667256379145634,,726329939686.56,726329939413.56,100,0,0,0,726329939686.56,726329939413.56,99.99999996241378,,0,775666174152.0698,,2975632421386.56,2402362778852.44,80.7345276112097,2975632421386.56,1626696604700.37,54.667256379145634,,05 Desember
6,Kab. Paser,130550081216,121819975387,93.31,176633274536,96817169128.08,54.81,6500000000,5879857862.56,90.46,49994944723,56182236977.63,112.38,363678300475,280699239355.27,77.18,0,0,0,0,0,0,0,0,0,0,0,0,0,0,0,0,0,0,0,0,0,0,0,0,0,0,0,0,0,0,3261654814415,2606875523883,79.92,0,0,0,0,0,0,669394551385,451607713258,67.47,3931049365800,3058483237141,77.8,0,0,0,0,0,0,71425489897,71425489815,100,71425489897,71425489815,100,4366153156172,3410607966311.27,78.11,,1261135769149,998117253867,79.14,1588364249071.29,873349657004.64,54.98,0,0,0,0,0,0,70525179653,55275303207,78.38,0,0,0,2920025197873.29,1926742214078.64,65.98,41664520971,6148067000,14.76,160313377444.36,49971543370,31.17,414836065322.95,176945107932.01,42.65,925538465415.4,556819672593,60.16,13187714193,1186262180,9,2268156080,512225000,22.58,1557808299426.71,791582878075.01,50.813882450512104,10000000000,17499840,0.17,4910467200,3842657850,78.25,444873935500,340678840551,76.58,449784402700,344521498401,76.59703100705141,4937617900000,3062864090394.65,62.03120922732093,,586464743828,525845375646.79,89.66,15000000000,15000000000,100,571464743828,510845375646.79,89.3922820548567,,0,858589251563.4102,,4952617900000,3936453341958.06,79.48227425253339,4952617900000,3077864090394.65,62.146205351207286,,12 Desember
7,Kab. Penajam Paser Utara,92078050000,77535068330.25,84.21,33086806484,65428186845.61,197.75,2671835000,2153079695.17,80.58,100374466877,17227555050.53,17.16,228211158361,162343889921.56,71.14,0,0,0,0,0,0,0,0,0,0,0,0,0,0,0,0,0,0,0,0,0,0,0,0,0,0,0,0,0,0,1923943397709,1611157358208.04,83.74,0,0,0,0,0,0,243223689860,211978958974,87.15,2167167087569,1823136317182.04,84.13,0,0,0,0,0,0,18074133722,12130240538,67.11,18074133722,12130240538,67.11,2413452379652,1997610447641.6,82.77,,742373572914.12,683515493005,92.07,791925324228.46,600233709947.51,75.79,5711734981,4519104027,79.12,0,0,0,36976368120,34687782389,93.81,2197100000,2187279700,99.55,1579184100243.58,1325143369068.51,83.91,10252212882,8436191839,82.29,113740630244.55,56149195900,49.37,201654536324.51,98389819684.6,48.79,362191060741.36,204222211788,56.39,4834037020,2527496012,52.29,1318660000,297768600,22.58,693991137212.4199,370022683823.6,53.31807050301591,4000500000,829037687,20.72,9698420737,8565682869,88.32,156736109758,132083334752,84.27,166434530495,140649017621,84.50711351946606,2443610267951,1836644108200.1099,75.16108981405453,,85788563939,85788563938.99,100,55630675640,41348006730,74.33,30157888299,44440557208.990005,147.3596452390322,,0,205406896650.48022,,2499240943591,2083399011580.59,83.36127082597675,2499240943591,1877992114930.1099,75.14249955555476,,19 Desember
8,Kota Balikpapan,1123276645000,971129139963.77,86.46,171835366500,118473201220.77,68.95,24011240000,20491479213.38,85.34,60937750470.8,66075491258.2,108.43,1380061001970.8,1176169311656.12,85.23,0,0,0,0,0,0,0,0,0,0,0,0,0,0,0,0,0,0,0,0,0,0,0,0,0,0,0,0,0,0,2313958896688,2241108470066,96.85,0,0,0,0,0,0,551755507114,505509248276,91.62,2865714403802,2746617718342,95.84,4500000000,0,0,0,0,0,12500000000,13474266145,107.79,17000000000,13474266145,79.26,4262775405772.8,3936261296143.12,92.34,,1307267983220,1039588177844.2,79.52,1701917932300.73,1206744866272.07,70.9,0,0,0,0,0,0,161101581252.16,115723656492.23,71.83,3170000000,2929592634,92.42,3173457496772.89,2364986293242.5,74.52,9125616351,3494071761.5,38.29,297521060972.5,203033848477.54,68.24,323141683703.6,198174396696.72,61.33,908667189962.81,697451225808.59,76.76,1586621427,686226993,43.25,25784846556,8455564752.5,32.79,1565827018972.9102,1111295334489.85,70.97178175011912,15730476886,7064520842,44.91,0,0,0,0,0,0,0,0,0,4755014992631.801,3483346148574.35,73.25626005327044,,492239586859,614740906953.16,124.89,0,0,0,492239586859,614740906953.16,124.88652342568498,,-0.0009765625,1067656054521.93,,4755014992631.8,4551002203096.28,95.709523737535,4755014992631.801,3483346148574.35,73.25626005327044,,19 Desember
9,Kota Bontang,221509159000,198155122171.5,89.46,126127573000,112288615305,89.03,4453961893.38,4306542274.38,96.69,32740123131.62,48561982130.97,148.33,384830817025,363312261881.85,94.41,0,0,0,0,0,0,0,0,0,0,0,0,0,0,0,0,0,0,0,0,0,0,0,0,0,0,0,0,0,0,1994919617000,1825520389156,91.51,0,0,0,0,0,0,483030614195,392698042280,81.3,2477950231195,2218218431436,89.52,0,0,0,0,0,0,28083452549,15851758166.5,56.45,28083452549,15851758166.5,56.45,2890864500769,2597382451484.35,89.85,,798344677285.26,666752423714,83.52,1002728947524,688580414099.57,68.67,0,0,0,0,0,0,76207070089,36837970766,48.34,4723765750,4208234000,89.09,1882004460648.26,1396379042579.57,74.2,50230720479,3917265199,7.8,262657007538,145686214421,55.47,163187065860,66264066353,40.61,796956019297,500506396177,62.8,7761814644,2380494600,30.67,3699971000,1366278000,36.93,1284492598818,720120714750,56.06265971580223,6224959200,660000000,10.6,0,0,0,300000000,300000000,100,300000000,300000000,100,3173022018666.26,2117459757329.57,66.73321977827365,,282157517897.26,282157517897,100,0,0,0,282157517897.26,282157517897,99.99999999990786,,0,762080212051.78,,3173022018666.26,2879539969381.35,90.75070870739589,3173022018666.26,2117459757329.57,66.73321977827365,,19 Desember
10,Kota Samarinda,954826760000,816869740885.69,85.55,174299045332,153734197601.46,88.2,21226906597,20750386559.04,97.76,52890899068,58407373640.56,110.43,1203243610997,1049761698686.75,87.24,1607010020900,1353846906999,84.25,922775704000,824669829422,89.37,327930769000,172464908419,52.59,0,0,0,2857716493900,2350981644840,82.27,7488933000,7488933000,100,0,0,0,0,0,0,0,0,0,7488933000,7488933000,100,2865205426900,2358470577840,82.31,708387870000,459658803387,64.89,725117650000,725117650000,100,1433505520000,1184776453387,82.65,4298710946900,3543247031227,82.43,0,0,0,0,0,0,14234570000,14234570251,100,14234570000,14234570251,100,5516189127897,4607243300164.75,83.52,,1230303408685,1017531718809.17,82.71,1631591210778,1365454604700.5,83.69,0,0,0,0,0,0,195945998655,164680864434,84.04,1579200000,1572200000,99.56,3059419818118,2549239387943.67,83.32,82613167972,73127773360,88.52,254152898110,190076870407,74.79,892281600880,639769645314,71.7,1479462627692,1269673740601,85.82,20336845500,14444155333,71.02,1728400000,853976769,49.41,2730575540154,2187946161784,80.12765549275386,5000000000,1753783011,35.08,0,0,0,0,0,0,0,0,0,5794995358272,4738939332738.67,81.77641291764152,,284347849000,284306165333.56,99.99,0,0,0,284347849000,284306165333.56,99.98534060778493,,5541618625,152610132759.64008,,5800536976897,4891549465498.31,84.32925236027107,5794995358272,4738939332738.67,81.77641291764152,,19 Desember
XXII,Prov. Kalimantan Utara,707570239356,568560283016.72,80.35,192522785602,10754445270.59,5.59,9472177919,9472177918.64,100,55785116589,193472859298.87,346.82,965350319466,782259765504.82,81.03,0,0,0,0,0,0,0,0,0,0,0,0,0,0,0,0,0,0,0,0,0,0,0,0,0,0,0,0,0,0,2077930475470.55,1730657119090,83.29,0,0,0,0,0,0,0,0,0,2077930475470.55,1730657119090,83.29,350000000,316420000,90.41,0,0,0,35122525569,31361787291,89.29,35472525569,31678207291,89.3,3078753320505.55,2544595091885.82,82.65,,968418713838.78,768694748339,79.38,1122902681752.17,771621691378.69,68.72,0,0,0,690912032,690900000,100,97989690711,75398185729,76.95,4454550000,1172917780,26.33,2194456548333.95,1617578443226.69,73.71,0,0,0,103393520751,36419449029,35.22,182495438473,68226708156,37.39,71428519282,25898525031,36.26,4310284568,498945000,11.58,1748100000,113802750,6.51,363375863074,131157429966,36.09415024335018,27939393113.09,26619481538,95.28,414578535212,373103763334,90,75951000000,33372959570,43.94,490529535212,406476722904,82.86488248425783,3076301339733.04,2181832077634.69,70.9238737263635,,17548019227.49,1682639613.98,9.59,20000000000,20000000000,100,-2451980772.5099983,-18317360386.02,747.0433941155756,,-0.000232696533203125,344445653865.10986,,3096301339733.04,2546277731499.8,82.23610857331273,3096301339733.04,2201832077634.69,71.11168571934053,,19 Desember
1,Kab. Bulungan,128742494393,77286603676.08,60.03,23509834536,13097230950,55.71,13500000000,12017919472.92,89.02,86736764430,130888553878.04,150.9,252489093359,233290307977.04,92.4,710595435000,786060492864,110.62,556876918000,489436845264,87.89,115913727000,76293415053,65.82,0,0,0,1383386080000,1351790753181,97.72,7704515000,7704515000,100,0,0,0,0,0,0,71999475000,39292903160,54.57,79703990000,46997418160,58.96,1463090070000,1398788171341,95.61,116814930874,90755447489,77.69,0,11750000000,0,116814930874,102505447489,87.75,1579905000874,1501293618830,95.02,0,0,0,0,0,0,0,40847100,0,0,40847100,0,1832394094233,1734624773907.04,94.66,,824541177611.78,594821961669,72.14,524508378121.2,389714783788.03,74.3,0,0,0,2472000000,1504724342,60.87,176936699480,123183518932.7,69.62,561873324,505000000,89.88,1529020128536.98,1109729988731.73,72.58,799987000,783555700,97.95,83320042679.09,36561971854.75,43.88,148024345757.65,62722805246.42,42.37,316945068328,138761100228.54,43.78,1300371734,307792107,23.67,7815872880,2313452124,29.6,558205688378.74,241450677260.71002,43.25478623515689,14565314164.88,109289476,0.75,14173318000,13622251000,96.11,208323415000,173277766760,83.18,222496733000,186900017760,84.00124138451956,2324287864080.5996,1538189973228.44,66.17897881753514,,504574435767,579329029492.59,114.82,0,0,0,504574435767,579329029492.59,114.81537478448666,,12680665919.40039,775763830171.1901,,2336968530000,2313953803399.63,99.01518885235609,2324287864080.5996,1538189973228.44,66.17897881753514,,05 Desember
2,Kab. Malinau,27020426186.9,30556565009,113.09,43630777443,29764969682,68.22,3180206897,3216941137.64,101.16,54052694125.1,61808088452.03,114.35,127884104652,125346564280.67,98.02,1598655747000,1585941470200,99.2,733078216000,726024228385,99.04,6297941000,5104690128,81.05,86346935000,70663912344,81.84,2424378839000,2387734301057,98.49,0,0,0,0,0,0,0,0,0,111442231000,98524967736,88.41,111442231000,98524967736,88.41,2535821070000,2486259268793,98.05,62566818692,60411618891,96.56,3941849739,3415839739,86.66,66508668431,63827458630,95.97,2602329738431,2550086727423,97.99,0,0,0,0,0,0,2480016455,602506600,24.29,2480016455,602506600,24.29,2732693859538,2676035798303.67,97.93,,918416838363.33,678253374150.4,73.85,969089058334.72,682908238206,70.47,0,0,0,77216663000,69186593335,89.6,107949477261.23,99599285219,92.26,1137600000,640000000,56.26,2073809636959.28,1530587490910.4,73.81,22553281832.27,647643374,2.87,177704001630.7,87007222989,48.96,200781185028.33,66737266139,33.24,399783176720.71,217556579234.1,54.42,175000000,0,0,4568732400,2970351500,65.01,805565377612.01,374919063236.1,46.54110934453228,20746323421.79,7304955289,35.21,2972188776.89,2972188000,100,344177863500,331230455251,96.24,347150052276.89,334202643251,96.27037099923493,3247271390269.97,2247014152686.5,69.1969928789872,,714577530731.97,714577530731.97,100,200000000000,200000000000,100,514577530731.97,514577530731.97,100,,0,943599176349.1399,,3447271390269.9697,3390613329035.6396,98.35643745966016,3447271390269.97,2447014152686.5,70.98408786709606,,19 Desember
3,Kab. Nunukan,46270894210,42075303651,90.93,73037893557.34,29876995588.69,40.91,3600000000,3785698614.66,105.16,6601836000,24550131291.72,371.87,129510623767.34,100288129146.07,77.44,0,0,0,0,0,0,0,0,0,0,0,0,0,0,0,0,0,0,0,0,0,0,0,0,0,0,0,0,0,0,1603324081184.44,1388012830598,86.57,0,0,0,0,0,0,147145656235.82,95265212652,64.74,1750469737420.26,1483278043250,84.74,0,0,0,0,0,0,13274034160,2002878083,15.09,13274034160,2002878083,15.09,1893254395347.6,1585569050479.07,83.75,,661040366211.4,533495123058,80.71,669341857058.36,391097814453.78,58.43,0,0,0,15289643750,7820983328,51.15,36288846662,16840304201.27,46.41,1288118266,875471145,67.97,1383248831947.76,950129696186.05,68.69,24703156000,194786689,0.79,78252958802,29401530734,37.57,98963644416.44,42148453448.5,42.59,274532282196,56678995858.08,20.65,4401805356,2275710283,51.7,761753980,656763240,86.22,481615600750.44,131356240252.58,27.27408332452362,8865358704,3866321143,43.61,1500000000,0,0,277620599730.02,235108021395,84.69,279120599730.02,235108021395,84.23169827752187,2152850391132.22,1320460278976.63,61.3354408841284,,259074992981.13,259074992981.13,100,0,0,0,259074992981.13,259074992981.13,100,,-521002803.48986816,524183764483.5702,,2152329388328.73,1844644043460.2002,85.7045419471113,2152850391132.22,1320460278976.63,61.3354408841284,,05 Desember
4,Kab. Tana Tidung,7812710096,8738005760,111.84,1778963865,948322585.7,53.31,6099406000,3741723567.47,61.35,15257194161,26899969835.73,176.31,30948274122,40328021748.9,130.31,0,0,0,0,0,0,0,0,0,0,0,0,0,0,0,0,0,0,0,0,0,0,0,0,0,0,0,0,0,0,982308887000,937069738356,95.39,0,0,0,0,0,0,13823296331,47386868059,342.8,996132183331,984456606415,98.83,0,85000,0,0,0,0,132000000,33600021.37,25.45,132000000,33685021.37,25.52,1027212457453,1024818313185.27,99.77,,390079886098.23,288473785253,73.95,374707901789.28,254634250528.01,67.96,0,0,0,0,0,0,19667134141,17669625000,89.84,243500000,243500000,100,784698422028.51,561021160781.01,71.5,3015903866,2540824552,84.25,39255670619,23887250653,60.85,259808320981.39,122294840552.28,47.07,128538549399,43436496989.12,33.79,1380431856,629799982,45.62,2057939224,712630844,34.63,434056815945.39,193501843572.4,44.57984219207493,94864820364,0,0,989949241,989949241,100,118354479900,90969418282,76.86,119344429141,91959367523,77.05375792141433,1432964487478.9,846482371876.41,59.07211094712312,,436022138025.9,436022138025.9,100,30000000000,0,0,406022138025.9,436022138025.9,107.38875967351473,,270108000.0001221,614358079334.76,,1463234595478.9,1460840451211.17,99.83638001212331,1462964487478.9,846482371876.41,57.86076006090467,,19 Desember
5,Kota Tarakan,135128400000,106297048196.34,78.66,21754679784.5,20092052520.64,92.36,31501958687.1,31142958687.12,98.86,58929028812.5,47656636562.27,80.87,247314067284.1,205188695966.37,82.97,0,0,0,0,0,0,0,0,0,0,0,0,0,0,0,0,0,0,0,0,0,0,0,0,0,0,0,0,0,0,817893191205,717238114164,87.69,0,0,0,0,0,0,99263957879,69504901969,70.02,917157149084,786743016133,85.78,0,0,0,0,0,0,10356000000,10339745379,99.84,10356000000,10339745379,99.84,1174827216368.1,1002271457478.37,85.31,,532613506026.64,421460838154.5,79.13,354523565511.33,245986998908.17,69.39,0,0,0,0,0,0,118130700416.07,53113713317.23,44.96,4523065700,2513204743.98,55.56,1009790837654.04,723074755123.88,71.61,10372617540,4681133772,45.13,43771575835.31,16422726597,37.52,35929377009.23,7648404992.45,21.29,103827845251.29,52287715986.84,50.36,133734600,0,0,5844360914,1362294300,23.31,199879511149.83002,82402275648.29,41.225974175272576,5000000000,50038000,1,0,0,0,0,0,0,0,0,0,1214670348803.87,805527068772.17,66.31651703405798,,51119851910.77,51001337910,99.77,11276719475,0,0,39843132435.77,51001337910,128.0053419299244,,0,247745726616.19995,,1225947068278.87,1053272795388.37,85.91503031750622,1225947068278.87,805527068772.17,65.70651291683127,,19 Desember
XXIII,Prov. Sulawesi Barat,474806635915,346513036745,72.98,75029964532,58773877051,78.33,14230290824,8676759148,60.97,29014336058,17871564588.19,61.6,593081227329,431835237532.19,72.81,21351778000,19565977600,91.64,1022515062000,1016992863632,99.46,245350274000,232782555828,94.88,0,0,0,1289217114000,1269341397060,98.46,6554777000,6554777000,100,0,0,0,0,0,0,0,0,0,6554777000,6554777000,100,1295771891000,1275896174060,98.47,0,0,0,0,0,0,0,0,0,1295771891000,1275896174060,98.47,795125968,310950000,39.11,0,0,0,567403200,549113042,96.78,1362529168,860063042,63.12,1890215647497,1708591474634.19,90.39,,772809791809,741292208544.7,95.92,635180439675,495415321974.2,78,7773438878,7738184778,99.55,0,0,0,25733399000,24931837200,96.89,12136500000,9134000000,75.26,1453633569362,1278511552496.9,87.95,8045000000,8044387868,99.99,52936167815,41019344397,77.49,15418411400,7398607719,47.99,114533031624,56139215490,49.02,744131000,290790000,39.08,3112572920,1869133243,60.05,194789314759,114761478717,58.91569507238466,5076676284,1107325561,21.81,163237087602,149704816849,91.71,15185000000,5665500000,37.31,178422087602,155370316849,87.08020343063086,1831921648007,1549750673623.9,84.59699547248204,,41194146866,41194146866,100,99488146356,94855733142,95.34,-58293999490,-53661586276,92.05336183050082,,0,105179214734.29004,,1931409794363,1749785621500.19,90.59629016105762,1931409794363,1644606406765.9,85.15056781661963,,19 Desember
1,Kab. Majene,24265113570,15376161627,63.37,82889435754,63018015227,76.03,3534611072,3534611072,100,6269065647,6156539898.18,98.21,116958226043,88085327824.18,75.31,5826710000,5249177600,90.09,535243742000,517982532696,96.78,174618122000,146380041946,83.83,0,0,0,715688574000,669611752242,93.56,0,0,0,0,0,0,0,0,0,52655853000,47561518768,90.33,52655853000,47561518768,90.33,768344427000,717173271010,93.34,20924303174,19101330683,91.29,0,0,0,20924303174,19101330683,91.29,789268730174,736274601693,93.29,0,0,0,0,0,0,0,0,0,0,0,0,906226956217,824359929517.18,90.97,,467875356954,441421316612,94.35,276845340309.69,214522656737.78,77.49,0,0,0,0,0,0,10156348000,5237757500,51.57,63360000,59040000,93.18,754940405263.69,661240770849.78,87.59,861471700,723117400,83.94,8383182681,3661595018,43.68,24642236887,16718633101,67.85,8963076421,7184700915,80.16,323285000,307465000,95.11,40000000,40000000,100,43213252689,28635511434,66.26557746089134,3000000000,2449579085,81.65,2696704257,853100342,31.63,106712090704,99723015739,93.45,109408794961,100576116081,91.92690232704919,910562452913.69,792901977449.78,87.07826408969417,,4835496696.69,4835496696.69,100,500000000,500000000,100,4335496696.69,4335496696.69,100,,5.817413330078125e-05,35793448764.09003,,911062452913.69,829195426213.87,91.01411473626214,911062452913.69,793401977449.78,87.08535566495829,,19 Desember
2,Kab. Mamasa,7389359063.29,6071262113,82.16,6294173193.84,2250501898,35.76,3531184401,3531184401,100,60414624443.21,10443800589.78,17.29,77629341101.34,22296749001.78,28.72,7959299000,4545560000,57.11,517502654000,502417634700,97.09,41304885000,28386273031,68.72,151558891000,92830151811,61.25,718325729000,628179619542,87.45,0,0,0,0,0,0,0,0,0,133814520000,111897348508,83.62,133814520000,111897348508,83.62,852140249000,740076968050,86.85,19865653569,13539455576,68.16,0,0,0,19865653569,13539455576,68.16,872005902569,753616423626,86.42,0,0,0,0,0,0,15000000000,0,0,15000000000,0,0,964635243670.34,775913172627.78,80.44,,423414201338.75,368336096284,86.99,230822906429,95001666150,41.16,3407501545.59,2921302731,85.73,0,0,0,22385074233,3421092712,15.28,0,0,0,680029683546.34,469680157877,69.07,0,0,0,17239053546,6144038184,35.64,34162523760,20961066557,61.36,16786269420,6442688959,38.38,7717478500,75516000,0.98,200000000,0,0,76105325226,33623309700,44.17996979863534,4300000000,3889149000,90.45,0,0,0,186009188400,154215017055,82.91,186009188400,154215017055,82.907203876064,946444197172.34,661407633632,69.88342636661154,,22563559318.55,22563559318.55,100,45853565913,37870073344,82.59,-23290006594.45,-15306514025.45,65.72138124296426,,-5098960096.450001,99199024970.33003,,987198802988.89,798476731946.3301,80.88307335146922,992297763085.34,699277706976,70.47055158138662,,2025-11-30 00:00:00
3,Kab. Mamuju,53091875707,54382123363,102.43,73577023656,49284354118,66.98,4533776476,4536483987,100.06,9172282030,8494907588.43,92.61,140374957869,116697869056.43,83.13,0,0,0,0,0,0,0,0,0,0,0,0,0,0,0,0,0,0,0,0,0,0,0,0,0,0,0,0,0,0,1008141780407,970993481295,96.32,0,0,0,0,0,0,42441295452,37624387362,88.65,1050583075859,1008617868657,96.01,0,0,0,0,0,0,1955852999,1955852999,100,1955852999,1955852999,100,1192913886727,1127271590712.43,94.5,,545725075754.44,505253978707,92.58,308192496920,237838813270,77.17,0,0,0,0,0,0,15897288163,3701242144,23.28,0,0,0,869814860837.44,746794034121,85.86,270285000,261418280,96.72,46929723344,34368279390,73.23,100586100988,57099519455,56.77,52467458576,33060761911,63.01,3838818500,937860940,24.43,228277200,120879000,52.95,204320663608,125848718976,61.593730537919264,880000000,109293041,12.42,5994642057,4499155720,75.05,150864311800,134608858994,89.23,156858953857,139108014714,88.6835027860873,1231874478302.44,1011860060852,82.13986722465211,,38960591575.44,38960591575.44,100,0,0,0,38960591575.44,38960591575.44,100,,6.103515625e-05,154372121435.86993,,1231874478302.44,1166232182287.8699,94.67134865030835,1231874478302.44,1011860060852,82.13986722465211,,19 Desember
4,Kab. Mamuju Tengah,23965016835,22563260674,94.15,36898921187,29589915680,80.19,1980000000,1162498116,58.71,2397998598,2411698848,100.57,65241936620,55727373318,85.42,7604575000,4409585100,57.99,361774134000,359785726203,99.45,123121902000,105557929138,85.73,0,0,0,492500611000,469753240441,95.38,0,0,0,0,0,0,0,0,0,50807179000,47980745620,94.44,50807179000,47980745620,94.44,543307790000,517733986061,95.29,17263960605.48,18963115442,109.84,0,0,0,17263960605.48,18963115442,109.84,560571750605.48,536697101503,95.74,0,0,0,0,0,0,8339182911,6866166963,82.34,8339182911,6866166963,82.34,634152870136.48,599290641784,94.5,,256322902842.46,219912095343,85.79,195117291217.66,155185536345,79.53,0,0,0,0,0,0,12118098779,8718026088,71.94,26000000,18000000,69.23,463584292839.12,383833657776,82.8,8296028191,2473162317,29.81,15710129687.35,9328409096,59.38,40498349634.88,29705527046,73.35,24343704865.13,15168669828,62.31,1624047090,379036817,23.34,1458911903,785457347,53.84,91931171371.36,57840262451,62.91692098358208,895000000,471829433,52.72,0,0,0,87616788800,83696389924,95.53,87616788800,83696389924,95.5255163654206,644027253010.48,525842139584,81.64905089434828,,13874382874,13874382874.43,100,4000000000,4000000000,100,9874382874,9874382874.43,100.00000000435472,,0,83322885074.43,,648027253010.48,613165024658.43,94.62025274552981,648027253010.48,529842139584,81.76232359404047,,19 Desember
5,Kab. Pasangkayu,45406848533,40017597575,88.13,35838476209,20077040772.5,56.02,3146110906,3371415869,107.16,2938890670,5278424854.13,179.61,87330326318,68744479070.63,78.72,0,0,0,0,0,0,0,0,0,0,0,0,0,0,0,0,0,0,0,0,0,0,0,0,0,0,0,0,0,0,683614998783,587247745039,85.9,0,0,0,0,0,0,25194842697,21188542818,84.1,708809841480,608436287857,85.84,500000000,374615700,74.92,0,0,0,7683296265,6897251409,89.77,8183296265,7271867109,88.86,804323464063,684452634036.63,85.1,,327596119265.18,262917489805,80.26,248656235030,187214680441.5,75.29,0,0,0,93745000,88695000,94.61,13153534535,9225682167,70.14,240000000,212000000,88.33,589739633830.18,459658547413.5,77.94,1044952700,1039340200,99.46,22516473777,12031429756.94,53.43,74290691245,59110952678.65,79.57,53986340781,42130865801,78.04,658779095,571843395,86.8,2233056650,1485574532,66.53,154730294248,116370006363.59,75.20828867362809,1469017800,50000000,3.4,4763214853,4023605294,84.47,101030890200,93770150069,92.81,105794105053,97793755363,92.43781145840589,851733050931.18,673872309140.09,79.11778325419695,,50409586868.18,50409586868.18,100,3000000000,0,0,47409586868.18,50409586868.18,106.3278340904791,,0,60989911764.72004,,854733050931.18,734862220904.81,85.97564117875423,854733050931.18,673872309140.09,78.84009029555448,,19 Desember
6,Kab. Polewali Mandar,52309420222,41371511222,79.09,252736175121,245056580731,96.96,4250126839,4150126839,97.65,15517132597,12755724655.12,82.2,324812854779,303333943447.12,93.39,0,0,0,0,0,0,0,0,0,0,0,0,0,0,0,0,0,0,0,0,0,0,0,0,0,0,0,0,0,0,1298217612000,1220000108426,93.98,0,0,0,0,0,0,39195815339,37998109101,96.94,1337413427339,1257998217527,94.06,0,11419149,0,0,0,0,0,0,0,0,11419149,0,1662226282118,1561343580123.12,93.93,,824399797660.38,781108103204.38,94.75,425802052957.17,328180104322.72,77.07,0,0,0,0,0,0,29414640469,19316667000,65.67,823047848,503500000,61.18,1280439538934.55,1129108374527.1,88.18,49850100,49850100,100,53879228118,44773186302,83.1,40530108971.5,25661695153,63.32,48437163282.5,35151082288,72.57,6961646106,2257053900,32.42,95000000,15000000,15.79,149952996578,107907867743,71.96112795709976,2535000000,1348300328,53.19,5824207235,5799096549,99.57,229466058800,176606096654,76.96,235290266035,182405193203,77.52347612028574,1668217801547.55,1420769735801.1,85.16692091902505,,5991519429.55,5980279429.55,99.81,0,0,0,5991519429.55,5980279429.55,99.81240150963102,,-4.863739013671875e-05,146554123751.57,,1668217801547.55,1567323859552.6702,93.95199224577966,1668217801547.55,1420769735801.1,85.16692091902505,,19 Desember
XXIV,Prov. Sulawesi Utara,1143261370444,1030773281505,90.16,248879815140,189669086202,76.21,71294004424,71294004424,100,49549990152,20780667980,41.94,1512985180160,1312517040111,86.75,0,0,0,0,0,0,0,0,0,0,0,0,0,0,0,0,0,0,0,0,0,0,0,0,0,0,0,0,0,0,2275920773000,2035570582824.95,89.44,0,0,0,0,0,0,0,0,0,2275920773000,2035570582824.95,89.44,875000000,947064000,108.24,0,0,0,0,0,0,875000000,947064000,108.24,3789780953160,3349034686935.95,88.37,,1725072839661.33,1464772846374,84.91,884924243589.16,638904412146,72.2,22368085016,22368085016,100,822000000,44500000,5.41,63196186412,35870781412,56.76,1170980000,723183069,61.76,2697554334678.49,2162683808017,80.17,5000000000,522682512,10.45,169470219150.08,116361888016,68.66,124264253341.67,79421766474,63.91,35406816268,15175737871,42.86,20021007300,9132829500,45.62,260000000,0,0,354422296059.75,220614904373,62.246339134321225,3178292098,667846500,21.01,576328016849.76,508412127180,88.22,4500000000,1500000000,33.33,580828016849.76,509912127180,87.790552863757,3635982939686,2893878686070,79.58999626989208,,62233493033,62233493033,100,216031506507,216031506506.95,100,-153798013474,-153798013473.95,99.99999999996749,,0,301357987392.0002,,3852014446193,3411268179968.95,88.55803184591777,3852014446193,3109910192576.95,80.73464510629024,,19 Desember
1,Kab. Bolaang Mongondow,49014287670.67,46655391559.72,95.19,19840547000,14953941941,75.37,3743236233,3643236233,97.33,4334227649.18,4893919837.39,112.91,76932298552.85,70146489571.11,91.18,123251448000,138961892200,112.75,590427543680,585670236674,99.19,152908392671,32220646979,21.07,0,0,0,866587384351,756852775853,87.34,0,0,0,0,0,0,0,0,0,152555540000,163854010524,107.41,152555540000,163854010524,107.41,1019142924351,920706786377,90.34,51126425551,36686786518,71.76,2000000000,0,0,53126425551,36686786518,69.06,1072269349902,957393572895,89.29,1090000000,0,0,0,0,0,10097615586.75,0,0,11187615586.75,0,0,1160389264041.6,1027540062466.11,88.55,,522177176647.88,406105166906,77.77,286074213547.55,155756984695,54.45,0,0,0,233250000,225250000,96.57,15659857500,8289640000,52.94,217446450,216109145,99.38,824361944145.43,570593150746,69.22,25200000,0,0,39040538101.25,21680163364,55.53,62396491706.71,25499308530,40.87,32762293390,20713597844,63.22,887527535,707048175,79.66,60000000,0,0,135172050732.95999,68600117913,50.75022354179075,1455008759,1284736967,88.3,6945148424,5334703980,76.81,229693843700,205287043304,89.37,236638992124,210621747284,89.00551231795019,1197627995761.3901,851099752910,71.06545237103569,,37238731719.79,0,0,0,0,0,37238731719.79,0,0,,0,176440309556.11,,1197627995761.3901,1027540062466.11,85.79793275564279,1197627995761.3901,851099752910,71.06545237103569,,19 Desember
2,Kab. Bolaang Mongondow Selatan,7748347994,7330242099,94.6,749420500,605401696,80.78,586354211,586354211,100,3525073770.24,2839284561.35,80.55,12609196475.24,11361282567.35,90.1,0,0,0,0,0,0,0,0,0,0,0,0,0,0,0,0,0,0,0,0,0,0,0,0,0,0,0,0,0,0,754879621773,621340832474,82.31,0,0,0,0,0,0,22892069604,13871424899,60.59,777771691377,635212257373,81.67,71500000,500000,0.7,0,0,0,15821380625,10805781707,68.3,15892880625,10806281707,67.99,806273768477.24,657379821647.35,81.53,,266574619589.04,212442398406,79.69,171535641268.73,127249392956,74.18,0,0,0,506225000,506225000,100,3268638400,2632517000,80.54,12159900000,8596900000,70.7,454045024257.77,351427433362,77.4,0,0,0,32989181453.74,11131438793.5,33.74,184439541939,105691457181,57.3,57687968957.2,38442304108,66.64,2078912000,2073552500,99.74,50000000,49705000,99.41,277245604349.94,157388457582.5,56.76860340185734,900000000,375000000,41.67,1031167437,0,0,97965010500,90048288660,91.92,98996177937,90048288660,90.96137905173033,831186806544.71,599239179604.5,72.0944046375773,,24913038067.47,24913038067.47,100,0,0,0,24913038067.47,24913038067.47,100,,3.0517578125e-05,83053680110.31998,,831186806544.71,682292859714.82,82.08658442873384,831186806544.71,599239179604.5,72.0944046375773,,2025-11-30 00:00:00
3,Kab. Bolaang Mongondow Timur,13614925502,8703050428,63.92,1449997000,1958866428,135.09,1200000000,1182513675,98.54,2095196533,2444880434.68,116.69,18360119035,14289310965.68,77.83,26347416000,24865791600,94.38,332477780000,331116903892,99.59,39743393000,31065012976,78.16,52798910000,24466664892,46.34,451367499000,411514373360,91.17,0,0,0,0,0,0,0,0,0,59957843000,48176202808,80.35,59957843000,48176202808,80.35,511325342000,459690576168,89.9,24473547528.24,17894603925.84,73.12,0,0,0,24473547528.24,17894603925.84,73.12,535798889528.24,477585180093.84,89.14,1067220000,1067220000,100,0,0,0,7471184868,711269516,9.52,8538404868,1778489516,20.83,562697413431.24,493652980575.52,87.73,,242680663676.58,216826200576,89.35,152970049772.28,98583532209,64.45,0,0,0,0,0,0,6271185871,3223085295,51.4,998500000,618500000,61.94,402920399319.86,319251318080,79.23,0,0,0,40246063245.14,25351834074.5,62.99,9514307576.61,1457705919,15.32,14890220282,7290193232,48.96,1587861132,0,0,0,0,0,66238452235.75,34099733225.5,51.480268748030625,991635602.51,217099203,21.89,1506492250.2,0,0,95457847500,68472699262,71.73,96964339750.2,68472699262,70.61637240907297,567114826908.32,422040849770.5,74.41894123475763,,4417413477.08,0,0,0,0,0,4417413477.08,0,0,,4.38690185546875e-05,71612130805.02002,,567114826908.32,493652980575.52,87.04638939995907,567114826908.32,422040849770.5,74.41894123475763,,05 Desember
4,Kab. Bolaang Mongondow Utara,9150413000,9112175114,99.58,1439158000,2253631544.61,156.59,890317096,890317096,100,1778366663,2296507619.58,129.14,13258254759,14552631374.19,109.76,0,0,0,0,0,0,0,0,0,0,0,0,0,0,0,0,0,0,0,0,0,0,0,0,0,0,0,0,0,0,554178314970,523063481635,94.39,0,0,0,0,0,0,23132213896,16878042665,72.96,577310528866,539941524300,93.53,0,0,0,0,0,0,20139174421,11017128467,54.7,20139174421,11017128467,54.7,610707958046,565511284141.19,92.6,,282594171828.51,273274023884,96.7,165759300713.8,98003992280,59.12,0,0,0,30000000,30000000,100,6754030332,4764025282,70.54,3302123700,2438130440,73.84,458439626574.31,378510171886,82.56,0,0,0,18737253792,8261390271,44.09,17832453404,10231781401,57.38,14649814625,6354320924.28,43.37,1492355600,217810700,14.6,250000000,173950000,69.58,52961877421,25239253296.28,47.65551095488987,2009681487,26000000,1.29,988425000,538425000,54.47,118606909500,116119840752,97.9,119595334500,116658265752,97.54416109936128,633006519982.31,520433690934.28,82.21616594862626,,22298561936.31,22298561936.31,100,0,0,0,22298561936.31,22298561936.31,100,,-5.7220458984375e-05,67376155143.21991,,633006519982.31,587809846077.5,92.85999867646338,633006519982.31,520433690934.28,82.21616594862626,,19 Desember
5,Kab. Kep. Talaud,12311562617,6381233823,51.83,24568859965,9973233675,40.59,1040000000,847173976,81.46,9116319787,2648800322.53,29.06,47036742369,19850441796.53,42.2,0,0,0,0,0,0,0,0,0,0,0,0,0,0,0,0,0,0,0,0,0,0,0,0,0,0,0,0,0,0,730969104000,627639955584,85.86,0,0,0,0,0,0,15333910931,16749684216,109.23,746303014931,644389639800,86.34,0,0,0,0,0,0,4694090896,2721135919,57.97,4694090896,2721135919,57.97,798033848196,666961217515.53,83.58,,377345355678.86,309927894051,82.13,188407310093.82,98842458388.25,52.46,0,0,0,185017072,94488000,51.07,9988223266.08,3813851720,38.18,2745499962,2091000000,76.16,578671406072.76,414769692159.25,71.68,700000000,0,0,22575791479.24,12486569715,55.31,15198345409,8990675609,59.16,32236710303,14364454705,44.56,921084250,4556550,0.49,0,0,0,71631931441.24,35846256579,50.04228680948641,5000000000,3456888129,69.14,3688042257,0,0,160685088425,119519374682,74.38,164373130682,119519374682,72.71223355429356,819676468196,573592211549.25,69.97787954211385,,22642620000,0,0,1000000000,0,0,21642620000,0,0,,0,93369005966.28003,,820676468196,666961217515.53,81.26968950159315,820676468196,573592211549.25,69.89261100785706,,12 Desember
6,Kab. Minahasa,74083690455,80324502820.26,108.42,3709962000,3131430200,84.41,4053492151,4053492151,100,44309850413.56,41366791883.73,93.36,126156995019.56,128876217054.99,102.16,0,0,0,0,0,0,0,0,0,0,0,0,0,0,0,0,0,0,0,0,0,0,0,0,0,0,0,0,0,0,1129861150000,996233838868,88.17,0,0,0,0,0,0,62864580136,59209880860,94.19,1192725730136,1055443719728,88.49,5905459249,4724367399,80,0,0,0,20820603396,9989141089,47.98,26726062645,14713508488,55.05,1345608787800.56,1199033445270.99,89.11,,592575853545.08,494023983266,83.37,374760862585.27,238012936994.5,63.51,3631331819,3694624479,101.74,756160000,67611800,8.94,29239016425.2,13032057000,44.57,1085875000,0,0,1002049099374.55,748831213539.5,74.73,0,0,0,42570626655.74,25348649727,59.54,65486504352.93,28718614107,43.85,26862437031.1,16527490553,61.53,3348039670,2388897300,71.35,376500000,97430250,25.88,138644107709.77,73081081937,52.71127864300151,20957819347.61,3367500000,16.07,7774365245.5,0,0,241026766200,216913980163,90,248801131445.5,216913980163,87.18367915079803,1410452157877.4302,1042193775639.5,73.89075693342785,,76717546620.87,76717546620.87,100,11874176544,11874176544,100,64843370076.869995,64843370076.869995,100,,-0.0001220703125,221683039708.36,,1422326334421.4302,1275750991891.8599,89.69467561822275,1422326334421.4302,1054067952183.5,74.10872784073639,,19 Desember
7,Kab. Minahasa Selatan,33725326127,30995161638,91.9,6729176872.92,4521996648,67.2,1324954484,1139370556,85.99,6539172156.77,4761663575.56,72.82,48318629640.69,41418192417.56,85.72,28560950000,27270551438,95.48,548580774000,545821178849,99.5,215174746000,180367090488,83.82,0,0,0,792316470000,753458820775,95.1,0,0,0,0,0,0,0,0,0,125360860000,93430552926,74.53,125360860000,93430552926,74.53,917677330000,846889373701,92.29,47289496668,39145282421,82.78,0,0,0,47289496668,39145282421,82.78,964966826668,886034656122,91.82,0,0,0,0,0,0,13229022006,11876968521,89.78,13229022006,11876968521,89.78,1026514478314.69,939329817060.56,91.51,,433001249826.29,432290026232,99.84,245700024866.28,188464886227.26,76.71,0,0,0,0,0,0,16389476000,15302266390,93.37,1500000000,1490000000,99.33,696590750692.57,637547178849.26,91.52,3170000000,0,0,46311334660.04,42473861774,91.71,56750299734.51,30802369765.12,54.28,32409400021.94,20116935123.5,62.07,2148131550,753402050,35.07,99165000,98950000,99.78,140888330966.49,94245518712.62,66.89377187315542,1989791118.49,1957000000,98.35,3895416021.61,2029086384,52.09,187708334556.39,155757067046,82.98,191603750578,157786153430,82.3502425991222,1031072623355.5499,891535850991.88,86.46683374158866,,8214395040.86,8231920040.86,100.21,3656250000,0,0,4558145040.86,8231920040.86,180.59802764211418,,1.430511474609375e-05,56025886109.540054,,1034728873355.5499,947561737101.42,91.57584769317847,1034728873355.5499,891535850991.88,86.16130021584249,,19 Desember
8,Kab. Minahasa Tenggara,15664338368,10658027377,68.04,6455570000,3913533024,60.62,969496505,969496505,100,4795423291,4986927217.43,103.99,27884828164,20527984123.43,73.62,0,0,0,0,0,0,0,0,0,0,0,0,0,0,0,0,0,0,0,0,0,0,0,0,0,0,0,0,0,0,598982712000,494248496584,82.51,0,0,0,0,0,0,29743221634,19816635564,66.63,628725933634,514065132148,81.76,2322170,30134222,1297.68,0,0,0,7000000000,2906565360,41.52,7002322170,2936699582,41.94,663613083968,537529815853.43,81,,291819947568.81,245927601772,84.27,168475540146.21,112991402463,67.07,0,0,0,0,0,0,6980541524,1469691524,21.05,50000000,0,0,467326029239.02,360388695759,77.12,1831000000,0,0,24563489863,13938564103,56.75,23490734256.38,8667458613,36.9,26323130619.39,13216279846,50.21,1830131808,0,0,1411046481,472166333,33.46,79449533027.77,36294468895,45.68241940744194,900000000,387217000,43.02,2211991000,923256730,41.74,141142366000,118385700276,83.88,143354357000,119308957006,83.22659980679904,691029919266.79,516379338660,74.72604647970942,,27416835298.79,27411981036.79,99.98,0,0,0,27416835298.79,27411981036.79,99.9822945940073,,-3.814697265625e-05,48562458230.21999,,691029919266.79,564941796890.22,81.75359432912043,691029919266.79,516379338660,74.72604647970942,,19 Desember
9,Kab. Minahasa Utara,85897000000,88742525995.06,103.31,4482198384,4279776017,95.48,1158645153,1158645153,100,40550837583.6,33735720374.92,83.19,132088681120.6,127916667539.98,96.84,0,0,0,0,0,0,0,0,0,0,0,0,0,0,0,0,0,0,0,0,0,0,0,0,0,0,0,0,0,0,872310928159,776171541716,88.98,0,0,0,0,0,0,39967071388,48687054875,121.82,912277999547,824858596591,90.42,0,0,0,0,0,0,12014700000,10760240838,89.56,12014700000,10760240838,89.56,1056381380667.6,963535504968.98,91.21,,436354074328.74,386878281069,88.66,350649055987.42,277891606947.44,79.25,0,0,0,325259900,238045000,73.19,19615416500,4181640820,21.32,3024000000,2931000000,96.92,809967806716.16,672120573836.44,82.98,0,0,0,27010807069.33,20753975295,76.84,60322010091.72,44517952675,73.8,26510287829.22,17516806448,66.08,3382622500,612119655,18.1,85000000,54450000,64.06,117310727490.27,83455304073,71.14038575877211,3850000000,0,0,9037919838.4,8290409083,91.73,164910939449.77,157656018511,95.6,173948859288.16998,165946427594,95.39954919686316,1105077393494.6,921522305503.44,83.38984318458442,,48696012827,48696012827,100,0,0,0,48696012827,48696012827,100,,-0.0001220703125,90709212292.54004,,1105077393494.6,1012231517795.98,91.59824676125059,1105077393494.6,921522305503.44,83.38984318458442,,19 Desember
10,Kab. Siau Tagulandang Biaro,6944347926,5617925122,80.9,13286257300,12256940196,92.25,580018449,549094244,94.67,2668908132,3737653896.47,140.04,23479531807,22161613458.47,94.39,0,0,0,0,0,0,0,0,0,0,0,0,0,0,0,0,0,0,0,0,0,0,0,0,0,0,0,0,0,0,528485890000,449773255778,85.11,0,0,0,0,0,0,14516472035,14085811605.35,97.03,543002362035,463859067383.35,85.42,0,0,0,0,0,0,5517617712,3418553874,61.96,5517617712,3418553874,61.96,571999511554,489439234715.82,85.57,,256312475694,216194174960.62,84.35,157918701760,101806820203,64.47,0,0,0,0,0,0,12091808078,2889238443,23.89,236000000,236000000,100,426558985532,321126233606.62,75.28,310000000,283173000,91.35,19925691477,12556395189,63.02,21700921578,12110422637,55.81,7393631557,4216974582,57.04,286427000,25000000,8.73,210000000,0,0,49826671612,29191965408,58.587026713960874,2762331000,1052000000,38.08,1951210910,0,0,99393212500,94012420360,94.59,101344423410,94012420360,92.7652624552043,580492411554,445382619374.62,76.72496840782362,,10492900000,0,0,2000000000,2000000000,100,8492900000,-2000000000,-23.549082174522248,,0,42056615341.20001,,582492411554,489439234715.82,84.02499758066745,582492411554,447382619374.62,76.8048837204715,,19 Desember
11,Kab. Kep. Sangihe,15936800000,12703004538,79.71,9413422111.08,2590434967,27.52,1751218428,1751218428,100,52684913865,39922032672,75.78,79786354404.08,56966690605,71.4,17978258000,15645491800,87.02,537350319000,391707182000,72.9,11362980000,9570160355,84.22,105600719467,74584851260,70.63,672292276467,491507685415,73.11,7694206000,3847103000,50,0,0,0,0,0,0,102362155000,80595655764,78.74,110056361000,84442758764,76.73,782348637467,575950444179,73.62,30879932983.07,17506338257.27,56.69,0,0,0,30879932983.07,17506338257.27,56.69,813228570450.07,593456782436.27,72.98,0,0,0,0,0,0,9050645413,5817413121,64.28,9050645413,5817413121,64.28,902065570267.15,656240886162.27,72.75,,423961446279.79,318140187197,75.04,241672068210.23,162006880253.15,67.04,10481084611,6170339694,58.87,0,0,0,10138342150,6648187908,65.57,124500000,112000000,89.96,686377441251.02,493077595052.15,71.84,0,0,0,18198266802.13,12776204853,70.21,27069512519,14903714989.46,55.06,26121789522,17157958077,65.68,2115896800,627760200,29.67,4500000,4500000,100,73509965643.13,45470138119.46,61.85574666189425,3862185544,382139200,9.89,3139320000,0,0,159307585600,124477641207,78.14,162446905600,124477641207,76.62666195286394,926196498038.15,663407513578.6101,71.62708075271564,,32696205589,32696205589,100,8565277818,0,0,24130927771,32696205589,135.49502074385038,,0,25529578172.659912,,934761775856.15,688937091751.27,73.70188956649102,934761775856.15,663407513578.6101,70.97075754632714,,05 Desember
12,Kota Bitung,94935355795,82716416181.55,87.13,5922805257,4112200598.4,69.43,5665204078,3665204078,64.7,1317388170.84,2992140402.79,227.13,107840753300.84,93485961260.74,86.69,0,0,0,0,0,0,0,0,0,0,0,0,0,0,0,0,0,0,0,0,0,0,0,0,0,0,0,0,0,0,706433613600,667297841781,94.46,0,0,0,0,0,0,39280676356.84,22512736628,57.31,745714289956.84,689810578409,92.5,0,0,0,0,0,0,14757888750,6377327908,43.21,14757888750,6377327908,43.21,868312932007.68,789673867577.74,90.94,,427819151372.67,395034071269.5,92.34,265320347390.18,186646420948.7,70.35,11602319410,11822628408,101.9,0,0,0,13483050808,7393285806,54.83,6000000000,5286055000,88.1,724224868980.85,606182461432.2,83.7,5165000000,3065000000,59.34,29421204002.9,22297215471,75.79,30737820052,17043405518,55.45,39610103592.78,28239583831,71.29,2453047400,54900000,2.24,0,0,0,107387175047.68,70700104820,65.83663718559418,566483720.02,12420513,2.19,0,0,0,0,0,0,0,0,0,832178527748.55,676894986765.2,81.3401168372527,,5164830692.87,13514574,0.26,41299234952,41099234952,99.52,-36134404259.13,-41085720378,113.70249827107352,,0,71693160434.54004,,873477762700.55,789687382151.74,90.40726803510675,873477762700.55,717994221717.2,82.19948490701832,,19 Desember
13,Kota Kotamobagu,37160742363,32091972586.41,86.36,7874593462,6478883621,82.28,1515892323,1515892323,100,83303631163,65967006024.78,79.19,129854859311,106053754555.19,81.67,24096704000,25879974800,107.4,395199700000,356191697736,90.13,77679409000,29641053856,38.16,0,0,0,496975813000,411712726392,82.84,0,0,0,0,0,0,0,0,0,13021107000,12925869200,99.27,13021107000,12925869200,99.27,509996920000,424638595592,83.26,27039528982,6140864763,22.71,0,0,0,27039528982,6140864763,22.71,537036448982,430779460355,80.21,0,0,0,0,0,0,4902000000,3103705268,63.32,4902000000,3103705268,63.32,671793308293,539936920178.19,80.37,,315563929398.98,252328150400,79.96,227334897411,174599302233.44,76.8,0,0,0,0,0,0,20597925373,15930276494,77.34,2305000000,430000000,18.66,565801752182.98,443287729127.44,78.35,0,0,0,21853937817,11610714110,53.13,24696734873,15645247216,63.35,18845263578,13007720306,69.02,1966587385,766669000,38.98,0,0,0,67362523653,41030350632,60.909758730769745,600000000,293762000,48.96,652447500,652447500,100,54950747400,54462859600,99.11,55603194900,55115307100,99.12255437681694,689367470735.98,539727148859.44,78.29309791528435,,17574162442.98,17574162442.98,100,0,0,0,17574162442.98,17574162442.98,100,,0,17783933761.73,,689367470735.98,557511082621.17,80.87284449699405,689367470735.98,539727148859.44,78.29309791528435,,12 Desember
14,Kota Manado,467000000000,472974284699.46,101.28,20432668998,18373828331,89.92,5000000000,4877133517,97.54,9052796967,11075305673.77,122.34,501485465965,507300552221.23,101.16,0,0,0,0,0,0,0,0,0,0,0,0,0,0,0,0,0,0,0,0,0,0,0,0,0,0,0,0,0,0,1118833164000,947323551442,84.67,0,0,0,0,0,0,137583076169,107799836859.22,78.35,1256416240169,1055123388301.22,83.98,0,1924196590.14,0,0,0,0,40170940000,22243442023,55.37,40170940000,24167638613.14,60.16,1798072646134,1586591579135.59,88.24,,715622577021.93,572947375698,80.06,672777060170.27,473909118902,70.44,11500000000,10922156416,94.98,0,0,0,63787793560,40628908000,63.69,3826000000,1060000000,27.71,1467513430752.2,1099467559016,74.92,2100000000,1300514000,61.93,54520355125.8,29569452129,54.24,113293261002,63122168521,55.72,176492224925,77275078966,43.78,7461671014,2426722945,32.52,478673000,103785000,21.68,354346185066.8,173797721561,49.04743690925763,4691150442,0,0,0,0,0,100000000,0,0,100000000,0,0,1826650766261,1273265280577,69.70491043470048,,74378120127,46378120126.95,62.35,45800000000,45752316687,99.9,28578120127,625803439.949997,2.189799179123581,,0,313952101998.5401,,1872450766261,1632969699262.54,87.21028764474981,1872450766261,1319017597264,70.44337939511638,,19 Desember
15,Kota Tomohon,42975585646,36684349996,85.36,25243145000,15549471586,61.6,3800000000,3080810919,81.07,4490169160,2084231027.38,46.42,76508899806,57398863528.38,75.02,0,0,0,0,0,0,0,0,0,0,0,0,0,0,0,0,0,0,0,0,0,0,0,0,0,0,0,0,0,0,564551094000,557377908609,98.73,0,0,0,0,0,0,29507110022,22916460689.41,77.66,594058204022,580294369298.41,97.68,0,0,0,0,0,0,10638434000,5239232344,49.25,10638434000,5239232344,49.25,681205537828,642932465170.79,94.38,,307736771501,280831724882,91.26,255257799266.92,187586461145,73.49,4720536153,4667167507,98.87,0,0,0,15263584853.38,7795614852,51.07,2400329223,1096915190,45.7,585379020997.3,481977883576,82.34,625000000,272000000,43.52,18517087062.95,6558964247,35.42,17284365725.75,9812799546,56.77,40823216984,20720650368,50.76,1132081725,366558400,32.38,115000000,0,0,78496751497.7,37730972561,48.066922313473746,6141525272.21,3876481655,63.12,0,0,0,0,0,0,0,0,0,670017297767.21,523585337792,78.14504782739414,,9381759939.21,9381759939.21,100,20570000000,20559091300,99.95,-11188240060.79,-11177331360.79,99.90249851682901,,3.814697265625e-05,108169796018.00003,,690587297767.21,652314225110,94.45789507264996,690587297767.21,544144429092,78.79444508338258,,19 Desember
XXV,Prov. Gorontalo,357247042700,366853349947,102.69,35423011100,47154865576,133.12,5000000000,11523134919,230.46,14819178321,17273944486,116.56,412489232121,442805294928,107.35,32433889000,26697536700,82.31,1003207216000,968585716271,96.55,228670942000,217336770171,95.04,0,0,0,1264312047000,1212620023142,95.91,6703030000,6703030000,100,0,0,0,0,0,0,0,0,0,6703030000,6703030000,100,1271015077000,1219323053142,95.93,0,0,0,0,0,0,0,0,0,1271015077000,1219323053142,95.93,0,0,0,0,0,0,400000000,9450828321,2362.71,400000000,9450828321,2362.71,1683904309121,1671579176391,99.27,,812325631017,667485155498,82.17,627150834844,480001168094.88,76.54,5854466805,5378534016,91.87,0,0,0,21432912456,18333567622,85.54,6728000000,6016048000,89.42,1473491845122,1177214473230.88,79.89,2000000000,0,0,37244534789,28732758986.03,77.15,51990597104,31337927732.42,60.28,25923007019,15811092718,60.99,137800000,0,0,0,0,0,117295938912,75881779436.45,64.69258879745145,8104546510,735567806,9.08,159822223203,151058370306,94.52,5741503002,3200000000,55.73,165563726205,154258370306,93.17159853904123,1764456056749,1408090190779.3298,79.80307502663047,,99587130872,99587130872,100,19035383244,16935383244,88.97,80551747628,82651747628,102.60701978769984,,0,346140733239.67017,,1783491439993,1771166307263,99.30893233050514,1783491439993,1425025574023.3298,79.90089226494538,,19 Desember
1,Kab. Boalemo,21763625967.46,14217988468,65.33,2195056000,1047630999,47.73,7116653612,7116653612,100,58090176099.56,48347809784.63,83.23,89165511679.02,70730082863.63,79.32,8803171000,7235568100,82.19,450539173035,440189196235,97.7,51826027388,44256066284,85.39,107961798009,103463628328,95.83,619130169432,595144458947,96.13,8830378000,8830786000,100,0,0,0,0,0,0,69679459000,66433604824,95.34,78509837000,75264390824,95.87,697640006432,670408849771,96.1,17833978644,14979173128,83.99,0,0,0,17833978644,14979173128,83.99,715473985076,685388022899,95.79,842800000,567800000,67.37,0,0,0,0,0,0,842800000,567800000,67.37,805482296755.02,756685905762.63,93.94,,411282365777.59,379634730850.02,92.31,189588001129.28,126118855612.65,66.52,0,0,0,0,0,0,6294090384,5514807974,87.62,0,0,0,607164457290.87,511268394436.67,84.21,595000000,570330000,95.85,47783193689,38906999713,81.42,32593344219,22131113964,67.9,22158757678,13850341527,62.51,4645079276,1732523250,37.3,345000000,144950000,42.01,108120374862,77336258454,71.52792297724507,1000000000,602883300,60.29,2396068233,626184427,26.13,116196000986,108949842486,93.76,118592069219,109576026913,92.39743233643189,834876901371.87,698783563103.6699,83.6989934630397,,29394604616.85,0,0,0,0,0,29394604616.85,0,0,,0,57902342658.96008,,834876901371.87,756685905762.63,90.63442820363619,834876901371.87,698783563103.6699,83.6989934630397,,19 Desember
2,Kab. Bone Bolango,36232103069,26741430554,73.81,96626128144,63043154617,65.24,2500000000,2315869720,92.63,4862912678,5571586406.84,114.57,140221143891,97672041297.84,69.66,0,0,0,0,0,0,0,0,0,0,0,0,0,0,0,0,0,0,0,0,0,0,0,0,0,0,0,0,0,0,811419390000,776780196320,95.73,0,0,0,0,0,0,19809102813,19495918981,98.42,831228492813,796276115301,95.8,245000000,0,0,0,0,0,1186657773,222267,0.02,1431657773,222267,0.02,972881294477,893948378865.84,91.89,,425038317861,407685325427,95.92,257274064549.23,167188004593,64.98,5475103605,4982160562,91,0,0,0,7790915290,6849886340,87.92,0,0,0,695578401305.23,586705376922,84.35,842300000,742100000,88.1,30392833486,12169235496,40.04,23785063735,14415539812,60.61,21425160998,8039941270,37.53,2423415117,66037800,2.72,66000000,0,0,78934773336,35432854378,44.88877699968011,1887500000,697320000,36.94,3890300000,1945150000,50,168666775237,192165617851,113.93,172557075237,194110767851,112.49076143901773,948957749878.23,816946319151,86.08879786859113,,21113761979.23,33177723089.77,157.14,45037306578,41236322335,91.56,-23923544598.77,-8058599245.23,33.68480457383527,,0,68943460469.60997,,993995056456.23,927126101955.61,93.27270753850428,993995056456.23,858182641486,86.33671122526248,,19 Desember
3,Kab. Gorontalo,65149132816,60235995956,92.46,115650690022,92296265218.87,79.81,3818166046,3818166046,100,2664782267,5640458093.08,211.67,187282771151,161990885313.95,86.5,10841580100,9531824400,87.92,742521682000,729595607649,98.26,268681469000,162555127820,60.5,0,0,0,1022044731100,901682559869,88.22,7805609000,7805609000,100,0,0,0,0,0,0,160530028000,137778796386,85.83,168335637000,145584405386,86.48,1190380368100,1047266965255,87.98,31317530791,44294507655,141.44,0,0,0,31317530791,44294507655,141.44,1221697898891,1091561472910,89.35,5391630000,1901875000,35.27,0,0,0,0,2165213510,0,5391630000,4067088510,75.43,1414372300042,1257619446733.95,88.92,,631555140514.7,534348776290,84.61,352515236354.25,274865160477.86,77.97,571095088,571095088,100,0,0,0,17041724242,4257494240,24.98,239214700,0,0,1001922410898.95,814042526095.86,81.25,0,0,0,29188734323,19681360124,67.43,45632314481,30632265486,67.13,32228930467,25758180768,79.92,5706577900,1419241481,24.87,196500000,0,0,112953057171,77491047859,68.60464851490124,6000000000,3727691875,62.13,9230474957,5702934696,61.78,246793523956,222367690822,90.1,256023998913,228070625518,89.08173705836894,1376899466982.95,1123331891347.8599,81.58416197293582,,30298348752.95,0,0,65816977092,54856413692,83.35,-35518628339.05,-54856413692,154.44406571210294,,1954204720.0000458,79431141694.09009,,1444670648794.95,1257619446733.95,87.05232904004619,1442716444074.95,1178188305039.8599,81.66457864111322,,12 Desember
4,Kab. Gorontalo Utara,18422152894,14981569648,81.32,2431346770,1562817306,64.28,3600000000,3502436856,97.29,28107315748,12614858606,44.88,52560815412,32661682416,62.14,7130090000,6834125500,95.85,399960143000,396420340490,99.11,130224182000,108842615738,83.58,0,0,0,537314415000,512097081728,95.31,7397245000,7397245000,100,0,0,0,0,0,0,91709286000,86765804432,94.61,99106531000,94163049432,95.01,636420946000,606260131160,95.26,14547178384,18236248761,125.36,3200000000,3200000000,100,17747178384,21436248761,120.79,654168124384,627696379921,95.95,520000000,0,0,0,0,0,9780657941,7079978730,72.39,10300657941,7079978730,68.73,717029597737,667438041067,93.08,,340281249450.48,331318007774.34,97.37,151933023274.22,107996970599,71.08,6546600000,5414910713,82.71,0,0,0,14065436588,12151458063,86.39,665000000,85000000,12.78,513491309312.7,456966347149.34,88.99,351594000,150686000,42.86,28679943765.16,15718577407,54.81,19212919110.59,13678037767.98,71.19,6653245875,3880892831,58.33,1815244100,87754700,4.83,1252500000,961609570,76.78,57965446850.75,34477558275.979996,59.479500545821985,500000000,204088093,40.82,2085360000,907594688,43.52,133021538203.15,124915457439,93.91,135106898203.15,125823052127,93.12851808484969,707063654366.6,617471045645.3201,87.32891894980254,,9890256629.6,9890256629.6,100,19856200000,19756159616,99.5,-9965943370.4,-9865902986.4,98.99617747882121,,2.47955322265625e-05,40101092435.27993,,726919854366.6,677328297696.6,93.1778508494294,726919854366.6,637227205261.3201,87.66127399513205,,19 Desember
5,Kab. Pohuwato,32180000000,35009716857,108.79,84675149342,50174233576,59.25,2727821762,2727821762,100,10140328641.62,3623128859,35.73,129723299745.62,91534901054,70.56,0,0,0,0,0,0,0,0,0,0,0,0,0,0,0,0,0,0,0,0,0,0,0,0,0,0,0,0,0,0,785482996000,658258869477,83.8,0,0,0,0,0,0,31750000000,24243845199,76.36,817232996000,682502714676,83.51,0,0,0,0,0,0,0,0,0,0,0,0,946956295745.62,774037615730,81.74,,434812818256.14,396743885480,91.24,252317236713.27,165592238214,65.63,8128467707,0,0,0,0,0,12940462103,8418299182,65.05,0,0,0,708198984779.41,570754422876,80.59,50000000,0,0,42103011969.21,29637722177,70.39,34787518111,24308515405,69.88,32565156582,24099983098,74.01,2552662948,0,0,0,0,0,112058349610.20999,78046220680,69.64784056831135,3729792000,3347380000,89.75,3667871500,1992409616,54.32,140320185000,129160988997,92.05,143988056500,131153398613,91.0863038234008,967975182889.62,783301422169,80.92164303537949,,33122456040,33122456040.9,100,12931526896,0,0,20190929144,33122456040.9,164.04621998657638,,-827958000,23858649601.9,,980078751785.62,807160071770.9,82.35665453417117,980906709785.62,783301422169,79.85483373237327,,19 Desember
6,Kota Gorontalo,116404000000,109116069260,93.74,244843190500,200688870144.24,81.97,5500000000,5028134435,91.42,16073402162,9606927560.91,59.77,382820592662,324440001400.15,84.75,14356794000,11771394200,81.99,543996994000,451828224701,83.06,107534949000,70830554125,65.87,0,0,0,665888737000,534430173026,80.26,17196936000,17196936000,100,0,0,0,0,0,0,0,0,0,17196936000,17196936000,100,683085673000,551627109026,80.76,33973016243,13265848687,39.05,0,0,0,33973016243,13265848687,39.05,717058689243,564892957713,78.78,626000000,683500000,109.19,0,0,0,6000000000,6094210234,101.57,6626000000,6777710234,102.29,1106505281905,896110669347.15,80.99,,484787583602.96,434789953746,89.69,490314510908.04,380966566616.47,77.7,0,0,0,0,0,0,9974226483,3344527089,33.53,2830415000,1674938145,59.18,987906735994,820775985596.47,83.08,5000204,0,0,42107574963,21566123158,51.22,19966041498,8748133972.7,43.82,14294433722,6220573462,43.52,1963900666,120000000,6.11,50000000,0,0,78386951053,36654830592.7,46.76139344661646,8572332791,7413109329,86.48,0,0,0,600000000,0,0,600000000,0,0,1075466019838,864843925518.1699,80.41573695173032,,12236108190,12236108190,100,43275370257,0,0,-31039262067,12236108190,-39.4213888319499,,0,43502852018.9801,,1118741390095,908346777537.15,81.1936329145752,1118741390095,864843925518.1699,77.30507990275841,,12 Desember
XXVI,Prov. Sulawesi Tengah,2080500000000,1606306794240.35,77.21,52265916170,24893621329,47.63,50100000000,52785622487,105.36,402800170631.1,224343077219.67,55.7,2585666086801.1,1908329115276.02,73.8,964520416000,703521315900,72.94,1590676442000,1466473799155,92.19,56071519000,33205078922,59.22,504696592000,497968522112,98.67,3115964969000,2701168716089,86.69,5675543000,2837771500,50,0,0,0,0,0,0,0,0,0,5675543000,2837771500,50,3121640512000,2704006487589,86.62,0,0,0,0,0,0,0,0,0,3121640512000,2704006487589,86.62,1929412500,1252487000,64.92,0,0,0,36345524481,38670925702.74,106.4,38274936981,39923412702.74,104.31,5745581535782.1,4652259015567.76,80.97,,1991913371932.73,1589840317304,79.81,2049304230206.01,1226869808636.39,59.87,0,0,0,0,0,0,151766970224.75,85850384260,56.57,7651124628,4588731431,59.97,4200635696991.49,2907149241631.39,69.21,1097510400,1097510400,100,191577085065.28,73210931155,38.21,215719975279,155968428400,72.3,223982139563,180398641079.02,80.54,21336043618,4532568677,21.24,247069300,46447950,18.8,653959823225.28,415254527661.02,63.49847695734828,500000000,0,0,999852442450.62,684424072800.04,68.45,19150000000,16850000000,87.99,1019002442450.62,701274072800.04,68.8196655459953,5874097962667.391,4023677842092.45,68.49865064669987,,128516426885.29,128516426885.29,100,0,0,0,128516426885.29,128516426885.29,100,,-0.0010223388671875,757097600360.5996,,5874097962667.39,4780775442453.05,81.38739722825683,5874097962667.391,4023677842092.45,68.49865064669987,,19 Desember
1,Kab. Banggai,138118188864,127178953343,92.08,27915711026,20417874103,73.14,5714244284,7865079064,137.64,122755758125,124516032199.29,101.43,294503902299,279977938709.29,95.07,1133302981000,821107791040,72.45,918990879000,886633095923,96.48,239329672000,107851510035,45.06,0,0,0,2291623532000,1815592396998,79.23,0,0,0,0,0,0,0,0,0,219083010000,199926730408,91.26,219083010000,199926730408,91.26,2510706542000,2015519127406,80.28,112094389201,61988060669.37,55.3,100000000,100000000,100,112194389201,62088060669.37,55.34,2622900931201,2077607188075.37,79.21,0,0,0,0,0,0,24844882188,16765043249,67.48,24844882188,16765043249,67.48,2942249715688,2374350170033.66,80.7,,1141011759235.39,881717413708,77.28,1058959880066.99,732566016195.85,69.18,0,0,0,404000000,403884960,99.97,53566705002.2,40638049199,75.86,30000000,0,0,2253972344304.58,1655325364062.85,73.44,10706938926.35,10177582000,95.06,112291876222,64403635893,57.35,200645566281.21,107744816293,53.7,321030847290.86,179306428541,55.85,565141000,383478000,67.86,460000000,91897000,19.98,645700369720.4199,362107837727,56.07985603040434,6430343600,300000000,4.67,16603389990,16470475968,99.2,393398992500,373474531328,94.94,410002382490,389945007296,95.10798569701258,3316105440115,2407678209085.85,72.60559872313208,,377655724427,0,0,3800000000,3800000000,100,373855724427,-3800000000,-1.0164348842923756,,0,-37128039052.18994,,3319905440115,2374350170033.66,71.51860837191235,3319905440115,2411478209085.85,72.6369546538144,,19 Desember
2,Kab. Banggai Kep.,13770353698.25,9948796826.55,72.25,3112870914.6,1448093691.33,46.52,6231000000,6190764918,99.35,48481555841.22,7363370624.45,15.19,71595780454.07,24951026060.33,34.85,0,0,0,0,0,0,0,0,0,0,0,0,0,0,0,0,0,0,0,0,0,0,0,0,0,0,0,0,0,0,748159091000,697651293880,93.25,0,0,0,0,0,0,46298656741,24410393644.79,52.72,794457747741,722061687524.79,90.89,100000000,100000000,100,0,0,0,0,0,0,100000000,100000000,100,866153528195.07,747112713585.12,86.26,,430664089688.18,411714307437,95.6,200424534744.6,116194140986,57.97,0,0,0,0,0,0,9484315578,8574858571,90.41,4485214520,2405682000,53.64,645058154530.78,538888988994,83.54,1174246151,792063583,67.45,12227757816,5729108509,46.85,28535167638,21414594560,75.05,60341356867,47380844258,78.52,2077465900,164808022,7.93,0,0,0,104355994372,75481418932,72.33069780632803,522973368.94,238458000,45.6,1547727040,807527200,52.18,161649722000,140453443068,86.89,163197449040,141260970268,86.55832005889789,913134571311.72,755869836194,82.77748537197438,,50341043116.65,50341043116.65,100,3360000000,0,0,46981043116.65,50341043116.65,107.15182077089563,,0,41583920507.77,,916494571311.72,797453756701.77,87.01129080998543,916494571311.72,755869836194,82.47401128761427,,19 Desember
3,Kab. Banggai Laut,9784798677,4881024892,49.88,2887700000,2067004531,71.58,3325232154,3325232154,100,30185770764,14532269425,48.14,46183501595,24805531002,53.71,60690814866,59458232158,97.97,401227038000,397029358909,98.95,0,0,0,79875025568,74015665405,92.66,541792878434,530503256472,97.92,0,0,0,0,0,0,0,0,0,48450096000,46940816520,96.88,48450096000,46940816520,96.88,590242974434,577444072992,97.83,36853657520,29960063187.55,81.29,100000000,100000000,100,36953657520,30060063187.55,81.35,627196631954,607504136179.55,96.86,14440463298,0,0,0,0,0,4365042334.2,8033280611.91,184.04,18805505632.2,8033280611.91,42.72,692185639181.2,640342947793.46,92.51,,319613112162,276147229122,86.4,219705007663,159490298777.1,72.59,0,0,0,0,0,0,7257749887,5866118461,80.83,200000000,200000000,100,546775869712,441703646360.1,80.78,285782493,0,0,14275434645,8137427218,57,24835818090,15282695764,61.53,34492262211,15831371413,45.9,1573539960,176458800,11.21,293664000,293659227,100,75756501399,39721612422,52.43327198122739,1500000000,954089000,63.61,1036129261,977264696,94.32,93402582000,91424133550,97.88,94438711261,92401398246,97.84271408642005,718471082372,574780746028.1,80.00054005381638,,30285443190.8,0,0,4000000000,4000000000,100,26285443190.8,-4000000000,-15.217548248910692,,-4.9591064453125e-05,61562201765.359985,,722471082372,640342947793.46,88.63232915718939,722471082372,578780746028.1,80.11126813932272,,19 Desember
4,Kab. Buol,14204644666,14827315983.05,104.38,3398262000,6671650042,196.33,5196700567,5196700567,100,71469760200,72606524977.38,101.59,94269367433,99302191569.43,105.34,97817319050,69846345372,71.4,504435273000,499347010903,98.99,28506819000,19638002145,68.89,96487665240,66315264432,68.73,727247076290,655146622852,90.09,0,0,0,0,0,0,0,0,0,85784388000,84355921366,98.33,85784388000,84355921366,98.33,813031464290,739502544218,90.96,47076218763,26488756128.14,56.27,200000000,200000000,100,47276218763,26688756128.14,56.45,860307683053,766191300346.14,89.06,0,0,0,0,0,0,15265000000,6609600352,43.3,15265000000,6609600352,43.3,969842050486,872103092267.57,89.92,,482952731243.08,475190675425,98.39,246709368132.28,189711549178.36,76.9,0,0,0,0,0,0,9041376297,5050501250,55.86,809660367,588160000,72.64,739513136039.36,670540885853.36,90.67,882547000,881823000,99.92,31975941737.75,20624123378.9,64.5,45093353606.76,25751249721,57.11,29272927362.13,19595478746.8,66.94,3044652914,702985660,23.09,228500000,58880000,25.77,110497922620.64001,67614540506.7,61.19077979305849,2495000000,1987916493,79.68,1514029055,602426343,39.79,145767578705,132435713609,90.85,147281607760,133038139952,90.32909266497812,999787666420,873181482805.0599,87.33669279315212,,29945615934,29945615934.43,100,0,0,0,29945615934,29945615934.43,100.00000000143594,,0,28867225396.94001,,999787666420,902048708202,90.22402841115456,999787666420,873181482805.0599,87.33669279315212,,19 Desember
5,Kab. Donggala,113285000000,99084481983.4,87.46,3018917500,9962059961,329.99,5493161486,0,0,31503196120.14,91149943967.75,289.34,153300275106.14,200196485912.15,130.59,80167193000,63336194200,79.01,733879281000,651648298250,88.8,36053558000,24763355651,68.68,213340557000,180374816454,84.55,1063440589000,920122664555,86.52,21769868000,21769868000,100,0,0,0,0,0,0,137918919000,130861215600,94.88,159688787000,152631083600,95.58,1223129376000,1072753748155,87.71,79716931559,45840040711.45,57.5,100000000,0,0,79816931559,45840040711.45,57.43,1302946307559,1118593788866.45,85.85,0,2251598000,0,0,0,0,28723500699,14070142183,48.98,28723500699,16321740183,56.82,1484970083364.14,1335112014961.6,89.91,,709780446267.38,542882521490,76.49,410822848092,287994378257.56,70.1,0,0,0,0,0,0,9899799662,3379947662,34.14,3706000000,3139000000,84.7,1134209094021.38,837395847409.56,73.83,2450000000,1144950000,46.73,62912908373,40557920288,64.47,48124291520,21982226450,45.68,112127726193,36923677881,32.93,5744311790,863611570,15.03,100000000,29947680,29.95,231459237876,101502333869,43.85322219170963,18000000000,17861078726,99.23,7947906853,898753222.48,11.31,218502205400,183756052928,84.1,226450112253,184654806150.48,81.54326103586806,1610118444150.38,1141414066155.04,70.8900683860768,,126148360786.24,126148360786.24,100,1000000000,0,0,125148360786.24,126148360786.24,100.79905161659133,,0,319846309592.80005,,1611118444150.38,1461260375747.84,90.69850705597457,1611118444150.38,1141414066155.04,70.84606785424535,,05 Desember
6,Kab. Morowali,589684302035,506982960379.92,85.98,255864000000,205830430997,80.45,2400000000,5048125362,210.34,65860000000,92956208541.51,141.14,913808302035,810817725280.43,88.73,0,0,0,0,0,0,0,0,0,0,0,0,0,0,0,0,0,0,0,0,0,0,0,0,0,0,0,0,0,0,1546862356000,1167457165304,75.47,0,0,0,0,0,0,73419488204,32952823229.61,44.88,1620281844204,1200409988533.61,74.09,0,0,0,0,0,0,11115816759,0,0,11115816759,0,0,2545205962998,2011227713814.04,79.02,,813770813917.78,580268400635,71.31,1089043917397.46,649023525892.17,59.6,1664000000,892157393.44,53.62,0,0,0,90678271790,68298498383,75.32,39510350890,12863500000,32.56,2034667353995.24,1311346082303.61,64.45,46997982885,34938069609,74.34,179024912460.16,107687069408,60.15,460480172396.84,258110069996.33,56.05,363926992219.61,178632798489,49.08,3946767940,806274100,20.43,127650000,87550000,68.59,1054504477901.61,580261831602.33,55.02696705062935,2000000000,468222000,23.41,99554830204,83523012244,83.9,212028092000,197192784217,93,311582922204,280715796461,90.09344750840015,3402754754100.85,2172791932366.94,63.8539092406935,,872611409652.85,872616580852.85,100,15062618550,14770966733.67,98.06,857548791102.85,857845614119.1799,100.0346129595668,,0,696281395566.28,,3417817372650.85,2883844294666.89,84.37678144371384,3417817372650.85,2187562899100.6099,64.00467493100551,,19 Desember
7,Kab. Morowali Utara,166920859600,35003692797,20.97,38625000000,8522223104,22.06,5229148166,4846449880,92.68,93040036817,40220225143.19,43.23,303815044583,88592590924.19,29.16,0,0,0,0,0,0,0,0,0,0,0,0,0,0,0,0,0,0,0,0,0,0,0,0,0,0,0,0,0,0,1190741096000,1045974787290,87.84,0,0,0,0,0,0,56938677533,30328853281.12,53.27,1247679773533,1076303640571.12,86.26,0,0,0,0,0,0,8820633219,4281012297,48.53,8820633219,4281012297,48.53,1560315451335,1169177243792.31,74.93,,635149006811.76,469847101484,73.97,417058332545.91,288496189240.01,69.17,1234408663,760838806,61.64,0,0,0,20217277496.46,17932649396,88.7,15235252930,9433784000,61.92,1088894278447.13,786470562926.01,72.23,822000050,533000000,64.84,52170166565,37449003544,71.78,57957397981.88,38468127111.18,66.37,149784670619.81,92478500319.62,61.74,70000000,0,0,0,0,0,260804235216.69,168928630974.8,64.77219621623289,3150000000,606592000,19.26,231800000,0,0,218780078500,166456607509,76.08,219011878500,166456607509,76.00346093054492,1571860392163.82,1122462393409.81,71.40980197768266,,67722190412.82,67722190412.82,100,56177249584,49365561231,87.87,11544940828.82,18356629181.82,159.00150077855545,,-6.866455078125e-05,65071479564.32,,1628037641747.82,1236899434205.1301,75.97486707231327,1628037641747.82,1171827954640.81,71.97793985787486,,19 Desember
8,Kab. Parigi Moutong,57913204000,51662340302.5,89.21,5328755083,4456818827,83.64,8179371796,8179371796,100,108447630075,90685728557.22,83.62,179868960954,154984259482.72,86.17,0,0,0,0,0,0,0,0,0,0,0,0,0,0,0,0,0,0,0,0,0,0,0,0,0,0,0,0,0,0,1473390311000,1239533648322,84.13,0,0,0,0,0,0,124197627783.9,70666556294.26,56.9,1597587938783.9,1310200204616.26,82.01,600000000,600000000,100,0,0,0,44209536531,31757674722,71.83,44809536531,32357674722,72.21,1822266436268.9,1497542138820.98,82.18,,819264528100.41,689760317216,84.19,488065733264.54,337152156285.95,69.08,20000000,6511281.94,32.56,0,0,0,65245684637.99,37156140565,56.95,2428853600,1828478000,75.28,1375024799602.94,1065903603348.89,77.52,157800000,157800000,100,42735025950,19667318729,46.02,54787800017,41100581336,75.02,27652314837,13603176707,49.19,7855148700,2898658600,36.9,5430865434,309744213,5.7,138618954938,77737279585,56.07983382919709,7450000000,5749843252,77.18,6502077344,5012570951,77.09,322341932300,262782933777,81.52,328844009644,267795504728,81.4354213166024,1849937764184.94,1417186230913.8901,76.60723827313646,,28921327916.04,28921327916.04,100,1250000000,227562334,18.2,27671327916.04,28693765582.04,103.69493531030483,,-3.814697265625e-05,109049673489.12985,,1851187764184.94,1526463466737.02,82.45859746210601,1851187764184.94,1417413793247.8901,76.56780261142033,,19 Desember
9,Kab. Poso,52503951783.11,40086382987.17,76.35,7601953659,4059833133,53.41,5951368388,0,0,68732441099.05,57312210739.67,83.38,134789714929.16,101458426859.84,75.27,84153956000,63953183092,76,707005068000,610359414202,86.33,37079695000,25793105492,69.56,135380795574,69477226435,51.32,963619514574,769582929221,79.86,7331024000,3665512000,50,0,0,0,0,0,0,117931961000,62044657816,52.61,125262985000,65710169816,52.46,1088882499574,835293099037,76.71,98686391625,42940633828.7,43.51,2150000000,750000000,34.88,100836391625,43690633828.7,43.33,1189718891199,878983732865.7,73.88,0,0,0,0,0,0,18143929999,12518611038,69,18143929999,12518611038,69,1342652536127.16,992960770763.54,73.96,,654926570330,518513750057,79.17,397488459428.4,251366878901.5,63.24,977753171.49,0,0,0,0,0,12442367840,6669956676,53.61,2140000000,1290000000,60.28,1067975150769.89,777840585634.5,72.83,3025320665,0,0,16618812953.5,11480154392,69.08,62708890137,22161443878.78,35.34,77640027612,46025991434,59.28,318086700,10000000,3.14,552600000,381879400,69.11,160863738067.5,80059469104.78,49.76849976666976,5475434019.4,3124088000,57.06,6010590544.21,0,0,195403758400,116474597407,59.61,201414348944.21,116474597407,57.82835136500749,1435728671801,977498740146.28,68.08380715278818,,105238367959.84,62985016121.9,59.85,12162232286,10565860498,86.87,93076135673.84,52419155623.9,56.31857752194255,,0,67881186241.16001,,1447890904087,1055945786885.4401,72.92992751765992,1447890904087,988064600644.28,68.24164706437784,,2025-11-21 00:00:00
10,Kab. Sigi,47352244583,33852662092,71.49,2422050000,1686503040,69.63,2337214390,2337214390,100,51645097227,43870604348.83,84.95,103756606200,81746983870.83,78.79,79162852000,61400918600,77.56,646984503276,596254218995,92.16,16292574429,9027795988,55.41,166648922723,130551599123,78.34,909088852428,797234532706,87.7,21514135000,21514135000,100,0,0,0,0,0,0,147925538000,119034921766,80.47,169439673000,140549056766,82.95,1078528525428,937783589472,86.95,72317557447,43197135187.6,59.73,200000000,100000000,50,72517557447,43297135187.6,59.71,1151046082875,981080724659.6,85.23,0,0,0,0,0,0,20600826597,15993602942,77.64,20600826597,15993602942,77.64,1275403515672,1078821311472.43,84.59,,644783534944,543576164208,84.3,343028858468.4,247400237833,72.12,0,0,0,2200000000,1150573377,52.3,28135531200,12937933537,45.98,191000000,103000000,53.93,1018338924612.4,805167908955,79.07,0,0,0,22783663799,15302931941,67.17,19140627912.6,7147749941,37.34,19711622895,11470303937,58.19,6183226880,3434657690,55.55,290000000,188775600,65.1,68109141486.6,37544419109,55.12390596846182,5650000000,4718143400,83.51,4977492764,4977492764,100,217428836800,176441822840,81.15,222406329564,181419315604,81.57111173933316,1314504395663,1028849787068,78.26902598899841,,39100879991,39100879990.74,100,0,0,0,39100879991,39100879990.74,99.99999999933505,,0,89072404395.17004,,1314504395663,1117922191463.1702,85.04514668430005,1314504395663,1028849787068,78.26902598899841,,12 Desember
11,Kab. Tojo Una-Una,22324822403,20555365735.5,92.07,8303357410,7225938503,87.02,5569860993,5569860993,100,55129500000,50262003863.2,91.17,91327540806,83613169094.7,91.55,0,0,0,0,0,0,0,0,0,0,0,0,0,0,0,0,0,0,0,0,0,0,0,0,0,0,0,0,0,0,1085104358425,1010915038957,93.16,0,0,0,0,0,0,63169113620,44257329319.55,70.06,1148273472045,1055172368276.55,91.89,0,0,0,0,0,0,8599060339,6551570668,76.19,8599060339,6551570668,76.19,1248200073190,1145337108039.25,91.76,,571786070308.86,480178985004.68,83.98,382594504869.35,305150303817,79.76,0,0,0,325000000,230000000,70.77,19392817825,17949660465,92.56,968290000,698391720,72.13,975066683003.21,804207341006.68,82.48,9881100000,9873073453,99.92,32463916790.79,21029719017,64.78,40009629490,28678050016,71.68,56991124720,34507186997,60.55,2309076180,1178840860,51.05,10000000,0,0,141664847180.79,95266870343,67.24806629087188,2000000000,17000000,0.85,3000000000,2982644151,99.42,180609474000,173074862332,95.83,183609474000,176057506483,95.88694017118092,1302341004184,1075548717832.68,82.58579852567725,,56440930994,56440930994.35,100,2300000000,0,0,54140930994,56440930994.35,104.24817223886468,,0,126229321200.91995,,1304641004184,1201778039033.6,92.11561151147963,1304641004184,1075548717832.68,82.44020495932457,,19 Desember
12,Kab. Toli-Toli,37848805118,23402151807,61.83,3000000000,1869464076,62.32,7120000000,0,0,94152990400,91853706206.8,97.56,142121795518,117125322089.8,82.41,84706044000,61002888300,72.02,606408149000,604260698809,99.65,171058087200,139382326427,81.48,0,0,0,862172280200,804645913536,93.33,0,0,0,0,0,0,0,0,0,88264420000,86378446882,97.86,88264420000,86378446882,97.86,950436700200,891024360418,93.75,57306661980,39554754086.98,69.02,200000000,0,0,57506661980,39554754086.98,68.78,1007943362180,930579114504.98,92.32,0,200000000,0,0,0,0,19082015166,12969725559,67.97,19082015166,13169725559,69.02,1169147172864,1060874162153.78,90.74,,573171936764,462378843922,80.67,361311798263,263522934909.51,72.94,0,0,0,0,0,0,15314939430,8474828304,55.34,450000000,449650000,99.92,950248674457,734826257135.51,77.33,7315000000,2144200000,29.31,38150696439,26909997604,70.54,22005563167,14883412972,67.63,83477419244,60855085590,72.9,1466478300,1465652030,99.94,0,0,0,152415157150,106258348196,69.71639184902418,1937500000,0,0,5237070799,0,0,153886793900,113362486301,73.67,159123864699,113362486301,71.241662283302,1263725196306,954447091632.51,75.52647477651455,,102578023442,107426892182.18,104.73,8000000000,0,0,94578023442,107426892182.18,113.58546972390427,,0,213853962703.45,,1271725196306,1168301054335.96,91.86741425974276,1271725196306,954447091632.51,75.05136285770757,,19 Desember
13,Kota Palu,400196406800,306084187270.25,76.48,38752333590,24970042604,64.43,4000000000,4402560317,110.06,194585915299.56,164141860881.96,84.35,637534655689.56,499598651073.21,78.36,117438490000,109671463600,93.39,733311968000,677241801325,92.35,215629710289,207465706824,96.21,0,0,0,1066380168289,994378971749,93.25,13689347000,10604442000,77.46,0,0,0,0,0,0,0,0,0,13689347000,10604442000,77.46,1080069515289,1004983413749,93.05,130103214364.15,132656074653.27,101.96,500000000,499970000,99.99,130603214364.15,133156044653.27,101.95,1210672729653.15,1138139458402.27,94.01,563200000,563200000,100,0,0,0,4681125000,661958386,14.14,5244325000,1225158386,23.36,1853451710342.71,1638963267861.48,88.43,,770707354186.39,717811713273.26,93.14,783711332115.5,589058480449.82,75.16,0,0,0,0,0,0,30734038329.1,20192457949,65.7,5612272600,1609000000,28.67,1590764997230.99,1328671651672.08,83.52,7487366131,5893319131,78.71,76196554461,47682520150,62.58,116683197287.43,79537927108,68.17,68283472199.59,54408302746.6,79.68,845363700,841936710,99.59,580516600,516832203,89.03,270076470379.02,188880838048.6,69.93605839987777,2100629816.25,20000000,0.95,0,0,0,900000000,900000000,100,900000000,900000000,100,1863842097426.26,1518472489720.6802,81.47001786350391,,10390387083.55,11673278256.55,112.35,0,0,0,10390387083.55,11673278256.55,112.34690452515544,,-4.9591064453125e-05,132164056397.34981,,1863842097426.26,1650636546118.03,88.56096492279893,1863842097426.26,1518472489720.6802,81.47001786350391,,19 Desember
XXVII,Prov. Sulawesi Selatan,4573749779517,3503343615878.39,76.6,352650057597,331769350386,94.08,144943634515,140720514515,97.09,515378059386,481234096493.28,93.37,5586721531015,4457067577272.67,79.78,306507794000,278272223800,90.79,2919993953000,2722809662406,93.25,172700689000,92231015964,53.41,1386185357000,1355354211988,97.78,4785387793000,4448667114158,92.96,6965997000,37539390000,538.89,0,0,0,0,0,0,0,0,0,6965997000,37539390000,538.89,4792353790000,4486206504158,93.61,0,0,0,36750000000,0,0,36750000000,0,0,4829103790000,4486206504158,92.9,4565844000,3424383000,75,0,0,0,2792400000,4182703760,149.79,7358244000,7607086760,103.38,10423183565015,8950881168190.67,85.87,,4304985195150.18,3951482318596,91.79,2059141584197.94,1122762251494.25,54.53,0,0,0,49942935700,24084056255,48.22,208931740255,185194445248,88.64,1173800000,756900000,64.48,6624175255303.12,5284279971593.25,79.77,62864846617,0,0,320876908306,134216830443,41.83,287664607642,64600990043.5,22.46,546018516094.43,123940547883,22.7,48502040060,27103429285,55.88,1467160786,169839000,11.58,1267394079505.43,350031636654.5,27.6182161740168,42580271558,505000000,1.19,1975685967677.97,1804308710930,91.33,445412307581.05,103223830708,23.17,2421098275259.02,1907532541638,78.7879022149121,10355247881625.57,7542349149885.75,72.83600775283179,,83064316610.57,83064316610.57,100,151000000000,135877921796,89.99,-67935683389.42999,-52813605185.42999,77.74059603210995,,-0.00030517578125,1355718413119.49,,10506247881625.57,9033945484801.24,85.9864110059763,10506247881625.57,7678227071681.75,73.0824853762516,,19 Desember
1,Kab. Bantaeng,122231558198,53277485627.64,43.59,127458670570,104665545098.05,82.12,6614759911,6614759911,100,6450000000,2834947694.26,43.95,262754988679,167392738330.95,63.71,0,0,0,0,0,0,0,0,0,0,0,0,0,0,0,0,0,0,0,0,0,0,0,0,0,0,0,0,0,0,713110312000,616686428835,86.48,65022267399,32603685573,50.14,7965216000,0,0,72987483399,32603685573,44.67,786097795399,649290114408,82.6,10000000,710607519,7106.08,0,0,0,11171410988,11146409988,99.78,11181410988,11857017507,106.04,1060034195066,828539870245.95,78.16,,518532382466,417154499469.4,80.45,305209683904,224134244137,73.44,0,0,0,0,0,0,30683109543,16221299204,52.87,88800000,88800000,100,854513975913,657598842810.4,76.96,176000000,0,0,45378055716,35239420806,77.66,33345312396,17548402106.4,52.63,46854914448,22221774445.86,47.43,1006779800,359942500,35.75,100000000,99345000,99.35,126861062360,75468884858.26001,59.48940002102313,3000000000,72601600,2.42,527545000,0,0,94066120100,82012208727,87.19,94593665100,82012208727,86.699472570706,1078968703373,815152537995.66,75.54922913402257,,20934508307,0,0,2000000000,0,0,18934508307,0,0,,0,13387332250.289917,,1080968703373,828539870245.95,76.64790550000347,1080968703373,815152537995.66,75.40944853001751,,19 Desember
2,Kab. Barru,38921855239,34662198027,89.06,69301861383,58610044093.57,84.57,10632531585,10632531585,100,4489804029,3984280531.05,88.74,123346052236,107889054236.62,87.47,11841683000,5350126800,45.18,518453309000,505524759996,97.51,141383277328,117178716187,82.88,0,0,0,671678269328,628053602983,93.51,8317131000,8289679000,99.67,0,0,0,0,0,0,39135404000,38648661056,98.76,47452535000,46938340056,98.92,719130804328,674991943039,93.86,64158584433,43590647850,67.94,9336720960,0,0,73495305393,43590647850,59.31,792626109721,718582590889,90.66,0,0,0,0,0,0,0,0,0,0,0,0,915972161957,826471645125.62,90.23,,438502168440.76,386793976648,88.21,279314834614.52,195918333999.25,70.14,2331248308,1238325169.98,53.12,0,0,0,14932515676,10638608249,71.24,0,0,0,735080767039.28,594589244066.23,80.89,6500375196,59961477,0.92,19767849281.02,8653997462,43.78,37715813399.67,13116436168.88,34.78,70173558469.69,14388765027.7,20.5,669518200,372008207,55.56,0,0,0,134827114546.38,36591168342.58,27.13932465712806,4226672807.34,1600840848,37.87,0,0,0,96763196100,95864815846,99.07,96763196100,95864815846,99.0715682302685,970897750493,728646069102.8099,75.04869269012312,,57978619801,35978619801.28,62.05,3053031265,1526515632.13,50,54925588536,34452104169.15,62.725052361649226,,0,132277680191.96005,,973950781758,862450264926.9,88.55172982870455,973950781758,730172584734.94,74.97017286817763,,19 Desember
3,Kab. Bone,169092440581,109549560503.78,64.79,204499843317,165721275632,81.04,15590067764,15590067764,100,29677347729,9121529745.55,30.74,418859699391,299982433645.33,71.62,0,0,0,0,0,0,0,0,0,0,0,0,0,0,0,0,0,0,0,0,0,0,0,0,0,0,0,0,0,0,2099521561143,1885283757228,89.8,0,0,0,0,0,0,272701685324,68874756323,25.26,2372223246467,1954158513551,82.38,0,27541000,0,0,0,0,71538992674,42852078762,59.9,71538992674,42879619762,59.94,2862621938532,2297020566958.33,80.24,,1171514729110.69,920468199013.34,78.57,903590914457.33,556996116686.47,61.64,14636674095,13921253527,95.11,0,0,0,51011299930,25023176421,49.05,460160000,400000000,86.93,2141213777593.02,1516808745647.81,70.84,0,0,0,45153476204,18086506512,40.06,40971070065,18437442402,45,162676382604.98,78106597384.23,48.01,4639653707,409150000,8.82,38850000,0,0,253479432580.98,115039696298.23,45.38423300339283,2500000000,224000000,8.96,18413819898,0,0,419248958214,369990671233,88.25,437662778112,369990671233,84.53784277225367,2834855988286,2002063113179.04,70.62309766181527,,18695216014,18695216013.7,100,46461166260,46461166260,100,-27765950246,-27765950246.3,100.00000000108045,,0,267191503532.99005,,2881317154546,2315715782972.0303,80.37004115698988,2881317154546,2048524279439.04,71.09679946919344,,19 Desember
4,Kab. Bulu Kumba,106950000000,76577985730,71.6,22276808175,13666664163,61.35,3957376599,3957376599,100,163939152754,140421829657.12,85.65,297123337528,234623856149.12,78.97,0,0,0,0,0,0,0,0,0,0,0,0,0,0,0,0,0,0,0,0,0,0,0,0,0,0,0,0,0,0,1267736329187,1187940204328,93.71,0,0,0,0,0,0,87741890129,61133891521,69.67,1355478219316,1249074095849,92.15,0,0,0,0,0,0,288000000,436014386,151.39,288000000,436014386,151.39,1652889556844,1484133966384.12,89.79,,731106783386.61,653270113746,89.35,406593647765.21,315798898825.24,77.67,0,0,0,0,0,0,24053251996,18665159470,77.6,1106083000,571305070,51.65,1162859766147.82,988305477111.24,84.99,3227620000,3227358000,99.99,74831735474,40327471186,53.89,156341010859,117722275952.57,75.3,63613374391.9,30258073616,47.57,1653010700,865869076,52.38,1003000000,177665800,17.71,300669751424.9,192578713630.57,64.04991280896158,2405587650.28,444113240,18.46,18513093258,8963240136,48.42,185193893164,142473627480,76.93,203706986422,151436867616,74.3405370016534,1669642091645.0002,1332765171597.81,79.82340516372074,,16752534801,16752534801.76,100,0,0,0,16752534801,16752534801.76,100.00000000453664,,-0.000244140625,168121329588.07007,,1669642091645,1500886501185.8801,89.89270866471419,1669642091645.0002,1332765171597.81,79.82340516372074,,19 Desember
5,Kab. Enrekang,29460430211,21096164121,71.61,44400930706,32098687178,72.29,14353666099,14503666099,101.05,4077930853,3397329600.44,83.31,92292957869,71095846998.44,77.03,13513364000,5227382400,38.68,571604557000,551320485875,96.45,24061927000,15309187303,63.62,170614835000,141928882437,83.19,779794683000,713785938015,91.54,14301424000,14301424000,100,0,0,0,0,0,0,91682329000,75431194206,82.27,105983753000,89732618206,84.67,885778436000,803518556221,90.71,65907096124,39907703322,60.55,21240003000,0,0,87147099124,39907703322,45.79,972925535124,843426259543,86.69,0,0,0,0,0,0,17183415723,0,0,17183415723,0,0,1082401908716,914522106541.44,84.49,,507851366869,437163272073,86.08,247985021425,142057295196,57.28,0,0,0,0,0,0,12805263413,4780078925,37.33,37878750,0,0,768679530457,584000646194,75.97,0,0,0,25071676756,4291469659,17.12,29360627018,10179430186,34.67,64586697800,15709197587,24.32,3628378624,207562300,5.72,0,0,0,122647380198,30387659732,24.77644421180676,1199064358,0,0,3780503836,0,0,153314643648,121354761284,79.15,157095147484,121354761284,77.24921057562257,1049621122497,735743067210,70.0960614683231,,29576377093,29576377093,100,62357163312,57160733036,91.67,-32780786219,-27584355943,84.1479388527048,,0,151194683388.43994,,1111978285809,944098483634.44,84.9026006787154,1111978285809,792903800246,71.30569098020983,,2025-11-30 00:00:00
6,Kab. Gowa,292851603180,195909677199.6,66.9,114766419116,89129609160,77.66,6217045615,6342845615,102.02,29284213246.92,30495903690.92,104.14,443119281157.92,321878035665.52,72.64,0,0,0,0,0,0,0,0,0,0,0,0,0,0,0,0,0,0,0,0,0,0,0,0,0,0,0,0,0,0,1610741174000,1208078975530,75,0,0,0,0,0,0,110478140736,43645737364,39.51,1721219314736,1251724712894,72.72,0,0,0,0,0,0,43174304708,26779647242,62.03,43174304708,26779647242,62.03,2207512900601.92,1600382395801.52,72.5,,897908503270.62,712324544235,79.33,688088069798.15,382588059146.66,55.6,10828166000,5388970709,49.77,0,0,0,59071786820,13244293220,22.42,173000422.73,10000000,5.78,1656069526311.5,1113555867310.66,67.24,0,0,0,83378742479,23985171058,28.77,81679582757.12,28951976252.19,35.45,161510105354.77,71871476266.01,44.5,595600000,237160000,39.82,484847270,54945000,11.33,327648877860.89,125100728576.2,38.18133893604057,25862543926,449653223,1.74,30263112488,22872305327,75.58,232633241800,204090297866,87.73,262896354288,226962603193,86.33159018415486,2272477302386.39,1466068852302.8599,64.5141252131892,,119964401784.47,119964401784.47,100,55000000000,45012759088,81.84,64964401784.47,74951642696.47,115.37340549234072,,-0.000213623046875,209265186195.13016,,2327477302386.39,1720346797585.99,73.91465411164688,2327477302386.39,1511081611390.8599,64.92358098794475,,2025-11-28 00:00:00
7,Kab. Jeneponto,42261092012,36807030096,87.09,13047800000,11799309084,90.43,7868493140,7931127740,100.8,108848374325,92866043894.74,85.32,172025759477,149403510814.74,86.85,0,0,0,0,0,0,0,0,0,0,0,0,0,0,0,0,0,0,0,0,0,0,0,0,0,0,0,0,0,0,1035685536121,835879471257,80.71,0,0,0,0,0,0,97014626244,28046077926,28.91,1132700162365,863925549183,76.27,55000000,21912000,39.84,0,0,0,20970844995,15572931433.3,74.26,21025844995,15594843433.3,74.17,1325751766837,1028923903431.04,77.61,,584326307996,514625375500,88.07,454864151450,304349111427.35,66.91,0,0,0,0,0,0,13663052966,6781123966,49.63,485000000,485000000,100,1053338512412,826240610893.35,78.44,434900000,206753525,47.54,46591842429,32270085929,69.26,61569793076,23975002103,38.94,54553278780,21382221472,39.2,5142003290,1656583438,32.22,1018607000,838741999,82.34,169310424575,80329388466,47.44503397687495,14442368380,564679805,3.91,4680889199,0,0,156673544900,120063643191,76.63,161354434099,120063643191,74.40988148942608,1398445739466,1027198322355.35,73.45285507806604,,72693972629,0,0,0,0,0,72693972629,0,0,,0,1725581075.6900635,,1398445739466,1028923903431.04,73.5762478581355,1398445739466,1027198322355.35,73.45285507806604,,05 Desember
8,Kab. Luwu,72833386943,76634637855,105.22,138255640000,113906407054.92,82.39,5500000000,6358187925,115.6,12573467666,16322428147.33,129.82,229162494609,213221660982.25,93.04,0,0,0,0,0,0,0,0,0,0,0,0,0,0,0,0,0,0,0,0,0,0,0,0,0,0,0,0,0,0,1201743686000,1092389983742,90.9,0,0,0,0,0,0,119302058631,64894841040,54.4,1321045744631,1157284824782,87.6,0,0,0,0,0,0,25796323942,17457890312,67.68,25796323942,17457890312,67.68,1576004563182,1387964376076.25,88.07,,694765591675.2,621902879482,89.51,428753456227.3,318600157686.41,74.31,0,0,0,0,0,0,20307358540.28,14507699308,71.44,213000000,147000000,69.01,1144039406442.78,955157736476.41,83.49,0,0,0,47322145653,32080952546,67.79,66834696453,48913084270,73.19,76662825351.26,47231806201,61.61,4036720544,2046994000,50.71,1410000000,884869400,62.76,196266388001.26,131157706417,66.82637192882868,4740467094,1909668250,40.28,8808932706,5176101172,58.76,250351851000,200448201798,80.07,259160783706,205624302970,79.34236809658152,1604207045244.04,1293849414113.4102,80.65351775815093,,28202482062.04,28202482062.04,100,0,0,0,28202482062.04,28202482062.04,100,,-3.814697265625e-05,122317444024.87985,,1604207045244.04,1416166858138.29,88.27830935768367,1604207045244.04,1293849414113.4102,80.65351775815093,,19 Desember
9,Kab. Luwu Timur,276067959992,257255276107.71,93.19,118374695991,59637081666,50.38,27134093819,27134093819,100,60642313658,33173631622.9,54.7,482219063460,377200083215.61,78.22,0,0,0,0,0,0,0,0,0,0,0,0,0,0,0,0,0,0,0,0,0,0,0,0,0,0,0,0,0,0,1192824295213,970767563360,81.38,0,0,0,0,0,0,415182717549.58,162159135973,39.06,1608007012762.58,1132926699333,70.46,32833333970,8984241946,27.36,0,0,0,0,0,0,32833333970,8984241946,27.36,2123059410192.58,1519111024494.61,71.55,,735685002012.62,585657712339,79.61,636126566577,393398917329.06,61.84,0,0,0,0,0,0,67305227406,41410679406.83,61.53,15228900000,9193200000,60.37,1454345695995.62,1029660509074.89,70.8,9735460000,2203635227,22.64,79745279978,47169159283,59.15,160365089071,90536698880.48,56.46,127916895982,68386530925.02,53.46,4169466675,415755572,9.97,40800000,0,0,381972991706,208711779887.49997,54.64045480161668,4500000000,4118191000,91.52,26132567566.3,25548584459.26,97.77,239645515238,225972254881.89,94.29,265778082804.3,251520839341.15002,94.63565869964981,2106596770505.9202,1494011319303.54,70.92061187128557,,20961360313.34,0,0,37424000000,13424000000,35.87,-16462639686.66,-13424000000,81.54220863424308,,-8.7738037109375e-05,11675705191.070068,,2144020770505.9202,1519111024494.61,70.85337256952732,2144020770505.9202,1507435319303.54,70.3088020433605,,19 Desember
10,Kab. Luwu Utara,49427166597,42196007089,85.37,58173971621,44871764033,77.13,3516250000,3303739118,93.96,8503600000,3052020833.99,35.89,119620988218,93423531073.99,78.1,24683472000,22756199600,92.19,765811542200,651061833878,85.02,221311441000,95016578357,42.93,0,0,0,1011806455200,768834611835,75.99,22622237000,11311118500,50,0,0,0,0,0,0,147144463000,147144463000,100,169766700000,158455581500,93.34,1181573155200,927290193335,78.48,73815320000,33302144572,45.12,26856690000,500000000,1.86,100672010000,33802144572,33.58,1282245165200,961092337907,74.95,0,0,0,0,0,0,32072226242,13653218975,42.57,32072226242,13653218975,42.57,1433938379660,1068169087955.99,74.49,,662658278784.51,571991835612,86.32,321542347490.44,154348575292.5,48,5860050700,4402782409,75.13,0,0,0,21126147000,4911225000,23.25,4844350000,287520000,5.94,1016031173974.95,735941938313.5,72.43,0,0,0,74477018176,56743600563,76.19,16280664895,5494235819,33.75,58480899434,23279240181,39.81,557730000,164931600,29.57,0,0,0,149796312505,85682008163,57.19901026277937,14401604000,12266612400,85.18,5701708000,3546232184,62.2,223970790000,204227432949,91.18,229672498000,207773665133,90.46519149759062,1409901588479.95,1041664224009.5,73.88205194750822,,12908208819.95,2908208819.95,22.53,36945000000,32890391341,89.03,-24036791180.05,-29982182521.05,124.73454670577885,,4.9591064453125e-05,-3477318574.560009,,1446846588479.95,1071077296775.94,74.02839425437693,1446846588479.95,1074554615350.5,74.26873200699336,,05 Desember
11,Kab. Maros,242469750000,172901489128.5,71.31,89278845831,74823082489,83.81,11250577808,11250577807.95,100,46126263965,37636848790.36,81.6,389125437604,296611998215.81,76.23,0,0,0,0,0,0,0,0,0,0,0,0,0,0,0,0,0,0,0,0,0,0,0,0,0,0,0,0,0,0,1151792554000,1060903768956,92.11,0,0,0,0,0,0,91831305318,58716605636,63.94,1243623859318,1119620374592,90.03,0,0,0,0,0,0,0,0,0,0,0,0,1632749296922,1416232372807.81,86.74,,742124059991,572361566859,77.12,394220151957,252382912571,64.02,0,0,0,0,0,0,40202276247,20138071638,50.09,1070000000,1034000000,96.64,1177616488195,845916551068,71.83,19341799234,1718548000,8.89,119570187451,79073517242.72,66.13,86791466190,37193220058.04,42.85,93608443483,58584859844,62.59,6625746486,186933500,2.82,30000000,0,0,325967642844,176757078644.76,54.22534491540056,7821720000,937450200,11.99,4000000000,0,0,160666296200,155534867935,96.81,164666296200,155534867935,94.4545857435761,1676072147239,1179145947847.76,70.35174170695286,,44322850317,0,0,1000000000,0,0,43322850317,0,0,,0,237086424960.05005,,1677072147239,1416232372807.81,84.44671716356294,1677072147239,1179145947847.76,70.30979256253306,,19 Desember
12,Kab. Pangkajene Kep.,123238374614,148818432323.37,120.76,97122253268,88824224448.53,91.46,13820192225,13820192225,100,4345032377,7290928588.39,167.8,238525852484,258753777585.29,108.48,30973858000,27339676352,88.27,793436312000,791744424211,99.79,275026763000,255503061179,92.9,0,0,0,1099436933000,1074587161742,97.74,7111125000,7111125000,100,0,0,0,0,0,0,61893480000,61443151650,99.27,69004605000,68554276650,99.35,1168441538000,1143141438392,97.83,48164829818,55423354631,115.07,27408467000,6430419094,23.46,75573296818,61853773725,81.85,1244014834818,1204995212117,96.86,0,411647.69,0,0,0,0,0,0,0,0,411647.69,0,1482540687302,1463749401349.98,98.73,,714750717368,668487246638,93.53,442648134860,374519173600.73,84.61,0,0,0,0,0,0,28366781600,25213903704,88.89,2400000000,2374701835,98.95,1188165633828,1070595025777.73,90.1,1022548575,929512839,90.9,60880090645,44707506177.02,73.44,41714921452,30204429672,72.41,69425745378,48366014373,69.67,8587608690,6247654338,72.75,414000000,311905400,75.34,182044914740,130767022799.01999,71.83228544767863,11904060982,9268436345,77.86,13073661002,10217764556,78.16,144300964600,143387339145,99.37,157374625602,153605103701,97.60474607225873,1539489235152,1364235588622.75,88.61611744157818,,57448547850,57448547850.91,100,500000000,0,0,56948547850,57448547850.91,100.87798551462099,,0,156962360578.13998,,1539989235152,1521197949200.89,98.77977809700369,1539989235152,1364235588622.75,88.58734577375778,,19 Desember
13,Kab. Pinrang,87463096425,75644268055,86.49,123540498000,109754904243.06,88.84,11299019083,11299019083,100,5980000000,3256706786,54.46,228282613508,199954898167.06,87.59,0,0,0,0,0,0,0,0,0,0,0,0,0,0,0,0,0,0,0,0,0,0,0,0,0,0,0,0,0,0,1132630508000,1048478875553,92.57,0,0,0,0,0,0,133617598973,74894346520,56.05,1266248106973,1123373222073,88.72,0,0,0,0,0,0,0,0,0,0,0,0,1494530720481,1323328120240.06,88.54,,632783774421.91,588579163971,93.01,440222321939,347987094561,79.05,0,0,0,0,0,0,35791155207,19299049712,53.92,0,0,0,1108797251567.91,955865308244,86.21,0,0,0,47033076164,33543822143,71.32,71311375944.09,55771318383,78.21,129275288750,84908414595,65.68,6837677625,1397949700,20.44,501176000,183926250,36.7,254958594483.09,175805431071,68.95450276051008,3500000000,941179000,26.89,0,0,0,147304624100,138744080567,94.19,147304624100,138744080567,94.18854392025837,1514560470151,1271355998882,83.94224092982219,,20029749670,20029749670.94,100,0,0,0,20029749670,20029749670.94,100.000000004693,,0,72001871029.00006,,1514560470151,1343357869911,88.69621889557627,1514560470151,1271355998882,83.94224092982219,,19 Desember
14,Kab. Kep. Selayar,23051667100,13519485598.53,58.65,54514403000,40212174582,73.76,12778500000,12551864796,98.23,23746925600,8415435743.88,35.44,114091495700,74698960720.41,65.47,14923484000,14173609000,94.98,583449272000,527974247056,90.49,17816004000,16362015799,91.84,145102526000,14319744436,9.87,761291286000,572829616291,75.24,6852700000,3426350000,50,0,0,0,0,0,0,65159887000,51134262136,78.48,72012587000,54560612136,75.77,833303873000,627390228427,75.29,46290458000,34185951587,73.85,19832604000,0,0,66123062000,34185951587,51.7,899426935000,661576180014,73.56,0,0,0,0,0,0,0,0,0,0,0,0,1013518430700,736275140734.41,72.65,,456172038764.73,365741595165,80.18,311029340405.15,212075142386.6,68.18,0,0,0,0,0,0,15599306300,5691492682,36.49,1293892600,1280924215,99,784094578069.88,584789154448.6,74.58,4264901984.25,438940000,10.29,15415822600,7877324448,51.1,43373266349.63,14752166895,34.01,53177105286.73,33484180823.6,62.97,601781000,404020000,67.14,0,0,0,116832877220.61,56956632166.6,48.750517424176316,2175000000,1317019190,60.55,4055928500,133443350,3.29,125064464000,95662327530,76.49,129120392500,95795770880,74.19104684025801,1032222847790.49,738858576685.2,71.57936663257874,,18704417090.49,18704417090.49,100,0,0,0,18704417090.49,18704417090.49,100,,0,16120981139.700085,,1032222847790.49,754979557824.9,73.14113996226308,1032222847790.49,738858576685.2,71.57936663257874,,2025-11-28 00:00:00
15,Kab. Sidenreng Rappang,87935299000,84782241634,96.41,9339858000,7165317665,76.72,6100331000,6100330937,100,126358637000,119749509846.99,94.77,229734125000,217797400082.99,94.8,16735392000,16070224000,96.03,679575220000,673830167483,99.15,12890741000,11276466600,87.48,167318039000,152991025451,91.44,876519392000,854167883534,97.45,6994773000,9821061000,140.41,0,0,0,0,0,0,60822977000,53909784566,88.63,67817750000,63730845566,93.97,944337142000,917898729100,97.2,60822977000,53909784566,88.63,17000000000,0,0,77822977000,53909784566,69.27,1022160119000,971808513666,95.07,1600000000,110000000,6.88,0,0,0,0,0,0,1600000000,110000000,6.88,1253494244000,1189715913748.99,94.91,,597515834538,573604526065,96,387407382462,303805888875,78.42,200000000,123096777,61.55,0,0,0,42342233000,31338277742,74.01,77500000,77500000,100,1027542950000,908949289459,88.46,80000000,0,0,41362777396,25402014783,61.41,29544201176,21048196287,71.24,62592518028,25052230752,40.02,4767408400,442228400,9.28,0,0,0,138346905000,71944670222,52.00309339916206,2150000000,742456592,34.53,9727516000,0,0,129893717000,122741043165,94.49,139621233000,122741043165,87.91001234389614,1307661088000,1104377459438,84.45441021167711,,46012960133,46012960133.47,100,2275000133,2274086498,99.96,43737960000,43738873635.47,100.00208888450672,,-10428884000,129077327946.45999,,1299507204133,1235728873882.46,95.09211414544706,1309936088133,1106651545936,84.48133889595077,,19 Desember
16,Kab. Sinjai,28370865686,27135641807.8,95.65,73453664595,66299628294.95,90.26,5561915265,5561915265,100,12367367904,11304513350.12,91.41,119753813450,110301698717.87,92.11,0,0,0,0,0,0,0,0,0,0,0,0,0,0,0,0,0,0,0,0,0,0,0,0,0,0,0,0,0,0,908488724000,828722765579,91.22,0,0,0,0,0,0,76794682993,44062941148,57.38,985283406993,872785706727,88.58,0,0,0,0,0,0,27722962671,25237082817,91.03,27722962671,25237082817,91.03,1132760183114,1008324488261.87,89.01,,589435225588,526890078589,89.39,297118087747,228309855898,76.84,0,0,0,0,0,0,20412823831,18337161050.81,89.83,1716020000,427600000,24.92,908682157166,773964695537.81,85.17,0,0,0,37380070754,29439901349,78.76,30486751878,16784557590.31,55.06,18123822888,8912347723,49.17,5250944600,2494664300,47.51,155400000,155400000,100,91396990120,57786870962.31,63.226229754873245,7115574749,2483975121,34.91,3621661504,1965581687,54.27,125230655905,111567071813,89.09,128852317409,113532653500,88.11068033772906,1136047039444,947768195121.1201,83.42684433075705,,22716642656,22716642656.41,100,19429786326,19429786320,100,3286856330,3286856336.41,100.00000019501915,,0,63843149477.15988,,1155476825770,1031041130918.28,89.23079268432778,1155476825770,967197981441.1201,83.70552830400449,,19 Desember
17,Kab. Soppeng,44144255435,41339719113,93.65,126969595026,126555461086,99.67,17220306463,17385264214,100.96,3628338883,5676709872.42,156.45,191962495807,190957154285.42,99.48,0,0,0,0,0,0,0,0,0,0,0,0,0,0,0,0,0,0,0,0,0,0,0,0,0,0,0,0,0,0,904652682272,779572169332,86.17,0,0,0,0,0,0,49060601464,48412871567,98.68,953713283736,827985040899,86.82,0,0,0,0,0,0,3826230281,3826230281,100,3826230281,3826230281,100,1149502009824,1022768425465.42,88.97,,538350440934,414935753985,77.08,356706873321,284902941468.22,79.87,6026209199,6026209199,100,0,0,0,6763409240,719135984,10.63,0,0,0,907846932694,706584040636.22,77.83,93000000,1406480,1.51,46370643625,30431674065,65.63,35240279884,21804491189.91,61.87,32425300185,23095849090,71.23,228350500,83850000,36.72,328000000,149999850,45.73,114685574194,75567270674.91,65.89082472315289,2780000589,533810000,19.2,4958417937,4958417937,100,112252789200,108320824248,96.5,117211207137,113279242185,96.64540187918703,1142523714614,895964363496.13,78.4197607485837,,13063112654,13326505128.36,102.02,20041407864,20041407864,100,-6978295210,-6714902735.639999,96.22554697911669,,0,120089159233.65004,,1162565122478,1036094930593.78,89.12145311785635,1162565122478,916005771360.13,78.79178152254126,,19 Desember
18,Kab. Takalar,46767000000,47905257734,102.43,2790300000,2573086245,92.22,10483318114,10316849525,98.41,125877858300,95662021029.89,76,185918476414,156457214533.89,84.15,19712721000,16679937800,84.62,651690726000,642383403233,98.57,8594530000,8423598807,98.01,174764985000,131867495820,75.45,854762962000,799354435660,93.52,14085609000,11029881000,78.31,0,0,0,0,0,0,76268700000,76268700000,100,90354309000,87298581000,96.62,945117271000,886653016660,93.81,52859114052,49199809708,93.08,37861606716,0,0,90720720768,49199809708,54.23,1035837991768,935852826368,90.35,0,0,0,0,0,0,0,0,0,0,0,0,1221756468182,1092310040901.89,89.4,,577356079365.48,454116728841,78.65,354188457303.39,222629581983,62.86,12096567195,10812749153,89.39,0,0,0,39684932167,9247721040,23.3,15000000,15000000,100,983341036030.87,696821781017,70.86,429300000,62552000,14.57,28352941374,15807719210,55.75,10653556317,5007498831,47,32564682841,9036964241.26,27.75,0,0,0,1425000000,249500000,17.51,73425480532,30164234282.260002,41.08142577168963,4400000000,549095320,12.48,3110744903,2026747328,65.15,143199859000,134725731125,94.08,146310603903,136752478453,93.46723669028337,1207477120465.87,864287589072.26,71.57796818036599,,9075550077,0,0,39286481949,32408148740,82.49,-30210931872,-32408148740,107.27291987320795,,-15931584155.870117,195614303089.63,,1230832018259,1092310040901.89,88.74566347786045,1246763602414.87,896695737812.26,71.92187324649518,,19 Desember
19,Kab. Tanatoraja,43000000000,28411412668.7,66.07,90253478110,71587406907.76,79.32,7913039862,7913039862,100,15018524998,14433756170.55,96.11,156185042970,122345615609.01,78.33,13009051000,8469624557,65.11,601564378000,565694965932,94.04,206426967148,84858151738,41.11,0,0,0,821000396148,659022742227,80.27,0,0,0,0,0,0,0,0,0,98847239000,72012899100,72.85,98847239000,72012899100,72.85,919847635148,731035641327,79.47,61871000000,26949409021,43.56,20540018000,0,0,82411018000,26949409021,32.7,1002258653148,757985050348,75.63,0,0,0,0,0,0,18802007635,16223447932,86.29,18802007635,16223447932,86.29,1177245703753,896554113889.01,76.16,,560501495354.47,408613768949,72.9,321575194675.74,208840986548,64.94,0,0,0,235441500,0,0,57850140070,38637370758,66.79,126084000,125950000,99.89,940288355600.21,656218076255,69.79,0,0,0,26067719828,12495317563,47.93,72708417199,48062849180,66.1,61497357253,26552996072,43.18,4953045766,2814196304,56.82,380000000,180000000,47.37,165606540046,90105359119,54.40929995516586,5000000000,2965886000,59.32,1600000000,438645000,27.42,160312177878,124367763053,77.58,161912177878,124806408053,77.08278011493428,1272807073524.21,874095729427,68.67464422606966,,95561369771.21,0,0,0,0,0,95561369771.21,0,0,,0,22458384462.01001,,1272807073524.21,896554113889.01,70.43912094286115,1272807073524.21,874095729427,68.67464422606966,,19 Desember
20,Kab. Toraja Utara,38542769624,33194693396.35,86.12,18397595119.77,12911510342,70.18,6226257821,6226257821,100,8766363000,5913274397.77,67.45,71932985564.77,58245735957.12,80.97,13405911893,5389594893,40.2,599537622000,544783929000,90.87,17409268583,13616625150,78.21,191061478000,160988550982,84.26,821414280476,724778700025,88.24,7048676000,7048676000,100,0,0,0,0,0,0,97050349000,65591604402,67.59,104099025000,72640280402,69.78,925513305476,797418980427,86.16,64184595940.77,46301487465,72.14,18300000000,5224830825,28.55,82484595940.77,51526318290,62.47,1007997901416.77,848945298717,84.22,0,0,0,0,0,0,19150900000,0,0,19150900000,0,0,1099081786981.54,907191034674.12,82.54,,563686808927,508895332707,90.28,215311955262.95,135651138959,63,0,0,0,0,0,0,38809646364.65,11736896666,30.24,0,0,0,817808410554.6,656283368332,80.25,0,0,0,20227456909.76,8965460488,44.32,25443137533,15231015898,59.86,118959075417,62306290408,52.38,4269073689,185845500,4.35,0,0,0,168898743548.76,86688612294,51.32578873742394,950000000,323567000,34.06,2450000000,1652294750,67.44,158121156800,114316871317,72.3,160571156800,115969166067,72.22291249445615,1148228310903.3599,859264713693,74.83395989574409,,50646523921.82,50646523921.82,100,1500000000,1500000000,100,49146523921.82,49146523921.82,100,,0.00017547607421875,97072844902.94,,1149728310903.36,957837558595.94,83.3099045672235,1149728310903.3599,860764713693,74.86679292229339,,05 Desember
21,Kab. Wajo,87939405100,84792797081,96.42,120995302416,112191098704,92.72,20181806821,20181806821,100,10439033985.04,13066267680.18,125.17,239555548322.04,230231970286.18,96.11,77828208000,80131517366,102.96,779130566000,743169066213,95.38,273199838958,137311372072,50.26,0,0,0,1130158612958,960611955651,85,21237379000,18365883500,86.48,0,0,0,0,0,0,117475451000,101854665840,86.7,138712830000,120220549340,86.67,1268871442958,1080832504991,85.18,56865000000,57425877471,100.99,9340000000,0,0,66205000000,57425877471,86.74,1335076442958,1138258382462,85.26,0,47337000,0,0,0,0,0,0,0,0,47337000,0,1574631991280.04,1368537689748.18,86.91,,633175231889,482121857144,76.14,447787555448,299401535556.52,66.86,0,0,0,0,0,0,16170484911,7078203385,43.77,711100000,711100000,100,1097844372248,789312696085.52,71.9,0,0,0,79271127002,60258301657,76.02,40701245607,17085615671,41.98,200889309471,77028970599,38.34,4880559300,161440726,3.31,195000000,0,0,325937241380,154534328653,47.41229569186704,5026657361,663440000,13.2,6916418500,6517105700,94.23,205890152100,190031959815,92.3,212806570600,196549065515,92.36043086491053,1641614841589,1141059530253.52,69.50835855924842,,66982850308.96,66942544027.27,99.94,0,0,0,66982850308.96,66942544027.27,99.9398259681335,,0,294420703521.92993,,1641614841589,1435480233775.45,87.44318078813042,1641614841589,1141059530253.52,69.50835855924842,,19 Desember
22,Kota Makassar,1869102441000,1688265226169.9,90.32,175591102447,126720750934.76,72.17,25003175111,24087477584.36,96.34,48340167447,84827514267.54,175.48,2118036886005,1923900968956.56,90.83,148325606000,5084413401,3.43,1782112374000,1706050598617,0,531419722000,404786457137,76.17,0,0,0,2461857702000,2115921469155,85.95,0,0,0,0,0,0,0,0,0,0,0,0,7950814000,7950814000,100,2469808516000,2123872283155,85.99,245341493510,322431142725,131.42,0,0,0,245341493510,322431142725,131.42,2715150009510,2446303425880,90.1,0,0,0,0,0,0,0,0,0,0,0,0,4833186895515,4370204394836.56,90.42,,1919194074795.13,1512505509363.87,78.81,2028810553489,1421830585153.49,70.08,0,0,0,0,0,0,150142876800,143430673971,95.53,0,0,0,4098147505084.13,3077766768488.36,75.1,23589675060,4179400644,17.72,314723342524,164717351875,52.34,144318117599,71076068498.5,49.25,451190307469,218774726266,48.49,13696452000,6983898290,50.99,7720452000,7540002000,97.66,955238346652,473271447573.5,49.54485435307971,8500000000,116250000,1.37,0,0,0,0,0,0,0,0,0,5061885851736.13,3551154466061.86,70.1547717604869,,230198956221.13,230198956221.13,100,0,0,0,230198956221.13,230198956221.13,100,,1500000000.000122,1049248884995.8302,,5063385851736.13,4600403351057.69,90.85626665169725,5061885851736.13,3551154466061.86,70.1547717604869,,19 Desember
23,Kota Palopo,75694970000,58562589566.4,77.37,158018180944,135725404732,85.89,12963356949,12963356949,100,17749307000,9953321422.33,56.08,264425814893,217204672669.73,82.14,0,0,0,0,0,0,0,0,0,0,0,0,0,0,0,0,0,0,0,0,0,0,0,0,0,0,0,0,0,0,676685655000,628858303478,92.93,0,0,0,0,0,0,77910417653,48952965814,62.83,754596072653,677811269292,89.82,0,0,0,0,0,0,0,0,0,0,0,0,1019021887546,895015941961.73,87.83,,509107176243,412660733180.65,81.06,369175204435,256663024330.73,69.52,800000000,679595183.13,84.95,0,0,0,27148010415,26272830234,96.78,162000000,109500000,67.59,906392391093,696385682928.51,76.83,2093017480,1363980440,65.17,22434621704,10142764489,45.21,49256747899,36419124781,73.94,36655147996,20736826888,56.57,3854887736,2697318636,69.97,70000000,0,0,114364422815,71360015234,62.39704051095901,6303795000,4065340000,64.49,0,0,0,0,0,0,0,0,0,1027060608908,771811038162.51,75.14756495073075,,10980096362,10980096360.39,100,2941375000,2941373129.24,100,8038721362,8038723231.15,100.00002325183218,,0,131243627030.36996,,1030001983908,905996038322.12,87.96061099655549,1030001983908,774752411291.75,75.21853582768935,,12 Desember
24,Kota Pare-Pare,72627258687,56283802827.4,77.5,8844028420,6662302072,75.33,9483311820,9483311820,100,221213996000,189293279400.67,85.57,312168594927,261722696120.07,83.84,0,0,0,0,0,0,0,0,0,0,0,0,0,0,0,0,0,0,0,0,0,0,0,0,0,0,0,0,0,0,591821249000,574704320514,97.11,0,0,0,0,0,0,55860441550.3,49595909951,88.79,647681690550.3,624300230465,96.39,0,0,0,0,0,0,0,0,0,0,0,0,959850285477.3,886022926585.07,92.31,,415827517201,371482681526,89.34,455555883751,351993835947.98,77.27,250000000,231738483.74,92.7,0,0,0,5887935372,3952935372,67.14,0,0,0,877521336324,727661191329.72,82.92,2688000000,8170825,0.3,43273519628,28327012310,65.46,23442686624,8419326751.36,35.91,23294985805,8169596625,35.07,1829565400,948500000,51.84,0,0,0,94528757457,45872606511.36,48.52767321333606,10000000000,232526639,2.33,0,0,0,0,0,0,0,0,0,982050093781,773766324480.08,78.79092211080548,,25465808303.7,25465808303.7,100,3266000000,3265857030.64,100,22199808303.7,22199951273.06,100.00064401168716,,4.9591064453125e-05,134456553378.04999,,985316093781,911488734888.7699,92.50724114239026,985316093781,777032181510.72,78.8612087445946,,19 Desember
XXVIII,Prov. Sulawesi Tenggara,1354141077078,1099962441408,81.23,38977556000,27607831855,70.83,112103536213.7,99506587670,88.76,243146022786.6,220128740949.17,90.53,1748368192078.3,1447205601882.17,82.77,920867630132,762259851484,82.78,1671634217000,1442768104225,86.31,51173497000,15742488147,30.76,622895172000,583651910427,93.7,3266570516132,2804422354283,85.85,0,0,0,0,0,0,0,0,0,0,0,0,0,0,0,3266570516132,2804422354283,85.85,0,0,0,0,0,0,0,0,0,3266570516132,2804422354283,85.85,628368000,471276000,75,0,0,0,0,0,0,628368000,471276000,75,5015567076210.3,4252099232165.17,84.78,,2262476209179.7,1895642789081,83.79,1010886554378.02,721983482571,71.42,22288206156,20431074745,91.67,0,0,0,69160492727,36915262346,53.38,1095000000,300000000,27.4,3365906462440.72,2675272608743,79.48,290000000,86060812,29.68,167133516332.92,84945448630,50.82,245110262908.02,87943716872,35.88,288316666982.54,200292099237,69.47,25796245000,8995374300,34.87,687200000,408520000,59.45,727333891223.48,382671219851,52.61286796457293,44630886978,3342368065,7.49,557952772297.1,507228910288,90.91,2057296800,1053416000,51.2,560010069097.1,508282326288,90.7630691547207,4697881309739.3,3569568522947,75.98251823746239,,72996506592,72996506592,100,390682273063,226931201842,58.09,-317685766471,-153934695250,48.45501797577448,,0,528596013968.1699,,5088563582802.3,4325095738757.17,84.99639767447528,5088563582802.3,3796499724789,74.60847571247695,,05 Desember
1,Kab. Bombana,35565000000,32179368009,90.48,34110000000,17852440889,52.34,15917581208,15917581208,100,6372050000,5445842244,85.46,91964631208,71395232350,77.63,400603565971,272225680726,67.95,486709927000,481629056146,98.96,36187985000,18217408000,50.34,148492216000,112322330625,75.64,1071993693971,884394475497,82.5,0,0,0,0,0,0,0,0,0,94240233000,85303775416,90.52,94240233000,85303775416,90.52,1166233926971,969698250913,83.15,33185863193,29574158329,89.12,0,0,0,33185863193,29574158329,89.12,1199419790164,999272409242,83.31,0,0,0,0,0,0,19000000000,4864572657,25.6,19000000000,4864572657,25.6,1310384421372,1075532214249,82.08,,448045572007,384587502725,85.84,402947355650,241650533452,59.97,0,0,0,0,0,0,10535704524,2513965504,23.86,0,0,0,861528632181,628752001681,72.98,5475873000,1065700000,19.46,54156196947,19056493260,35.19,100097532373,47092593722,47.05,116473199896,70624672482,60.64,367868000,172400000,46.86,772100800,772100800,100,277342771016,138783960264,50.04059047783637,3000000000,1233623700,41.12,0,0,0,173734964684,146085759209,84.09,173734964684,146085759209,84.08541105971955,1315606367881,914855344854,69.53868324060521,,5221946509,5221946509.49,100,0,0,0,5221946509,5221946509.49,100.00000000938347,,0,165898815904.49,,1315606367881,1080754160758.49,82.14874807114396,1315606367881,914855344854,69.53868324060521,,12 Desember
2,Kab. Buton,17455713297,6713501030,38.46,3025000000,2103799710,69.55,12803238442,12703238442,99.22,24768694247,7989110233,32.25,58052645986,29509649415,50.83,31998564000,27439726717,85.75,437186671200,416499292910,95.27,154062072000,94157933890,61.12,0,0,0,623247307200,538096953517,86.34,0,0,0,0,0,0,0,0,0,63336536000,42572803882,67.22,63336536000,42572803882,67.22,686583843200,580669757399,84.57,22601010919,19857494035,87.86,0,0,0,22601010919,19857494035,87.86,709184854119,600527251434,84.68,0,0,0,0,0,0,10927019577,2202269952,20.15,10927019577,2202269952,20.15,778164519682,632239170801,81.25,,422480587186,338141785202,80.04,155833447465,90694373445,58.2,0,0,0,72505000,0,0,841555372,481555372,57.22,64000000,0,0,579292095023,429317714019,74.11,0,0,0,27671714863,16014592530,57.87,65309953659,36397858230,55.73,24742007619,17306813244,69.95,263609500,200000000,75.87,0,0,0,117987285641,69919264004,59.25999875676723,200000000,3295200,1.65,0,0,0,109657367500,73077886856,66.64,109657367500,73077886856,66.64202189241868,807136748164,572318160079,70.90721137166118,,28972228482,28972228482.97,100,0,0,0,28972228482,28972228482.97,100.00000000334803,,0,88893239204.97,,807136748164,661211399283.97,81.92061639964139,807136748164,572318160079,70.90721137166118,,12 Desember
3,Kab. Buton Selatan,4601000000,2717948960,59.07,7428245000,6728823465,90.58,8167196222,8167196222,100,13248019859,12358671089,93.29,33444461081,29972639736,89.62,43151013773,34872737573,80.82,379437071500,330803827748,87.18,35151372970,12661257885,36.02,88696791000,67630897142,76.25,546436249243,445968720348,81.61,0,0,0,0,0,0,0,0,0,47799652000,26531287822,55.51,47799652000,26531287822,55.51,594235901243,472500008170,79.51,19082510873,14884150941,78,0,0,0,19082510873,14884150941,78,613318412116,487384159111,79.47,0,0,0,0,0,0,8397778410,6002538876,71.48,8397778410,6002538876,71.48,655160651607,523359337723,79.88,,286048460607.6,221988937821,77.61,183445641755.14,108284175927,59.03,0,0,0,0,0,0,4535323000,2275691000,50.18,175000000,0,0,474204425362.74,332548804748,70.13,1412098800,0,0,17519774175.99,3378558961,19.28,64140477381,16544401379,25.79,27369192465,9687992930,35.4,2339051570,7573000,0.32,2455000000,200000000,8.15,115235594391.99,29818526270,25.87614220009844,4751961232.27,0,0,890292256,832788038,93.54,88140970500,59262609322,67.24,89031262756,60095397360,67.49920814298463,683223243743,422462728378,61.833775745620386,,28062592163,28062592136.35,100,0,0,0,28062592163,28062592136.35,99.9999999050337,,27,128959201481.35,,683223243770,551421929859.35,80.708894916488,683223243743,422462728378,61.833775745620386,,2025-11-21 00:00:00
4,Kab. Buton Tengah,8232000000,5764043947,70.02,6807650000,5372864977,78.92,4000000000,4532515476,113.31,3639934417,5775275596,158.66,22679584417,21444699996,94.56,82739692000,62159673000,75.13,365245197000,338878509880,92.78,296300103000,194644173245,65.69,0,0,0,744284992000,595682356125,80.03,0,0,0,0,0,0,0,0,0,53444997000,41807393440,78.23,53444997000,41807393440,78.23,797729989000,637489749565,79.91,19687024939,17777175511,90.3,0,0,0,19687024939,17777175511,90.3,817417013939,655266925076,80.16,0,0,0,0,0,0,9110500000,6424179681,70.51,9110500000,6424179681,70.51,849207098356,683135804753,80.44,,298670342883.45,224863725031,75.29,208698483475.46,120442503034,57.71,0,0,0,0,0,0,10518391760,5549541082,52.76,200000000,0,0,518087218118.91,350855769147,67.72,310000000,11550000,3.73,43441524545.47,13198437653,30.38,199799762550,104720712523,52.41,39913734961,17463342655,43.75,932520000,99000000,10.62,4387000000,2292925400,52.27,288784542056.47,137785968231,47.71237658699088,944113924.88,0,0,1064300000,204958000,19.26,98243485900,71518353054,72.8,99307785900,71723311054,72.2232505779791,907123660000.2599,560365048432,61.77383229446794,,59916561644.26,59916561644.26,100,2000000000,2000000000,100,57916561644.26,57916561644.26,100,,0.00011444091796875,180687317965.26,,909123660000.26,743052366397.26,81.73281579725331,909123660000.2599,562365048432,61.8579268338302,,2025-11-30 00:00:00
5,Kab. Buton Utara,8460568527,3098230359,36.62,5230000000,2913300302,55.7,11913201421,11913201421,100,4642440353,5808656751,125.12,30246210301,23733388833,78.47,0,0,0,0,0,0,0,0,0,0,0,0,0,0,0,0,0,0,0,0,0,0,0,0,0,0,0,0,0,0,786808504255,659298010978,83.79,0,0,0,0,0,0,19254739044,19393819898,100.72,806063243299,678691830876,84.2,0,0,0,0,0,0,6909464346,5221930035,75.58,6909464346,5221930035,75.58,843218917946,707647149744,83.92,,323736619516.39,245535637295,75.84,161037874659.55,102856725277,63.87,7570543926,7570543926,100,112000000,79855000,71.3,4485275819,3001386336,66.92,929500000,64500000,6.94,497871813920.94,359108647834,72.13,1371000000,816000000,59.52,42540220538,18401078188,43.26,171086440888,100318097232,58.64,16493464756.23,5558105656,33.7,269780000,0,0,430128000,198775230,46.21,232191034182.23,125292056306,53.960764138578796,1136733309.1,848000000,74.6,777353393,187288000,24.09,102391001840,81692355324,79.78,103168355233,81879643324,79.36507579197068,834367936645.27,567128347464,67.97101405217511,,14940637987.27,14940637987,100,23791619288,23791619288,100,-8850981300.73,-8850981301,100.00000000305052,,-1.9073486328125e-05,131667820979,,858159555933.27,722587787731,84.20203244665471,858159555933.27,590919966752,68.85898579890073,,05 Desember
6,Kab. Kolaka,111237722935,97441473607,87.6,19915241145,16763156278.9,84.17,47204330379,42266918815,89.54,117442827069,88346494544.73,75.23,295800121528,244818043245.63,82.76,0,0,0,0,0,0,0,0,0,0,0,0,0,0,0,0,0,0,0,0,0,0,0,0,0,0,0,0,0,0,1382723575000,1329047589462,96.12,0,0,0,0,0,0,66905865273,43793390145,65.46,1449629440273,1372840979607,94.7,0,0,0,0,0,0,0,0,0,0,0,0,1745429561801,1617659022852.63,92.68,,586802559312,529000632213,90.15,580695422021,482193625929,83.04,0,0,0,0,0,0,15495254000,15768891071,101.77,14188000000,12671000000,89.31,1197181235333,1039634149213,86.84,6123020000,3136876472,51.23,81099339614,63438877772,78.22,109176800442,73094535311,66.95,153697832783,86233049651,56.11,3975592674,3531293300,88.82,1220871000,1111722026,91.06,355293456513,230546354532,64.88899536588129,9500000000,7129272500,75.04,13198843909,0,0,193098757846,149059536879,77.19,206297601755,149059536879,72.25461450396492,1768272293601,1426369313124,80.66457401870323,,25342731800,25342731799.61,100,2500000000,2500000000,100,22842731800,22842731799.61,99.99999999829268,,0,214132441528.23987,,1770772293601,1643001754652.24,92.78447379087183,1770772293601,1428869313124,80.69187203162558,,19 Desember
7,Kab. Kolaka Timur,16148409090,12286413816,76.08,2370400000,2312032222,97.54,14460305934,14460305934,100,12453822821.06,7247507738,58.2,45432937845.06,36306259710,79.91,0,0,0,0,0,0,0,0,0,0,0,0,0,0,0,0,0,0,0,0,0,0,0,0,0,0,0,0,0,0,908922294258,780037112952,85.82,0,0,0,0,0,0,24616205000,19889288378,80.8,933538499258,799926401330,85.69,0,0,0,0,0,0,16373422635,6451773938,39.4,16373422635,6451773938,39.4,995344859738.06,842684434978,84.66,,356195382793.16,289380718290,81.24,230663772960,156908114369.6,68.02,0,0,0,0,0,0,4232303000,3523500000,83.25,0,0,0,591091458753.16,449812332659.6,76.1,1377816034,1351945500,98.12,48431588615,12757250505,26.34,150654547458,73300207575,48.65,59790126650,42730070095,71.47,200000000,200000000,100,472088000,409700000,86.78,260926166757,130749173675,50.10964415721726,3385034008.84,919000000,27.15,0,0,0,141735783000,125983582672,88.89,141735783000,125983582672,88.88622195850148,997138442519,707464089006.6,70.94943478654616,,1793582780.94,0,0,0,0,0,1793582780.94,0,0,,5.8650970458984375e-05,135220345971.40002,,997138442519,842684434978,84.51027450603411,997138442519,707464089006.6,70.94943478654616,,05 Desember
8,Kab. Kolaka Utara,17214136881,11902865608,69.15,2413108919,2135852985,88.51,20928226857,20928226857,100,34321988074,38255627779.85,111.46,74877460731,73222573229.85,97.79,0,0,0,0,0,0,0,0,0,0,0,0,0,0,0,0,0,0,0,0,0,0,0,0,0,0,0,0,0,0,921703180090,860885334887,93.4,0,0,0,0,0,0,23720086525,22814306431,96.18,945423266615,883699641318,93.47,0,0,0,0,0,0,13224105418,10094476629,76.33,13224105418,10094476629,76.33,1033524832764,967016691176.85,93.56,,413881185934,349411685980,84.42,312813228728,254136738435,81.24,0,0,0,0,0,0,8659372706,3457716000,39.93,362500000,361634200,99.76,735716287368,607367774615,82.55,729174310,166434080,22.83,45962254098,38825717371,84.47,50436711949,29149101008,57.79,68704280980,42226156529,61.46,5305199508,3641850750,68.65,2500160000,1257960250,50.32,173637780845,115267219988,66.38372100072782,2000000000,887374500,44.37,1326250791,1326250791,100,174830803000,161193307896,92.2,176157053791,162519558687,92.25833152263088,1087511122004,886041927790,81.47428654865206,,53986289240,53986289240.49,100,0,0,0,53986289240,53986289240.49,100.00000000090763,,0,134961052627.33997,,1087511122004,1021002980417.34,93.88437136494726,1087511122004,886041927790,81.47428654865206,,19 Desember
9,Kab. Konawe,228348260116,199568783060,87.4,32775433900,33047527062,100.83,5392524718,5392524718,100,82224418451,74662185956,90.8,348740637185,312671020796,89.66,255023903000,245950693200,96.44,757634478200,657859278564,86.83,20456953000,20036190903,97.94,220704488000,104958953222,47.56,1253819822200,1028805115889,82.05,7890845000,7890854000,100,0,0,0,0,0,0,211719721000,180207530784,85.12,219610566000,188098384784,85.65,1473430388200,1216903500673,82.59,96831817702,74816296339,77.26,0,0,0,96831817702,74816296339,77.26,1570262205902,1291719797012,82.26,0,0,0,0,0,0,17355224379,7081651929,40.8,17355224379,7081651929,40.8,1936358067466,1611472469737,83.22,,810015787166,617339536282,76.21,451504622421,325034769096,71.99,0,0,0,0,0,0,18764357660,12454251000,66.37,1640000000,0,0,1281924767247,954828556378,74.48,14687200000,6714336128,45.72,78899299025,48291541300,61.21,84478747027,50604082856,59.9,173025994573,93622235460,54.11,4516295212,294284700,6.52,11415824550,4609327850,40.38,367023360387,204135808294,55.61929575238844,8396289078,1668627255,19.87,9572524000,4919816052,51.4,327409907800,313832294820,95.85,336982431800,318752110872,94.59012719724815,1994326848512,1479385102799,74.17967139653129,,57968781046,57401274782.17,99.02,0,0,0,57968781046,57401274782.17,99.02101397754134,,0,189488641720.16998,,1994326848512,1668873744519.17,83.68105487645337,1994326848512,1479385102799,74.17967139653129,,19 Desember
10,Kab. Konawe Kep.,6483000000,6667222131,102.84,4982720000,4726311074,94.85,5293016017,5293016017,100,3969801425,3553072493,89.5,20728537442,20239621715,97.64,51424773000,48956644250,95.2,323657244000,316289938478,97.72,191287747000,133461713785,69.77,46222713000,42331973333,91.58,612592477000,541040269846,88.32,0,0,0,0,0,0,0,0,0,62869293000,46353145472,73.73,62869293000,46353145472,73.73,675461770000,587393415318,86.96,17283481247,13549826558,78.4,0,0,0,17283481247,13549826558,78.4,692745251247,600943241876,86.75,0,0,0,0,0,0,2391000000,2134021883,89.25,2391000000,2134021883,89.25,715864788689,623316885474,87.07,,171939367592,155644532672,90.52,185978194823,155535194699,83.63,0,0,0,0,0,0,3799679620,2580002000,67.9,615000000,527500000,85.77,362332242035,314287229371,86.74,4087144101,3968312101,97.09,31544905964,23708837112,75.16,203992909717,129953774443,63.71,30138605624,21365848153,70.89,6131547400,5524421800,90.1,2452666000,2240868610,91.36,278347778806,186762062219,67.09665980455605,1500000000,398178500,26.55,2659631105,0,0,98672964700,65572652022,66.45,101332595805,65572652022,64.7103249463629,743512616646,567020122112,76.2623403312023,,27647827957,27647827957,100,0,0,0,27647827957,27647827957,100,,0,83944591319,,743512616646,650964713431,87.55261159756974,743512616646,567020122112,76.2623403312023,,19 Desember
11,Kab. Konawe Selatan,74397806592,48364727343,65.01,9365000000,3221136860,34.4,12702811655,12702811655,100,62857537623.97,54934454018,87.4,159323155870.97,119223129876,74.83,0,0,0,0,0,0,0,0,0,0,0,0,0,0,0,0,0,0,0,0,0,0,0,0,0,0,0,0,0,0,1404126856000,1322901560142,94.22,0,0,0,0,0,0,45856812615,34110796949,74.39,1449983668615,1357012357091,93.59,0,0,0,0,0,0,0,0,0,0,0,0,1609306824485.97,1476235486967,91.73,,652575419097.56,581211579743.01,89.06,439446812677,366119687696,83.31,13841764958,14067565296,101.63,0,0,0,7638673460,6719886558,87.97,0,0,0,1113502670192.56,968118719293.01,86.94,454067000,333850000,73.52,37830429224,32265446441,85.29,66477767865,44502094224,66.94,61364577178,39721268847,64.73,243663000,92572000,37.99,3941000000,3438900000,87.26,170311504267,120354131512,70.66705918075795,8300000000,2452638412,29.55,4000000000,3921339000,98.03,339248117332,307520512281,90.65,343248117332,311441851281,90.73373911029029,1635362291791.56,1402367340498.01,85.75270125384259,,67027144753.59,67027144753.59,100,40971677448,40971677448,100,26055467305.589996,26055467305.589996,100,,-9.1552734375e-05,99923613774.57999,,1676333969239.56,1543262631720.59,92.06176454329471,1676333969239.56,1443339017946.01,86.1009228728304,,19 Desember
12,Kab. Konawe Utara,11599405992,12920224792,111.39,3545403200,1752859000,49.44,13546640665,13546640665,100,25015025485,12257378835,49,53706475342,40477103292,75.37,460261177000,322206481200,70.01,426872231000,355225521619,83.22,29208222000,18481813900,63.28,92877321000,75273064459,81.05,1009218951000,771186881178,76.41,0,0,0,0,0,0,0,0,0,114361497000,110612984020,96.72,114361497000,110612984020,96.72,1123580448000,881799865198,78.48,48881747925,28457454743,58.22,0,0,0,48881747925,28457454743,58.22,1172462195925,910257319941,77.64,1000000000,153037383,15.3,0,0,0,7768675970,0,0,8768675970,153037383,1.75,1234937347237,950887460616,77,,449259078172.16,316833796284,70.52,460910711227,316305823168.38,68.63,0,0,0,150000000,0,0,31630010922,17748827422,56.11,0,0,0,941949800321.16,650888446874.38,69.1,14400000000,10351968609,71.89,49647025856.2,27891642765,56.18,98568227989.23,66625066868,67.59,94927693457.41,74216843012,78.18,1997134800,451002600,22.58,10972000000,7652209250,69.74,270512082102.84,187188733104,69.19791960820325,20000000000,4202855432,21.01,1252628776,0,0,207244067400,180274911820,86.99,208496696176,180274911820,86.4641575269006,1440958578600,1022554947230.38,70.96352125706967,,219021231363,219021231363,100,13000000000,13000000000,100,206021231363,206021231363,100,,0,134353744748.62,,1453958578600,1169908691979,80.4636878380326,1453958578600,1035554947230.38,71.22313953589406,,2025-11-30 00:00:00
13,Kab. Muna,51776000000,12429104665,24.01,18539388000,1878796998,10.13,4320577000,4234412814,98.01,36000000000,44666920879,124.07,110635965000,63209235356,57.13,0,0,0,0,0,0,0,0,0,0,0,0,0,0,0,0,0,0,0,0,0,0,0,0,0,0,0,0,0,0,1058237111000,992961745956,93.83,0,0,0,0,0,0,32878240000,25635442759,77.97,1091115351000,1018597188715,93.35,0,0,0,0,0,0,18067472000,1395201893,7.72,18067472000,1395201893,7.72,1219818788000,1083201625964,88.8,,634370389417.92,550219059886,86.73,256966708245.88,173986420978,67.71,8999590000,0,0,0,0,0,15810022000,8751362611,55.35,0,0,0,916146709663.8,732956843475,80,0,0,0,28398938285,14763022402,51.98,46459086338,17186627479,36.99,27227348826,13264618620,48.72,5553524350,1415753541,25.49,957000000,336441000,35.16,108595897799,46966463042,43.24883719726703,1085849958.2,0,0,1000000000,0,0,173406509806,153665130000,88.62,174406509806,153665130000,88.10745090359784,1200234967227,933588436517,77.78380583878047,,12812780227,0,0,32396601000,39900867073,123.16,-19583820773,-39900867073,203.74403715954594,,0,109712322374,,1232631568227,1083201625964,87.87716085529613,1232631568227,973489303590,78.97650268605837,,12 Desember
14,Kab. Muna Barat,12400000000,5901769575,47.59,2950000000,1223775877,41.48,1828255073,2117206407,115.8,15804506034,7747862331,49.02,32982761107,16990614190,51.51,31501741000,26663973892,84.64,354898009000,327911419100,92.4,28147943000,18286074450,64.96,96224821000,59737487112,62.08,510772514000,432598954554,84.7,0,0,0,0,0,0,0,0,0,62665556000,62665556000,100,62665556000,62665556000,100,573438070000,495264510554,86.37,19830532976,16990829780,85.68,0,0,0,19830532976,16990829780,85.68,593268602976,512255340334,86.34,0,0,0,0,0,0,17976505688,14105003346.52,78.46,17976505688,14105003346.52,78.46,644227869771,543350957870.52,84.34,,287300720819.12,226145713795,78.71,185092669943.68,119753458433.72,64.7,0,0,0,885000000,882745000,99.75,7697618721,3329715200,43.26,2821130200,242415000,8.59,483797139683.8,350354047428.72,72.42,0,0,0,13336541013,9232292127,69.23,23818240803.69,11419209936,47.94,20971057045,10407198166,49.63,1194925439,183761100,15.38,2156800000,1649461000,76.48,61477564300.69,32891922329,53.502318615168086,2658813375.89,1650076000,62.06,0,0,0,101305531000,90780597420,89.61,101305531000,90780597420,89.61070192702509,649239048360.38,475676643177.72,73.26679508557241,,5011178589.38,0,0,0,0,0,5011178589.38,0,0,,0,67674314692.80005,,649239048360.38,543350957870.52,83.69043101192466,649239048360.38,475676643177.72,73.26679508557241,,05 Desember
15,Kab. Wakatobi,15095560974,11382512223,75.4,2682337650,1822106163,67.93,19570527935,19570527935,100,26266088967,28788254934.29,109.6,63614515526,61563401255.29,96.78,33358482000,34178189084,102.46,461394261122,460173301904,99.74,112614986415,108803374445,96.62,0,0,0,607367729537,603154865433,99.31,0,0,0,0,0,0,0,0,0,58111958000,58111958000,100,58111958000,58111958000,100,665479687537,661266823433,99.37,19574242132,19212216698,98.15,1000000000,0,0,20574242132,19212216698,93.38,686053929669,680479040131,99.19,0,0,0,0,0,0,4239007968,3506317223,82.72,4239007968,3506317223,82.72,753907453163,745548758609.29,98.89,,382443948783,337473940402,88.24,244697149414,175251864339,71.62,0,0,0,0,0,0,7460603994,7234235100,96.97,0,0,0,634601702191,519960039841,81.93,7560926000,2999601375,39.67,24237892434,14847481785,61.26,39515755406,24736856220,62.6,28169282883,18622198822,66.11,301217000,264094257,87.68,4510273200,2661058595,59,104295346923,64131291054,61.49007884440651,3118206609,0,0,1181910000,1181910000,100,107695731800,107695731800,100,108877641800,108877641800,100,850892897523,692968972695,81.44021118430699,,98985444360,98985444360.58,100,2000000000,2000000000,100,96985444360,96985444360.58,100.00000000059804,,0,149565230274.87006,,852892897523,844534202969.87,99.01995964822716,852892897523,694968972695,81.48373315258598,,19 Desember
16,Kota Bau-Bau,50275000000,41352337102,82.25,7654496500,5515464076,72.06,10777187067,10777187067,100,73293316433,67416131884,91.98,142000000000,125061120129,88.07,26305355000,22110440600,84.05,552257652288,492056187115,89.1,117178992000,70850004867,60.46,0,0,0,695741999288,585016632582,84.09,6873937000,3436968500,50,0,0,0,0,0,0,0,0,0,6873937000,3436968500,50,702615936288,588453601082,83.75,38373787600,26269890512,68.46,0,0,0,38373787600,26269890512,68.46,740989723888,614723491594,82.96,0,0,0,0,0,0,14528144600,9686851596,66.68,14528144600,9686851596,66.68,897517868488,749471463319,83.5,,493242719191.76,409950697849,83.11,289276657102.41,206067989892,71.24,0,0,0,1335565432,1140780000,85.42,8240298035,4351516259,52.81,1337773000,488232040,36.5,793433012761.17,621999216040,78.39,6319245000,6319245000,100,23769087117.15,11235976862,47.27,37304056996,13861428641,37.16,38546110051.25,12254144901,31.79,5286622112,1877385500,35.51,1056699333,929991500,88.01,112281820609.4,46478172404,41.39420981218838,12243306337.43,3583306500,29.27,0,0,0,0,0,0,0,0,0,917958139708.0001,672060694944,73.21256448118436,,30440271020,30440271020,100,10000000000,10000000000,100,20440271020,20440271020,100,,-200.0001220703125,97851039395,,927958139508,779911734339,84.0460039234643,927958139708.0001,682060694944,73.50123521289694,,12 Desember
17,Kota Kendari,338922000000,266151068927.86,78.53,40759399000,18856305490,46.26,11616516542,11616516542,100,110619307983,114691036283.98,103.68,501917223525,411314927243.84,81.95,0,0,0,0,0,0,0,0,0,0,0,0,0,0,0,0,0,0,0,0,0,0,0,0,0,0,0,0,0,0,1051253541000,1019833681333,97.01,0,0,0,0,0,0,102209821442,70194525292,68.68,1153463362442,1090028206625,94.5,521214343,1211721206,232.48,0,0,0,35431855263,28472678678,80.36,35953069606,29684399884,82.56,1691333655573,1531027533752.84,90.52,,794313160493.17,707333683429,89.05,448935597123.16,356233194983,79.35,16381047476,15946126380,97.34,0,0,0,31808723418.5,19172185821,60.27,672750000,671176077,99.77,1292111278510.83,1099356366690,85.08,2247045000,674140000,30,50328869334.52,34875281230,69.29,70799609764.04,47091478651,66.51,233899238013.67,135681285852,58.01,26100000,15200000,58.24,2530392000,1762722087,69.66,359831254112.23,220100107820,61.1675904482026,1000000000,36273500,3.63,0,0,0,0,0,0,0,0,0,1652942532623.06,1319492748010,79.82689790891233,,21298355522.06,21298355522.06,100,59689478472,54715355266,91.67,-38391122949.94,-33416999743.94,87.04355896938468,,-6.103515625e-05,178117785998.9001,,1712632011095.06,1552325889274.9001,90.63978012896887,1712632011095.06,1374208103276,80.2395432511698,,19 Desember
XXIX,Prov. Nusa Tenggara Barat,1675039847735,1483252068591.7,88.55,956275591665,768322602222.41,80.35,90582447997,90582447997,100,87372494833,78585414120.47,89.94,2809270382230,2420742532931.58,86.17,0,0,0,0,0,0,0,0,0,0,0,0,0,0,0,0,0,0,0,0,0,0,0,0,0,0,0,0,0,0,3493257748000,3398647511140,97.29,0,0,0,0,0,0,5206588475,656392275,12.61,3498464336475,3399303903415,97.17,5374212356,1353312000,25.18,0,0,0,176677189470,176677189470,100,182051401826,178030501470,97.79,6489786120531,5998076937816.58,92.42,,2484534154396.31,2261434299295.4,91.02,2398763793049.69,1775365042786.56,74.01,35275372063,35275372063,100,0,0,0,131670563943,128976108293,97.95,4947580000,4355600000,88.03,5055191463452,4205406422437.96,83.19,7891600000,0,0,300992097472,249365798329,82.85,127365117642,63134442091,49.57,121828507000,75934663192,62.33,28900450506,13953319350,48.28,950642500,176370000,18.55,587928415120,402564592962,68.47170209996295,11791292174,2482458000,21.05,836902138326,724119019610,86.52,4849500000,880500000,18.16,841751638326,724999519610,86.1298614222853,6496662809072,5335452993009.96,82.12605686660363,,167675423365,167675666772.99,100,160798734824,160798734824,100,6876688541,6876931948.98999,100.00353961050494,,0,669500876755.6101,,6657461543896,6165752604589.57,92.61416778656032,6657461543896,5496251727833.96,82.55776907751404,,19 Desember
1,Kab. Bima,42085649257,25262514439.02,60.03,155006553013,70111650004.02,45.23,7510000000,8443342308,112.43,15490000000,6456262911.21,41.68,220092202270,110273769662.25,50.1,103870024000,96742098200,93.14,1130073280000,1073136781669,94.96,355055442000,182072561308,51.28,0,0,0,1588998746000,1351951441177,85.08,0,0,0,0,0,0,0,0,0,180596441000,102116260118,56.54,180596441000,102116260118,56.54,1769595187000,1454067701295,82.17,65403035557,53404940766,81.66,0,0,0,65403035557,53404940766,81.66,1834998222557,1507472642061,82.15,0,0,0,0,0,0,26324521293,26324521293,100,26324521293,26324521293,100,2081414946120,1644070933016.25,78.99,,1083594408101.86,840330931277.2,77.55,505098630353,313431618638.08,62.05,0,0,0,0,0,0,31499210000,19272698811,61.18,451000000,451000000,100,1620643248454.86,1173486248726.28,72.41,276500000,163738000,59.22,39525733415.8,16710136981,42.28,80385336167,24670220757,30.69,53730804468,23215183293,43.21,7662370195,822822240,10.74,0,0,0,181580744245.8,65582101271,36.117321549372896,4500000000,3632000000,80.71,5750828136.3,2810183004,48.87,307866618820,198249309017,64.39,313617446956.3,201059492021,64.10979171353817,2120341439656.9602,1443759842018.28,68.09091286032965,,39926493536.96,0,0,1000000000,0,0,38926493536.96,0,0,,-0.00020599365234375,200311090997.96997,,2121341439656.96,1644070933016.25,77.5014762961549,2121341439656.9602,1443759842018.28,68.058814815391,,2025-11-30 00:00:00
2,Kab. Dompu,33453897208,26726245198.07,79.89,5264092000,8114769328,154.15,15012520429,13498872085,89.92,98092515199,85617358810.92,87.28,151823024836,133957245421.99,88.23,0,0,0,0,0,0,0,0,0,0,0,0,0,0,0,0,0,0,0,0,0,0,0,0,0,0,0,0,0,0,1045917251000,917773362030,87.75,0,0,0,0,0,0,49413717493,42689205165,86.39,1095330968493,960462567195,87.69,0,0,0,0,0,0,40108226321,32696886612,81.52,40108226321,32696886612,81.52,1287262219650,1127116699228.99,87.56,,682695698455,503795337846.42,73.8,392567479892,293899301946.38,74.87,0,0,0,0,0,0,29531627000,18841650000,63.8,7961500000,7961500000,100,1112756305347,824497789792.8,74.1,1600000000,0,0,27434331376,9703843550,35.37,30157937511,18450016935,61.18,30613299157,19908526433,65.03,5283028000,785923000,14.88,384142000,176864500,46.04,95472738044,49025174418,51.34991980161503,4017208207,583534200,14.53,4525554616,555980364,12.29,147067793100,139532278726,94.88,151593347716,140088259090,92.41055837914865,1363839599314,1014194757500.8,74.36319916293174,,76577379664,1861136,0,0,0,0,76577379664,1861136,0.0024303991703113125,,0,112923802864.18994,,1363839599314,1127118560364.99,82.64304401572745,1363839599314,1014194757500.8,74.36319916293174,,2025-11-28 00:00:00
3,Kab. Lombok Barat,207486699874,218066283731.5,105.1,246540507823,211395588915.17,85.74,20107000000,22931698210,114.05,57635219707,59393400400.76,103.05,531769427404,511786971257.43,96.24,107962959000,104663943400,96.94,1003659155000,1001767939951,99.81,343640151000,319356854046,92.93,0,0,0,1455262265000,1425788737397,97.97,16005532000,16005532000,100,0,0,0,0,0,0,140197976000,129843983174,92.61,156203508000,145849515174,93.37,1611465773000,1571638252571,97.53,70403295103,88569517903,125.8,122000000,0,0,70525295103,88569517903,125.59,1681991068103,1660207770474,98.7,0,0,0,0,0,0,0,26324521293,0,0,26324521293,0,2213760495507,2198319263024.43,99.3,,950412326310.3,856658895013,90.14,679612772220.49,534881936993.3,78.7,0,0,0,5200400000,1775238366,34.14,38918819400,36134329137,92.85,14047984900,13933680900,99.19,1688192302830.79,1443384080409.3,85.5,83755793000,30771660,0.04,90026939817.06,76064807980,84.49,131275310712.76,70647865555,53.82,82166744504.99,43531306054,52.98,754759303,676425803,89.62,0,0,0,387979547337.81,190951177052,49.21681525798077,9700000000,919726300,9.48,22596119436,16855363120,74.59,248470280200,238663632174,96.05,271066399636,255518995294,94.26435575826522,2356938249804.6,1890773979055.3,80.22161714300546,,160507754297.6,157751892647.6,98.28,15000000000,15000000000,100,145507754297.6,142751892647.6,98.10603794739106,,2329999999.9999084,450297176616.72986,,2374268249804.6,2356071155672.03,99.2335704217892,2371938249804.6,1905773979055.3,80.34669448971943,,19 Desember
4,Kab. Lombok Timur,184419607718,175589738931.13,95.21,340344371870,285455351762.69,83.87,19486979800,18750425567,96.22,12327711050,6758715024.19,54.83,556578670438,486554231285.01,87.42,0,0,0,0,0,0,0,0,0,0,0,0,0,0,0,0,0,0,0,0,0,0,0,0,0,0,0,0,0,0,2718415909000,2605196116753,95.84,0,0,0,0,0,0,134192912428,117495833496,87.56,2852608821428,2722691950249,95.45,0,0,0,0,0,0,27399521293,26571929395,96.98,27399521293,26571929395,96.98,3436587013159,3235818110929.01,94.16,,1380908359764.63,1292433930245.41,93.59,1186636384276.36,981686559453.63,82.73,1421000000,835083506.38,58.77,2500000000,204948750,8.2,82155775000,78596445500,95.67,8332000000,6555000000,78.67,2661953519040.99,2360311967455.42,88.67,8306569000,1770545000,21.31,120449497213,98455013019,81.74,108750310367,71353161499.74,65.61,77850671377,16707527919,21.46,12605610335,11350170243,90.04,559600000,439200000,78.48,328522258292,200075617680.74,60.90169315191638,7000000000,2181885500,31.17,21409695834,21409695834,100,438546536400,437583508469,99.78,459956232234,458993204303,99.79062618059928,3457432009566.99,3021562674939.16,87.39326374541149,,109357126843.99,101107126843.99,92.46,88512130436,62130329936.94,70.19,20844996407.990005,38976796907.05,186.98394638297935,,-0.0002288818359375,253232232896.8996,,3545944140002.99,3336925237773,94.10540905391099,3545944140002.99,3083693004876.1,86.96394762929062,,12 Desember
5,Kab. Lombok Utara,194193487298,224615383742.19,115.67,21212987286,19611190672.18,92.45,7881207373,8773013054,111.32,83944449637.94,66739775701.83,79.5,307232131594.94,319739363170.2,104.07,0,0,0,0,0,0,0,0,0,0,0,0,0,0,0,0,0,0,0,0,0,0,0,0,0,0,0,0,0,0,807343939600,772950344766,95.74,0,0,0,0,0,0,45063328197,44280257616,98.26,852407267797,817230602382,95.87,0,0,0,0,0,0,26924521293,26324521293,97.77,26924521293,26324521293,97.77,1186563920684.94,1163294486845.2,98.04,,447968008738.76,307624659871,68.67,516463958311.94,302538640889.06,58.58,0,0,0,3000000000,2420980000,80.7,3760135192,4957060257,131.83,0,0,0,971192102242.7,617541341017.06,63.59,6405800000,3397998141,53.05,36711593359,14154825646,38.56,54350073950,31891619156.34,58.68,82950135291,45678403074,55.07,3800801504,1646182751,43.31,150510000,67501000,44.85,184368914104,96836529768.34,52.523241371219356,3427000000,831400000,24.26,21549647558,16005508468,74.27,111304014800,108741686820,97.7,132853662358,124747195288,93.89819826859154,1291841678704.7,839956466073.4,65.02007791818616,,110277758019.76,0,0,5000000000,3000000000,60,105277758019.76,-3000000000,-2.84960475643575,,0,320338020771.7999,,1296841678704.7,1163294486845.2,89.70212061715286,1296841678704.7,842956466073.4,65.0007229036126,,12 Desember
6,Kab. Sumbawa,82695202167,72535488270.88,87.71,129795486373,102405713353.43,78.9,16568736683,16568736683,100,11298147423,13791905460.17,122.07,240357572646,205301843767.48,85.42,478165378000,387282220800,80.99,1024649834000,905902717253,88.41,344218847485,273271293576,79.39,0,0,0,1847034059485,1566456231629,84.81,0,0,0,0,0,0,0,0,0,150779408000,150779408000,100,150779408000,150779408000,100,1997813467485,1717235639629,85.96,64216153811,47163286218,73.44,0,0,0,64216153811,47163286218,73.44,2062029621296,1764398925847,85.57,15328050000,11637970300,75.93,0,0,0,26324521293,26324521293,100,41652571293,37962491593,91.14,2344039765235,2007663261207.48,85.65,,1095090769763.65,876334225931.06,80.02,627736646896.98,430388338072.06,68.56,0,0,0,0,0,0,78320012181,46804639841,59.76,5295000000,5045000000,95.28,1806442428841.63,1358572203844.12,75.21,1008664437,186020044,18.44,71706065681.14,44917435086,62.64,82834998551.9,52243357378.18,63.07,56199431788.12,30364236508,54.03,8077950750,423517297,5.24,0,0,0,219827111208.15997,128134566313.18,58.28879140928439,38629070759.27,10652001009,27.58,21458379606,13582883775,63.3,334227371600,299671284079,89.66,355685751206,313254167854,88.07048547541473,2420584362015.0596,1810612939020.3,74.80065423181625,,93486596780.06,8217090930,8.79,8005000000,3005000000,37.54,85481596780.06,5212090930,6.09732518615727,,8937000000.000427,202262413117.17993,,2437526362015.06,2015880352137.48,82.70188924114802,2428589362015.0596,1813617939020.3,74.67783427641704,,2025-11-30 00:00:00
7,Kab. Sumbawa Barat,91523000000,105398594342,115.16,8100424000,10824433631,133.63,5870000000,7754789855,132.11,55108780724,75928398598.02,137.78,160602204724,199906216426.02,124.47,0,0,0,0,0,0,0,0,0,0,0,0,0,0,0,0,0,0,0,0,0,0,0,0,0,0,0,0,0,0,1419600605467,2131215671491,150.13,0,0,0,0,0,0,41953000000,60630998001,144.52,1461553605467,2191846669492,149.97,5000000,0,0,0,0,0,292862915000,298430149147,101.9,292867915000,298430149147,101.9,1915023725191,2690183035065.02,140.48,,647589873704.51,572053659104,88.34,703795186327.25,499386973262,70.96,0,0,0,0,0,0,57692289917.46,40430346820,70.08,14851100000,11810350000,79.53,1423928449949.22,1123681329186,78.91,44869422924.8,7569358520,16.87,107739357458,62479183442,57.99,139154966157.5,65452558442,47.04,327994544723.5,214407347439,65.37,4245160824,454804200,10.71,1955000000,8000000,0.41,625958452087.8,350371252043,55.973563560709806,4703433816,2032920598,43.22,9962342400,9960296381,99.98,171715475000,166605170025,97.02,181677817400,176565466406,97.18603455988017,2236268153253.02,1652650968233,73.90218234020581,,331601148062.02,331601148062.02,100,10356720000,0,0,321244428062.02,331601148062.02,103.22393762982264,,0,1369133214894.04,,2246624873253.02,3021784183127.04,134.50328174955266,2246624873253.02,1652650968233,73.56150053836222,,19 Desember
8,Kab. Lombok Tengah,276329157274,296555823996.76,107.32,25964886316.89,52665710222.47,202.83,13183615297,13183615297,100,189129703491.6,47232214988.37,24.97,504607362379.49,409637364504.6,81.18,0,0,0,0,0,0,0,0,0,0,0,0,0,0,0,0,0,0,0,0,0,0,0,0,0,0,0,0,0,0,2295656655953,1990844842145,86.72,0,0,0,0,0,0,0,0,0,2295656655953,1990844842145,86.72,302000000,104711200,34.67,0,0,0,26324521293,26324521293,100,26626521293,26429232493,99.26,2826890539625.49,2426911439142.6,85.85,,1308837620073.48,1058494326722.26,80.87,793232912805.31,583874101177.83,73.61,9817569753,10190059684,103.79,0,0,0,62657532502,39561041502,63.14,756000000,637200000,84.29,2175301635133.79,1692756729086.09,77.82,1270016600,1261109152,99.3,104694908450.31,64698826342,61.8,148501231866.77,112570015003.41,75.8,91394793044.12,57813294200,63.26,14088692984,2351710255,16.69,1871329848.83,0,0,361820972794.02997,238694954952.41,65.9704585693791,19556796096.12,8959925740,45.81,368330208078.19,330893046606,89.84,0,0,0,368330208078.19,330893046606,89.83597851842694,2925009612102.13,2271304656384.5,77.65118606745949,,153840110633.76,140391103143.76,91.26,54629704830,38729406085,70.89,99210405803.76001,101661697058.76001,102.4708005527653,,1091333327.1203613,257268479816.8601,,2980730650259.25,2567302542286.3604,86.12997427536997,2979639316932.13,2310034062469.5,77.52730504469034,,12 Desember
9,Kota Bima,43013014852,32017164285,74.44,37798921044,33797636818.11,89.41,2000000000,3015755489,150.79,6868038613,8791586737.87,128.01,89679974509,77622143329.98,86.55,107027324250,83702619600,78.21,502571175000,451285036337,89.8,287488532000,173997263983,60.52,0,0,0,897087031250,708984919920,79.03,7477005000,7477005000,100,0,0,0,0,0,0,0,0,0,7477005000,7477005000,100,904564036250,716461924920,79.21,41417738347,37185542651,89.78,0,0,0,41417738347,37185542651,89.78,945981774597,753647467571,79.67,0,0,0,0,0,0,26324521293,26324521293,100,26324521293,26324521293,100,1061986270399,857594132193.98,80.75,,513242956792.67,400126629497,77.96,254521310951.33,182861857898,71.85,0,0,0,0,0,0,21330031325,14465227000,67.82,129250000,75250000,58.22,789223549069,597528964395,75.71,21838545469,5634303620,25.8,50101384069,18512241540,36.95,168430917266,110581619503,65.65,55249946313,23980634258,43.4,2434299034,60453542,2.48,0,0,0,298055092151,158769252463,53.26842474563887,6256198663,743500000,11.88,0,0,0,0,0,0,0,0,0,1093534839883,757041716858,69.22886123491024,,24044634341,0,0,0,0,0,24044634341,0,0,,-7503935143,100552415335.97998,,1086030904740,857594132193.98,78.9659049711197,1093534839883,757041716858,69.22886123491024,,2025-11-30 00:00:00
10,Kota Mataram,301600000000,313052193776.75,103.8,312681744544,291413679221.31,93.2,10750000000,13613235915,126.63,6735348288,17455446102.93,259.16,631767092832,635534555015.99,100.6,192150603000,139443973000,72.57,744084511000,728504101182,97.91,211638794000,148185203053,70.02,0,28293512800,0,1147873908000,1044426790035,90.99,15109191000,15109191000,100,0,0,0,0,0,0,0,0,0,15109191000,15109191000,100,1162983099000,1059535981035,91.11,91748059336,78677163093,85.75,0,0,0,91748059336,78677163093,85.75,1254731158336,1138213144128,90.71,0,0,0,0,0,0,26324521293,26425871293,100.39,26324521293,26425871293,100.39,1912822772461,1800173570436.99,94.11,,793621680829.8,624509929663,78.69,802939316419.87,624919350131.28,77.83,0,0,0,0,0,0,50633924031,31699662950,62.61,4087136250,676500000,16.55,1651282057530.67,1281805442744.28,77.62,25326795498,8752011000,34.56,132944777303,86824128770,65.31,129342076532,90014121941,69.59,125403418348,80734841147.3,64.38,2596964588,1479417000,56.97,0,0,0,415614032269,267804519858.3,64.43587055909784,7000000000,2813796205,40.2,0,0,0,5368058475,0,0,5368058475,0,0,2079264148274.67,1552423758807.58,74.66217123474902,,166441375813.67,166210641019.67,99.86,0,0,0,166441375813.67,166210641019.67,99.86137173351757,,0,413960452649.07996,,2079264148274.67,1966384211456.66,94.57115937329678,2079264148274.67,1552423758807.58,74.66217123474902,,19 Desember
XXX,Prov. Nusa Tenggara Timur,1415663073470,954624281360.46,67.43,204165588278,156823634161.3,76.81,62250000000,46212172247,74.24,91978614676,41906409678.27,45.56,1774057276424,1199566497447.03,67.62,0,0,0,0,0,0,0,0,0,0,0,0,0,0,0,0,0,0,0,0,0,0,0,0,0,0,0,0,0,0,3112075839000,2997517377373,96.32,0,0,0,0,0,0,0,0,0,3112075839000,2997517377373,96.32,1000000000,1445184115,144.52,0,0,0,201011347868,201011347868,100,202011347868,202456531983,100.22,5088144463292,4399540406803.03,86.47,,2483703181724,1903501649679,76.64,1337363524336,1110084951788.27,83.01,47206923484,46470147735,98.44,0,0,0,188556115540,180524098080,95.74,13654484000,8992950000,65.86,4070484229084,3249573797282.27,79.83,0,0,0,146571469687,98043597498.57,66.89,117441830907,52745395614.23,44.91,110312151330,60393989458,54.75,26563732038,9804505934,36.91,214808550,137751000,64.13,401103992512,221125239504.80002,55.12915444195797,28229597791,725197800,2.57,653252306860,483594588546,74.03,34423977266,7450000000,21.64,687676284126,491044588546,71.40635788684956,5187494103513,3962468823133.07,76.38502799356752,,262829207185,262829210192.37,100,163479566964,159291542148,97.44,99349640221,103537668044.37,104.21544337156519,,0,540609251714.33044,,5350973670477,4662369616995.4,87.13123824023198,5350973670477,4121760365281.07,77.02823110534284,,19 Desember
1,Kab. Alor,19488056497,11999620945,61.57,43047252943,22681179477.2,52.69,1500000000,1969537707,131.3,11370812022,9020779818.41,79.33,75406121462,45671117947.61,60.57,0,0,0,0,0,0,0,0,0,0,0,0,859267175026,824481102621,95.95,0,0,0,0,0,0,0,0,0,0,0,0,153403052000,144985837772,94.51,1012670227026,969466940393,95.73,0,0,0,0,0,0,22425867491,14466527810,64.51,1035096094517,983933468203,95.06,0,0,0,0,0,0,12946819616,4934567239,38.11,12946819616,4934567239,38.11,1123449035595,1034539153389.61,92.09,,571734949493,483249451339,84.52,290193228116,214479917968,73.91,0,0,0,0,0,0,19417617000,19022474695,97.97,8660504863,5777828304,66.71,890006299472,722529672306,81.18,3420000000,2500000000,73.1,50394044369,31692450340,62.89,44946216572,22245475837,49.49,13042359666,8932355898,68.49,3668665619,1286502983,35.07,0,0,0,115471286226,66656785058,57.72585309869985,1700000000,915480000,53.85,930000000,463032136,49.79,201922775100,170529363983,84.45,202852775100,170992396119,84.29384120316134,1210030360798,961094333483,79.4272908036101,,86581325203,0,0,0,0,0,86581325203,0,0,,0,73444819906.60999,,1210030360798,1034539153389.61,85.4969583331235,1210030360798,961094333483,79.4272908036101,,12 Desember
2,Kab. Belu,47980339065,26868966982,56,9216462000,5486440587,59.53,5450573209,5450573209,100,69963956283,58981100950.3,84.3,132611330557,96787081728.3,72.99,0,0,0,0,0,0,0,0,0,0,0,0,0,0,0,0,0,0,0,0,0,0,0,0,0,0,0,0,0,0,784062976365,736158298861,93.89,0,0,0,0,0,0,21466733191,18583019624,86.57,805529709556,754741318485,93.7,0,0,0,0,0,0,9080709258,6802934246.01,74.92,9080709258,6802934246.01,74.92,947221749371,858331334459.31,90.62,,464826183741,391582824239,84.24,296702272094,210259237414.08,70.87,0,0,0,0,0,0,18923832030,10050568530,53.11,1500000000,1469175000,97.95,781952287865,613361805183.08,78.44,50000000,0,0,12221307757,4932964202,40.36,38423761964,16394886074.01,42.67,29420844723,18751646313.6,63.74,3129883806,1379142700,44.06,46400000,46400000,100,83292198250,41505039289.61,49.83064460015017,2983258047,0,0,2696667025,710667686,26.35,117327118500,104930037075,89.43,120023785525,105640704761,88.01647465034826,988251529687,760507549233.69,76.95485677361498,,41500780316,41500780316.24,100,471000000,0,0,41029780316,41500780316.24,101.14794667827243,,0,139324565541.8601,,988722529687,899832114775.55,91.00956919232031,988722529687,760507549233.69,76.91819761348452,,19 Desember
3,Kab. Ende,43991274216,14299832146,32.51,5473964440,3250555975.18,59.38,6317763012,3817763012,60.43,84921276492,39580028777.56,46.61,140704278160,60948179910.74,43.32,0,0,0,0,0,0,0,0,0,0,0,0,0,0,0,0,0,0,0,0,0,0,0,0,0,0,0,0,0,0,1106232091000,838050065326.57,75.76,0,0,0,0,0,0,29337009388,19987236468,68.13,1135569100388,858037301794.57,75.56,0,0,0,0,0,0,14974073412,8673325516,57.92,14974073412,8673325516,57.92,1291247451960,927658807221.31,71.84,,562774124854.52,426412429676,75.77,291070527423.73,148263514446.21,50.94,0,0,0,0,0,0,27381485928,855000000,3.12,506100000,61350000,12.12,881732238206.25,575592294122.21,65.28,5000000000,0,0,35270497525.9,11823845053,33.52,50626819646.75,25589668212,50.55,30493968694,15552808751,51,1206028000,685135000,56.81,186566350,0,0,122783880216.65,53651457016,43.695847469010545,8903530943.07,372606668.89,4.18,4379127422,0,0,272948028400,189114174069,69.29,277327155822,189114174069,68.1917259449274,1290746805187.97,818730531876.1,63.43076183379507,,1999353227.97,0,0,2500000000,0,0,-500646772.03,0,0,,2.9325485229492188e-05,108928275345.21008,,1293246805187.97,927658807221.31,71.7309954681448,1293246805187.97,818730531876.1,63.308142621477394,,19 Desember
4,Kab. Flores Timur,29372881232,7108526671.63,24.2,6456730490,5121538313,79.32,3845122715,3111382012,80.92,43762826412.94,28344225016.63,64.77,83437560849.94,43685672013.26,52.36,0,0,0,0,0,0,0,0,0,0,0,0,0,0,0,0,0,0,0,0,0,0,0,0,0,0,0,0,0,0,1114628664000,912926399022,81.9,0,0,0,0,0,0,26252530152,19389267855,73.86,1140881194152,932315666877,81.72,0,0,0,0,0,0,14572061449,6182551017,42.43,14572061449,6182551017,42.43,1238890816450.94,982183889907.26,79.28,,609270511832.72,432019398607,70.91,292634988779.43,168385307987,57.54,0,0,0,53550000,53550000,100,24904825757,2880015757,11.56,315000000,50000000,15.87,927178876369.15,603388272351,65.08,10938597436,0,0,13670278239.38,5582535325,40.84,50961637715,18752183674,36.8,33791420169,18806629424,55.66,3421625143,430691490,12.59,0,0,0,112783558702.38,43572039913,38.633326004529174,10400000000,3474354373,33.41,1705722005,602129314,35.3,255330089760,221095301680,86.59,257035811765,221697430994,86.25157306744914,1307398246836.53,872132097631,66.70745503455204,,68507430385.59,1988011,0,0,0,0,68507430385.59,1988011,0.002901891063218396,,-9.1552734375e-05,110053780287.26001,,1307398246836.53,982185877918.26,75.12522525518325,1307398246836.53,872132097631,66.70745503455204,,19 Desember
5,Kab. Kupang,43970467803,37015100611,84.18,7397791820,5898186790,79.73,9823037599,9619085682,97.92,27013992698,15875782430.22,58.77,88205289920,68408155513.22,77.56,0,0,0,0,0,0,0,0,0,0,0,0,0,0,0,0,0,0,0,0,0,0,0,0,0,0,0,0,0,0,1203071824000,949257113783,78.9,0,0,0,0,0,0,35140124550,23818834605,67.78,1238211948550,973075948388,78.59,0,0,0,0,0,0,29833158560.86,9042689147.38,30.31,29833158560.86,9042689147.38,30.31,1356250397030.86,1050526793048.6,77.46,,645245797908.78,504529344470,78.19,394155736887.08,192327848886,48.79,0,0,0,0,0,0,24018165600,13378356875,55.7,84000000,12000000,14.29,1063503700395.86,710247550231,66.78,1130000000,0,0,28124139442,14868002952,52.87,28746523044,8014962264,27.88,56727025655,45801131871,80.74,1800000000,1295914175,72,100000000,99567000,99.57,116627688141,70079578262,60.088285534113915,5821721100,2015704150,34.62,5136825963,4061853587,79.07,227615716740,161786986778,71.08,232752542703,165848840365,71.25543654173036,1418705652339.8599,948191673008,66.83498239709942,,62455255309,62289109020,99.73,0,0,0,62455255309,62289109020,99.73397548664562,,0.000244140625,164624229060.59998,,1418705652339.86,1112815902068.6,78.43881500248071,1418705652339.8599,948191673008,66.83498239709942,,19 Desember
6,Kab. Lembata,13379409840,8599795135,64.28,19583068784,19269388995.91,98.4,3896492897,3896492897,100,2296401967,1979821791.34,86.21,39155373488,33745498819.25,86.18,0,0,0,0,0,0,0,0,0,0,0,0,768748987017,641182131896,83.41,0,0,0,0,0,0,0,0,0,0,0,0,0,0,0,768748987017,641182131896,83.41,0,0,0,0,0,0,18529240602,13250666610,71.51,787278227619,654432798506,83.13,0,0,0,0,0,0,9328637857,6472947783,69.39,9328637857,6472947783,69.39,835762238964,694651245108.25,83.12,,410111816803,362456085998,88.38,170473900575,117781944433.98,69.09,9276440251,8659470713,93.35,900000000,0,0,9779061284,1032206724,10.56,800000000,800000000,100,601341218913,490729707868.98,81.61,0,0,0,13219524126,8052173187,60.91,25847389427,11143286035,43.11,10458152275,3130760687,29.94,1778434500,575031200,32.33,0,0,0,51303500328,22901251109,44.63876921181759,5056604909,632040550,12.5,4101488363,2790624699,68.04,161690726900,134771165566,83.35,165792215263,137561790265,82.97240618130506,823493539413,651824789792.98,79.15360092048951,,11506108375,11506108375.67,100,23774807926,22774807926,95.79,-12268699551,-11268699550.33,91.84917687067745,,0,31557755764.940018,,847268347339,706157353483.92,83.3451828693631,847268347339,674599597718.98,79.62053578865331,,12 Desember
7,Kab. Malaka,22112791023,14054702201,63.56,30914241100,30521795240.27,98.73,5423379166,5423379166,100,9464240366.61,10404280987.14,109.93,67914651655.61,60404157594.41,88.94,3875948000,3495485400,90.18,486009500000,467591445963,96.21,53302620000,40801784965,76.55,130010344000,100665439345,77.43,673198412000,612554155673,90.99,0,0,0,0,0,0,0,0,0,112132232000,85191598484,75.97,112132232000,85191598484,75.97,785330644000,697745754157,88.85,23232563673,17043057901,73.36,0,0,0,23232563673,17043057901,73.36,808563207673,714788812058,88.4,0,0,0,0,0,0,8000000000,7387696139.57,92.35,8000000000,7387696139.57,92.35,884477859328.61,782580665791.98,88.48,,345467965061.42,300856176867.69,87.09,277715351180.45,179328550268.39,64.57,0,0,0,0,0,0,24112090324,21735628630,90.14,1955600000,0,0,649251006565.87,501920355766.08,77.31,0,0,0,28355678017,16394127484.5,57.82,31247063949,14201968556,45.45,41670626610,13962629319,33.51,1983447990,27546000,1.39,0,0,0,103256816566,44586271359.5,43.17997866126467,13484678001,12786790000,94.82,2627183995,1445193606,55.01,161527056800,121981370209,75.52,164154240795,123426563815,75.18938482322747,930146741927.87,682719980940.5801,73.39916920265071,,5247553682.91,5247553682.91,100,5000000000,5000000000,100,247553682.90999985,247553682.90999985,100,,-45421328916.350006,100108238534.3099,,889725413011.52,787828219474.89,88.54734370329706,935146741927.87,687719980940.5801,73.54139731298187,,19 Desember
8,Kab. Manggarai,45155336207,26525702978,58.74,12360998398,6399357944,51.77,5511802797,5911802797,107.26,84736046978,65703549608.45,77.54,147764184380,104540413327.45,70.75,0,0,0,0,0,0,0,0,0,0,0,0,0,0,0,0,0,0,0,0,0,0,0,0,0,0,0,0,0,0,1073572574591,968876490111,90.25,0,0,0,0,0,0,34184840117,19617509529,57.39,1107757414708,988493999640,89.23,0,0,0,0,0,0,18522268310,14458241765,78.06,18522268310,14458241765,78.06,1274043867398,1107492654732.45,86.93,,613112892177.56,486578502879.01,79.36,307526423889.44,219962491699.21,71.53,0,0,0,0,0,0,37279727000,27223459062,73.02,2707691738,2260875476,83.5,960626734805,736025329116.22,76.62,0,0,0,17733533650,6418084178,36.19,10980360023,3381596240,30.8,97076650894,41732467436,42.99,7791833400,3089523670,39.65,150000000,149850000,99.9,133732377967,54771521524,40.95606640413999,1325000000,1255990700,94.79,5750633461,0,0,193813661400,167802502000,86.58,199564294861,167802502000,84.08443109368704,1295248407633,959855343340.22,74.10588869931956,,21204540235,21312871112.92,100.51,0,0,0,21204540235,21312871112.92,100.51088529493882,,0,168950182505.14996,,1295248407633,1128805525845.3699,87.14973276116233,1295248407633,959855343340.22,74.10588869931956,,19 Desember
9,Kab. Manggarai Barat,206516061415.89,183412904864.34,88.81,65186368392.13,60143091231,92.26,4087383999,4087383999,100,5554932620.05,5989232609.64,107.82,281344746427.07,253632612703.98,90.15,0,0,0,0,0,0,0,0,0,0,0,0,848513115800,731206991640,86.18,0,0,0,0,0,0,0,0,0,0,0,0,159085594000,138832169080,87.27,1007598709800,870039160720,86.35,0,0,0,0,0,0,26034086917,17994397304,69.12,1033632796717,888033558024,85.91,0,0,0,0,0,0,19771005395,6651250395,33.64,19771005395,6651250395,33.64,1334748548539.07,1148317421122.98,86.03,,542539890357.33,499337006775.64,92.04,404834421955.45,258604645292,63.88,10758485696,10758485696,100,0,0,0,30554890000,9174818000,30.03,21000000,20247300,96.42,988708688008.78,777895203063.64,78.68,0,0,0,20376890469,10342022588,50.75,54700989109,32321798039,59.09,43811163162,12466065508,28.45,3891773955,623679995,16.03,0,0,0,122780816695,55753566130,45.409020424173846,4541494191.29,1629070832,35.87,10509531086,5129765543,48.81,205306235800,172786152920,84.16,215815766886,177915918463,82.43879538096039,1331846765781.07,1013193758488.64,76.07434913088113,,33960109238,33960109238,100,36861891996,36861891996,100,-2901782758,-2901782758,100,,0,132221879876.33997,,1368708657777.07,1182277530360.98,86.3790495985556,1368708657777.07,1050055650484.64,76.71871179583559,,12 Desember
10,Kab. Manggarai Timur,23316751912,11294448142,48.44,24671097444,17049240716.5,69.11,7421433046,7421433046,100,15264129296,11398566829.43,74.68,70673411698,47163688733.93,66.73,0,0,0,0,0,0,0,0,0,0,0,0,0,0,0,0,0,0,0,0,0,0,0,0,0,0,0,0,0,0,1084517148478,706461323525,65.14,0,0,0,0,0,0,25271112463,18122894458,71.71,1109788260941,724584217983,65.29,251000000,19000000,7.57,0,0,0,19528380183,7625119236.84,39.05,19779380183,7644119236.84,38.65,1200241052822,779392025953.77,64.94,,550163985945,385269316851,70.03,274984168100,153958317630.85,55.99,0,0,0,0,0,0,22969700120,4279564670,18.63,0,0,0,848117854165,543507199151.85,64.08,0,0,0,64254016558,36434983337,56.7,66845256073,41508632552,62.1,73878442874,48850294981,66.12,6071118588,0,0,1068650000,304555000,28.5,212117484093,127098465870,59.918901269956336,1652000000,1443957834,87.41,2923784935,1826110162,62.46,204621866675,123466894311,60.34,207545651610,125293004473,60.36888920633166,1269432989868,797342627328.85,62.81092690144759,,69191937046,69191937046.93,100,0,0,0,69191937046,69191937046.93,100.00000000134408,,0,51241335671.85004,,1269432989868,848583963000.7,66.84747992006562,1269432989868,797342627328.85,62.81092690144759,,12 Desember
11,Kab. Nagekeo,12458277000,8469505531,67.98,4427186519,3790475934,85.62,3231203875,3231203875,100,36878248500,39355851297.53,106.72,56994915894,54847036637.53,96.23,4331828000,2908819800,67.15,454146641275,442991430425,97.54,116789565028.79,72049474187,61.69,0,0,0,575268034303.79,517949724412,90.04,0,0,0,0,0,0,0,0,0,78306129000,48158293214,61.5,78306129000,48158293214,61.5,653574163303.79,566108017626,86.62,24119306912,17061658950,70.74,0,0,0,24119306912,17061658950,70.74,677693470215.79,583169676576,86.05,0,0,0,0,0,0,8268302000,6266155820,75.79,8268302000,6266155820,75.79,742956688109.79,644282869033.53,86.72,,428132940745,319107978653,74.53,178658198670.58,124814943129.36,69.86,0,0,0,0,0,0,19867929083,5090114783,25.62,6325000000,6325000000,100,632984068498.58,455338036565.36,71.94,5500000000,4500000000,81.82,16193938124,7713292560,47.63,7041454546.79,3652926486.03,51.88,9796124418,3996191126.14,40.79,2024972311,0,0,1145000000,368970600,32.22,41701489399.79,20231380772.170002,48.51476784968712,4934140000.05,2208803552,44.77,1924084000,1018792000,52.95,126051480200,82615951621,65.54,127975564200,83634743621,65.35211947985302,807595262098.42,561412964510.53,69.51662433627696,,64638573988.63,64653948988.63,100.02,0,0,0,64638573988.63,64653948988.63,100.02378610642417,,0,147523853511.63,,807595262098.42,708936818022.16,87.78367720732905,807595262098.42,561412964510.53,69.51662433627696,,19 Desember
12,Kab. Ngada,21849140142.9,10565511930,48.36,31587009500,25833843254.14,81.79,2084889240,1884889240,90.41,15984566061,10741906094.79,67.2,71505604943.9,49026150518.93,68.56,0,0,0,0,0,0,0,0,0,0,0,0,665855137592,643457848198,96.64,0,0,0,0,0,0,0,0,0,0,0,0,152743861000,140106381292,91.73,818598998592,783564229490,95.72,0,0,0,0,0,0,16882717591.71,13715467547,81.24,835481716183.71,797279697037,95.43,0,0,0,0,0,0,8022397051.83,0,0,8022397051.83,0,0,915009718179.44,846305847555.93,92.49,,463716765424.76,350340214458.82,75.55,220240894166.14,97340129586.24,44.2,0,0,0,0,0,0,5231556120,3473655400,66.4,618000000,0,0,689807215710.9,451153999445.06,65.4,0,0,0,15357287639,4733008898,30.82,47885510259,32334856471.8,67.53,21330429016,9783986185.06,45.87,3268616100,1374740000,42.06,2343649265,996641332,42.53,90185492279,49223232886.86,54.57999024342167,6692900000,4092537300,61.15,1111486800,316161468,28.44,204016720880,149613013608,73.33,205128207680,149929175076,73.09047194030452,991813815669.9,654398944707.9199,65.9800190689943,,79746727490.46,0,0,2942630000,2057370000,69.92,76804097490.46,-2057370000,-2.678724270219502,,0,189849532848.01013,,994756445669.8999,846305847555.93,85.07668899657156,994756445669.9,656456314707.9199,65.99166233759277,,12 Desember
13,Kab. Rote Ndao,23582445376,19760660395,83.79,10353993319,7353225715,71.02,6555871256,6555871256,100,2034110537,2589549637.97,127.31,42526420488,36259307003.97,85.26,0,0,0,0,0,0,0,0,0,0,0,0,724079547166,669841072300,92.51,0,0,0,0,0,0,0,0,0,0,0,0,0,0,0,724079547166,669841072300,92.51,0,0,0,0,0,0,21922037524,8941576963,40.79,746001584690,678782649263,90.99,250000000,0,0,0,0,0,13111432703,9026447428,68.84,13361432703,9026447428,67.56,801889437881,724068403694.97,90.3,,427711052819.85,355796849054,83.19,196136233498.5,119912856785.25,61.14,0,0,0,0,0,0,10576076264,3431425690,32.45,500000000,500000000,100,634923362582.35,479641131529.25,75.54,0,0,0,16606060449,7261360967,43.73,14891989050,8581635020,57.63,29469129239,13035304530,44.23,2699704780,970647277,35.95,0,0,0,63666883518,29848947794,46.88300438886891,833000000,59941000,7.2,3214236746,0,0,146746363700,134100342354,91.38,149960600446,134100342354,89.42371659967367,849383846546.35,643650362677.25,75.77850288704857,,47494408665.35,47494408665.35,100,0,0,0,47494408665.35,47494408665.35,100,,0,127912449683.06998,,849383846546.35,771562812360.32,90.83794276257366,849383846546.35,643650362677.25,75.77850288704857,,12 Desember
14,Kab. Sabu Raijua,7054423557,3834556093,54.36,7894610000,6276204390,79.5,3998942943,3998942943,100,9613891373.86,8427781032.67,87.66,28561867873.86,22537484458.67,78.91,0,0,0,0,0,0,0,0,0,0,0,0,0,0,0,0,0,0,0,0,0,0,0,0,0,0,0,0,0,0,563254831458,538895839068,95.68,0,0,0,0,0,0,13524983464,12782335679,94.51,576779814922,551678174747,95.65,2167800000,797569000,36.79,0,0,0,5380352460,4892304923,90.93,7548152460,5689873923,75.38,612889835255.86,579905533128.67,94.62,,277195744437,232406977316,83.84,193970002092,130023829515.54,67.03,0,0,0,0,0,0,13141862520,9303877000,70.8,3339367500,2791000000,83.58,487646976549,374525683831.54,76.8,0,0,0,15872899728,10388473450,65.45,30376878780,18752124743.31,61.73,45723134038,24103335947,52.72,473328000,193105695,40.8,55976105,49838664,89.04,92502216651,53486878499.31,57.822266790762114,4650000000,950000000,20.43,468306600,128141132,27.36,94437185100,86221537487,91.3,94905491700,86349678619,90.9849125401033,679704684900,515312240949.85,75.81413699181199,,66814849644.14,66814849644.14,100,0,0,0,66814849644.14,66814849644.14,100,,0,131408141822.96007,,679704684900,646720382772.81,95.14725985270461,679704684900,515312240949.85,75.81413699181199,,19 Desember
15,Kab. Sikka,38156896345,32995816487,86.47,71782725307,69302443021.83,96.54,2635916846,2635916846,100,11508170665,9705316568.77,84.33,124083709163,114639492923.6,92.39,0,0,0,0,0,0,0,0,0,0,0,0,0,0,0,0,0,0,0,0,0,0,0,0,0,0,0,0,0,0,1145615549000,964579902616,84.2,0,0,0,0,0,0,40666951337,23673295317,58.21,1186282500337,988253197933,83.31,0,0,0,0,0,0,20508790500,13549961946.6,66.07,20508790500,13549961946.6,66.07,1330875000000,1116442652803.2,83.89,,642009633384.25,585950077089,91.27,347443478905.04,226433278809.9,65.17,9254225286,8746704644,94.52,0,0,0,36517749854,17592115154,48.17,2694500000,1191106000,44.21,1037919587429.29,839913281696.9,80.92,174261508,46961508,26.95,38982583054,21968200651,56.35,27209651108.17,12422471177,45.65,9386810688,5262724443,56.07,3716968500,287908820,7.75,0,0,0,79470274858.17,39988266599,50.31852056679904,1135421364.2,204278454,17.99,4802900000,0,0,221895987330,174400941431.52,78.6,226698887330,174400941431.52,76.93065611638791,1345224170981.66,1054506768181.42,78.38892512702232,,43749590645.66,43749590645.66,100,29400419664,17150244804,58.33,14349170981.660004,26599345841.660004,185.37200424789154,,9.1552734375e-05,88535230463.43991,,1374624590645.66,1160192243448.8599,84.40066119462614,1374624590645.66,1071657012985.42,77.95997687500001,,19 Desember
16,Kab. Sumba Barat,42925400000,45689463769.54,106.44,32703455680,30139286763.96,92.16,6410342030,6410342030,100,2658413785.52,3571189886.9,134.34,84697611495.52,85810282450.4,101.31,0,0,0,0,0,0,0,0,0,0,0,0,0,0,0,0,0,0,0,0,0,0,0,0,0,0,0,0,0,0,628746111160.82,589119929369,93.7,0,0,0,0,0,0,12730746953.4,5962109792,46.83,641476858114.22,595082039161,92.77,325000000,324457400,99.83,0,0,0,2115062153,1440993968.21,68.13,2440062153,1765451368.21,72.35,728614531762.74,682657772979.61,93.69,,331506156856,284766826122,85.9,231832668894,182465211807,78.71,0,0,0,0,0,0,12876938180,8052996354,62.54,2387200000,2387200000,100,578602963930,477672234283,82.56,0,0,0,40300864961,36165074398,89.74,33570453749,25863022383,77.04,19447297412.71,13578604001,69.82,2011214300,196441450,9.77,0,0,0,95329830422.70999,75803142232,79.51670730544147,221937117.43,0,0,0,0,0,97925634300,86945871132,88.79,97925634300,86945871132,88.7876517252235,772080365770.14,640421247647,82.94748526705355,,43465834007.4,43465834007.4,100,0,0,0,43465834007.4,43465834007.4,100,,0,85702359340.00998,,772080365770.14,726123606987.01,94.04767161287818,772080365770.14,640421247647,82.94748526705355,,19 Desember
17,Kab. Sumba Barat Daya,28112207339,21595749980,76.82,15114294878,11843085089,78.36,6541425910,6541425910,100,5284768793,5033477875.22,95.24,55052696920,45013738854.22,81.76,0,0,0,0,0,0,0,0,0,0,0,0,852798258739.7,821368296563,96.31,0,0,0,0,0,0,0,0,0,0,0,0,179625254000,158254470448,88.1,1032423512739.7,979622767011,94.89,0,0,0,0,0,0,29711135424,20652202172,69.51,1062134648163.7,1000274969183,94.18,370000000,0,0,0,0,0,19009541329.86,15447272049,81.26,19379541329.86,15447272049,79.71,1136566886413.56,1060735980086.22,93.33,,437603737180.98,365756740668,83.58,346393886999,225039544931,64.97,0,0,0,0,0,0,47576525346,44122533163.85,92.74,17688762500,14678636250,82.98,849262912025.98,649597455012.85,76.49,0,0,0,24736529379,13811027135,55.83,55486821000,34382312061,61.96,34384071000,20108134842,58.48,2068296200,1036200200,50.1,0,0,0,116675717579,69337674238,59.4276818490978,1687953457,0,0,3892520000,3884720000,99.8,235724712300,214353905458,90.93,239617232300,218238625458,91.07801778828909,1207243815361.98,937173754708.85,77.62920321342443,,74676928948.42,74676928948.42,100,4000000000,4000000000,100,70676928948.42,70676928948.42,100,,0,194239154325.78998,,1211243815361.98,1135412909034.64,93.7394184915051,1211243815361.98,941173754708.85,77.70308031893482,,12 Desember
18,Kab. Sumba Tengah,4924214886,2932254632.24,59.55,3125736000,2582153074,82.61,4671142115,4671142115,100,11237366217,8926882585.39,79.44,23958459218,19112432406.63,79.77,0,0,0,0,0,0,0,0,0,0,0,0,0,0,0,0,0,0,0,0,0,0,0,0,0,0,0,0,0,0,543665259373,512975077596,94.35,0,0,0,0,0,0,17743447828,12034697693,67.83,561408707201,525009775289,93.52,0,0,0,0,0,0,10100303171,7978806179.77,79,10100303171,7978806179.77,79,595467469590,552101013875.4,92.72,,277794002749.15,253421182534,91.23,166777209913,131925378965.94,79.1,0,0,0,0,0,0,9757901054,9176925504,94.05,21551000000,19853000000,92.12,475880113716.15,414376487003.94,87.08,0,0,0,14174662896,9574679539,67.55,23879829473,15649560090,65.53,15636368860,10850119932,69.39,448926800,0,0,0,0,0,54139788029,36074359561,66.63188179029581,3500000000,0,0,1329300000,511753472,38.5,98838641000,81405321640,82.36,100167941000,81917075112,81.77973340991406,633687842745.15,532367921676.94,84.01106755823344,,38220373155.15,38223289821.15,100.01,0,0,0,38220373155.15,38223289821.15,100.0076311813811,,0,57956382019.61002,,633687842745.15,590324303696.55,93.15695581901207,633687842745.15,532367921676.94,84.01106755823344,,19 Desember
19,Kab. Sumba Timur,47715715071,25487212331,53.41,5409025000,2353656438,43.51,9836312911,8186312911,83.23,53948360240,40345450286.4,74.79,116909413222,76372631966.4,65.33,0,0,0,0,0,0,0,0,0,0,0,0,887436023000,751045450506,84.63,0,0,0,0,0,0,0,0,0,0,0,0,160925883000,100905944500,62.7,1048361906000,851951395006,81.27,0,0,0,0,0,0,28709317514,20111431517,70.05,1077071223514,872062826523,80.97,0,0,0,0,0,0,13928167500,9172643619,65.86,13928167500,9172643619,65.86,1207908804236,957608102108.4,79.28,,625193351396.75,424822922798,67.95,322700955434.44,190910457825,59.16,0,0,0,0,0,0,17885630500,2609230000,14.59,1583040000,828040000,52.31,967362977331.19,619170650623,64.01,0,0,0,29917058796.71,13468796038,45.02,34499505843,16227992266,47.04,39608567970,19957377827,50.39,4671353746.1,141267400,3.02,0,0,0,108696486355.81,49795433531,45.81144726978413,3000000000,0,0,5316274100,0,0,194562603700,123960684800,63.71,199878877800,123960684800,62.01790112311707,1278938341487,792926768954,61.99882693579093,,70944483251,70944483251.64,100,0,0,0,70944483251,70944483251.64,100.00000000090212,,-85054000,235625816406.04004,,1278853287487,1028552585360.04,80.42772344755737,1278938341487,792926768954,61.99882693579093,,12 Desember
20,Kab. Timor Tengah Selatan,39320798609,20336115396,51.72,8599964934,8101003703,94.2,9803470026,7453298661,76.03,45075766431,29803202165.29,66.12,102800000000,65693619925.29,63.9,0,0,0,0,0,0,0,0,0,0,0,0,1546316860000,1191978800235,77.09,0,0,0,0,0,0,0,0,0,0,0,0,0,0,0,1546316860000,1191978800235,77.09,0,0,0,0,0,0,37205628423,25695543528,69.06,1583522488423,1217674343763,76.9,0,0,0,0,0,0,17987254755,11455512147,63.69,17987254755,11455512147,63.69,1704309743178,1294823475835.29,75.97,,854633485148.25,694748341677,81.29,437251188223.01,169665260254,38.8,0,0,0,0,0,0,9780317000,7441962000,76.09,715000000,475500000,66.5,1302379990371.26,872331063931,66.98,0,0,0,47758072374,18233210641,38.18,69536858941,38469619076,55.32,24235434486,13648635491,56.32,370826300,113000000,30.47,750000000,132101600,17.61,142651192101,70596566808,49.48894276187764,2125000000,1048596700,49.35,2164348198,1298608919,60,335144754400,238560744228,71.18,337309102598,239859353147,71.10965915226451,1784465285070.26,1183835580586,66.34119422162861,,80155541892.26,80155541892.26,100,0,0,0,80155541892.26,80155541892.26,100,,0,191143437141.55005,,1784465285070.26,1374979017727.55,77.0527187741516,1784465285070.26,1183835580586,66.34119422162861,,12 Desember
21,Kab. Timor Tengah Utara,34048257067,16132020103,47.38,3518534658,1396709354,39.7,11250092653,8514314094,75.68,32818440758.17,18911974824.15,57.63,81635325136.17,44955018375.15,55.07,0,0,0,0,0,0,0,0,0,0,0,0,0,0,0,0,0,0,0,0,0,0,0,0,0,0,0,0,0,0,1044065042000,852825355212,81.68,0,0,0,0,0,0,17983389424.85,19021426143,105.77,1062048431424.85,871846781355,82.09,0,0,0,0,0,0,24267564000,13508695558,55.67,24267564000,13508695558,55.67,1167951320561.02,930310495288.15,79.65,,712822511166.33,510008027511,71.55,270802113499.18,191263898693.12,70.63,0,0,0,0,0,0,6283389000,1653581000,26.32,595000000,595000000,100,990503013665.51,703520507204.12,71.03,0,0,0,19883506924.25,6497129767,32.68,17554685180,9176238797,52.27,20979145041,13812746660,65.84,279397025,117947025,42.21,50000000,49936000,99.87,58746734170.25,29653998249,50.47769662065251,4825689759,372898000,7.73,0,0,0,221101365760,168822280554,76.36,221101365760,168822280554,76.3551504866109,1275176803354.76,902369684007.12,70.7642800302788,,107225482793.74,107231528036.74,100.01,0,0,0,107225482793.74,107231528036.74,100.00563787902136,,0,135172339317.77003,,1275176803354.76,1037542023324.89,81.36456219994783,1275176803354.76,902369684007.12,70.7642800302788,,19 Desember
22,Kota Kupang,226969784674,178123609898,78.48,53666000000,43129835414.84,80.37,9488177735,9024814111.35,95.12,5965000000,9787249038.35,164.08,296088962409,240065508462.54,81.08,0,0,0,0,0,0,0,0,0,0,0,0,0,0,0,0,0,0,0,0,0,0,0,0,0,0,0,0,0,0,1022779276000,804760377671,78.68,0,0,0,0,0,0,57048842125,45308790159,79.42,1079828118125,850069167830,78.72,0,0,0,0,0,0,18503000000,10784001650,58.28,18503000000,10784001650,58.28,1394420080534,1100918677942.54,78.95,,782914790459.82,587843015918,75.08,425807997270.35,285320620179.5,67.01,0,0,0,0,0,0,20257391564,13584258262,67.06,5636034000,5315144000,94.31,1234616213294.17,892063038359.5,72.25,743130000,0,0,67779205768.75,37337293080,55.09,43696238090,23334424143.53,53.4,102822614004.61,67412286623,65.56,1814695000,872500,0.05,2793594238,1580158375,56.56,219649477101.36,129665034721.53,59.03270812782061,8000000000,4127472300,51.59,0,0,0,0,0,0,0,0,0,1462265690395.5298,1025855545381.03,70.15520859985064,,72845609861.53,72845609861.53,100,5000000000,5000000000,100,67845609861.53,67845609861.53,100,,0.000213623046875,142908742423.04,,1467265690395.53,1173764287804.07,79.99671058127578,1467265690395.5298,1030855545381.03,70.2569106692015,,19 Desember
XXXI,Prov. Maluku,474167049624,380788047640,80.31,55224245600,27652560603,50.07,63000000000,42740575496,67.84,253879993783.38,105660310581.87,41.62,846271289007.38,556841494320.87,65.8,0,0,0,0,0,0,0,0,0,0,0,0,0,0,0,0,0,0,0,0,0,0,0,0,0,0,0,0,0,0,2159310634000,1892062874108,87.62,0,0,0,0,0,0,0,0,0,2159310634000,1892062874108,87.62,325668000,189973000,58.33,0,0,0,0,0,0,325668000,189973000,58.33,3005907591007.38,2449094341428.87,81.48,,1260056177736.54,1058390486071,84,879011095333,662637765768.63,75.38,605687134,0,0,609644090,452023150,74.15,224334288577,161371871255,71.93,6907488777,6388267999,92.48,2371524381647.54,1889240414243.63,79.66,3718310129.6,0,0,106870004118,43323434747,40.54,113641758702,70747451511.81,62.25,43376483613,24074959318,55.5,1673046400,1470566350,87.9,1250000051,599733000,47.98,270529603013.6,140216144926.81,51.830240892254984,5500000000,3946764150,71.76,225144291649.24,223573152874,99.3,2000000000,2000000000,100,227144291649.24,225573152874,99.30830805219347,2874698276310.38,2258976476194.44,78.58134172932378,,5462910935,-5462910935.11,-100,136672225632,136672225632,100,-131209314697,-142135136567.11,108.32701694642705,,0,47982728667.32019,,3011370501942.38,2443631430493.7603,81.14682098790503,3011370501942.38,2395648701826.44,79.55343589509195,,19 Desember
1,Kab. Buru,35288149009.59,14172830820,40.16,14365166675,8987612455,62.57,4004845770,2216705545,55.35,9755593926,1329775607.35,13.63,63413755380.59,26706924427.35,42.12,0,0,0,0,0,0,0,0,0,0,0,0,0,0,0,0,0,0,0,0,0,0,0,0,0,0,0,0,0,0,909810108000,827804456037,90.99,0,0,0,0,0,0,15000000000,18522941954,123.49,924810108000,846327397991,91.51,0,0,0,0,0,0,8079806400,5273764476,65.27,8079806400,5273764476,65.27,996303669780.59,878308086894.35,88.16,,418389529760.06,397340426098,94.97,139875169915.33,105358256065.71,75.32,50240133060,48604623692,96.74,0,0,0,0,0,0,1015500000,1015500000,100,609520332735.39,552318805855.71,90.62,2225000000,2125000000,95.51,44924557696,30575024088,68.06,188484373664,120410963843.06,63.88,30560542370,24071524845.84,78.77,2738145600,2737077372,99.96,200000000,199682200,99.84,269132619330,180119272348.9,66.9258422844853,926042000,281203000,30.37,3423956030,2097975457,61.27,127145928400,108733818926,85.52,130569884430,110831794383,84.88312206664943,1010148878495.39,843551075587.61,83.50759908223367,,15845208714.8,15845208714.8,100,2000000000,1000000000,50,13845208714.8,14845208714.8,107.2227152410569,,-4.9591064453125e-05,49602220021.53999,,1012148878495.39,894153295609.15,88.34207245660872,1012148878495.39,844551075587.61,83.44138827116791,,12 Desember
2,Kab. Buru Selatan,11950000000,1800460716,15.07,7521303000,4342472879,57.74,5376238977,5376238977,100,18702907262,450195329.33,2.41,43550449239,11969367901.33,27.48,0,0,0,0,0,0,0,0,0,0,0,0,0,0,0,0,0,0,0,0,0,0,0,0,0,0,0,0,0,0,601620451499,505975602756,84.1,0,0,0,0,0,0,10800000000,11007225027.18,101.92,612420451499,516982827783.18,84.42,0,0,0,0,0,0,4200000000,3386193031,80.62,4200000000,3386193031,80.62,660170900738,532338388715.51,80.64,,296244391422,212446140784,71.71,180275203416,97541992618,54.11,0,0,0,1920000000,1560000000,81.25,27842621639,15973759001,57.37,15328858361,11451478587,74.71,521611074838,338973370990,64.99,964541900,587682000,60.93,8556914200,2758088079,32.23,14710241018,2405964750,16.36,13405970700,7347067700,54.8,63121053,0,0,0,0,0,37700788871,13098802529,34.74410727536736,2363804000,1403926000,59.39,0,0,0,109762921181,79723491882,72.63,109762921181,79723491882,72.63244365602777,671438588890,433199591401,64.51812549486486,,12517688152,10431406793.3,83.33,1250000000,0,0,11267688152,10431406793.3,92.57805729606066,,0,109570204107.81001,,672688588890,542769795508.81,80.68663635344724,672688588890,433199591401,64.3982369488117,,05 Desember
3,Kab. Kep. Aru,7634868480,5782362441,75.74,3352484748,1962471011,58.54,5593950289,6088433363,108.84,25768757732.97,15735815229,61.07,42350061249.97,29569082044,69.82,0,0,0,0,0,0,0,0,0,0,0,0,0,0,0,0,0,0,0,0,0,0,0,0,0,0,0,0,0,0,861164546994,734560764930,85.3,0,0,0,0,0,0,20935453691,6784617544,32.41,882100000685,741345382474,84.04,0,0,0,0,0,0,5000000000,0,0,5000000000,0,0,929450061934.97,770914464518,82.94,,405286695914.9,235557617346,58.12,255604439931.4,105424338139,41.25,0,0,0,0,0,0,10826445153.67,569647793,5.26,812906000,0,0,672530486999.97,341551603278,50.79,600000000,0,0,23569160028,7361707432,31.23,49283108168,14366952467.96,29.15,33678509203,20791914999,61.74,82680000,82350000,99.6,0,0,0,107213457399,42602924898.96,39.736546075938186,100184000,0,0,0,0,0,161363585900,112296004094,69.59,161363585900,112296004094,69.59191162471558,941207714298.97,496450532270.96,52.746118070305684,,0,12757652364.29,0,0,0,0,0,12757652364.29,0,,-11757652364,287221584611.32996,,929450061934.97,783672116882.29,84.31567751480988,941207714298.97,496450532270.96,52.746118070305684,,2025-11-28 00:00:00
4,Kab. Maluku Barat Daya,39107707220,9615557415.44,24.59,7776923520,3793930851,48.78,4302193641,6001995266,139.51,49387138939.56,6882229396.5,13.94,100573963320.56,26293712928.94,26.14,22053688000,20846562615,94.53,521638197000,480020860893,92.02,136309539000,105510160213,77.4,0,0,0,680001424000,606377583721,89.17,24951984000,24951984000,100,0,0,0,0,0,0,96240189000,52240105290,54.28,121192173000,77192089290,63.69,801193597000,683569673011,85.32,12119645835,5701806389,47.05,0,0,0,12119645835,5701806389,47.05,813313242835,689271479400,84.75,1000000000,0,0,0,0,0,7437747486,1063489300,14.3,8437747486,1063489300,12.6,922324953641.56,716628681628.94,77.7,,350060042905.56,280389934980,80.1,212878265801,109823896279,51.59,10803735747,9076002901,84.01,0,0,0,22318848971,19220593871,86.12,0,0,0,596060893424.56,418510428031,70.21,0,0,0,13369140785,4974029843,37.21,43769137580,22249495905,50.83,143242047500,70794327804,49.42,2431684550,32605250,1.34,4279837376,2181081686,50.96,207091847791,100231540488,48.399558725824434,1703198000,396200000,23.26,39593400,39593400,100,159687275400,95708169091,59.93,159726868800,95747762491,59.944681324022795,964582808015.56,614885931010,63.74630834184234,,73389846478,11389846477.69,15.52,31131992104,31131992104,100,42257854374,-19742145626.309998,-46.71828685759481,,0,82000604992.62994,,995714800119.56,728018528106.6299,73.11516591088265,995714800119.56,646017923114,64.8798152881156,,12 Desember
5,Kab. Maluku Tengah,37510000000,31742055352.8,84.62,70072588000,29709870239.04,42.4,1901222000,2712697779,142.68,3000000000,2732801842.85,91.09,112483810000,66897425213.69,59.47,19026229000,17910787800,94.14,1058645730000,983901329742,92.94,297455214000,191973099149,64.54,0,1442004000,0,1375127173000,1195227220691,86.92,0,0,0,0,0,0,0,0,0,168094103000,152696116451,90.84,168094103000,152696116451,90.84,1543221276000,1347923337142,87.34,40745983924,32676000091,80.19,0,0,0,40745983924,32676000091,80.19,1583967259924,1380599337233,87.16,25252486000,15495895129.71,61.36,0,0,0,0,0,0,25252486000,15495895129.71,61.36,1721703555924,1462992657576.4,84.97,,845354197923,750487158431,88.78,289581021700,221233738150,76.4,0,0,0,11427676000,3832943492.43,33.54,92804197387,46748523764,50.37,10867157000,9890639000,91.01,1250034250010,1032193002837.43,82.57,0,0,0,49076098772,16234136756,33.08,67441337526,41757452111,61.92,71495624916,44676736948,62.49,7000000,0,0,0,0,0,188020061214,102668325815,54.60498478305745,5000000000,1609522309,32.19,0,0,0,289607632700,252004783800,87.02,289607632700,252004783800,87.01593305762346,1732661943924,1388475634761.4302,80.13540319451565,,14958388000,14958388536.26,100,4000000000,0,0,10958388000,14958388536.26,136.50172394206155,,0,89475411351.22972,,1736661943924,1477951046112.66,85.10297880848469,1736661943924,1388475634761.4302,79.95082978695092,,19 Desember
6,Kab. Maluku Tenggara,34206686657,16673228351,48.74,3603063000,1505459459,41.78,7737713197,6737713197,87.08,36465000000,3638842817.09,9.98,82012462854,28555243824.09,34.82,7293621000,6825904600,93.59,477206075000,459203259621,96.23,19638189000,11964863375,60.93,101556607000,26994430996,26.58,605694492000,504988458592,83.37,0,0,0,0,0,0,0,0,0,139502390000,73706726544,52.84,139502390000,73706726544,52.84,745196882000,578695185136,77.66,14933427937,14763101730,98.86,0,0,0,14933427937,14763101730,98.86,760130309937,593458286866,78.07,0,0,0,0,0,0,6694317556,0,0,6694317556,0,0,848837090347,622013530690.09,73.28,,319492928746.3,247800392790,77.56,235463106285.16,111729765340.5,47.45,0,0,0,0,0,0,37497482114,12417297500,33.12,1168000000,641500000,54.92,593621517145.46,372588955630.5,62.77,229610000,165610000,72.13,13518958291.16,3680496650,27.22,20381364844,7413318986,36.37,17101679150,9104627441.6,53.24,257728000,0,0,0,0,0,51489340285.16,20364053077.6,39.550036890779936,2400000000,1142514800,47.6,3000000000,2152725374,71.76,207422776187,125665190816,60.58,210422776187,127817916190,60.743384583240115,857933633617.62,521913439698.1,60.83377772443366,,10096543270.62,0,0,1000000000,0,0,9096543270.62,0,0,,0,100100090991.98999,,858933633617.62,622013530690.09,72.41694891726617,858933633617.62,521913439698.1,60.76295295364407,,12 Desember
7,Kab. Kep. Tanimbar,7575669073,6257353813,82.6,12765659622,8924044508,69.91,4107807389,4098445514,99.77,4841432327,2774007749.38,57.3,29290568411,22053851584.38,75.29,0,0,0,0,0,0,0,0,0,0,0,0,0,0,0,0,0,0,0,0,0,0,0,0,0,0,0,0,0,0,769993333551,540424020593,70.19,0,0,0,0,0,0,20000000000,6401676205,32.01,789993333551,546825696798,69.22,0,0,0,0,0,0,8587609136,11663659020,135.82,8587609136,11663659020,135.82,827871511098,580543207402.38,70.12,,413425697250,305519109216,73.9,262767645195,144321050639.85,54.92,0,0,0,0,0,0,10778654403,6930550000,64.3,2222750000,1550250000,69.74,689194746848,458320959855.85,66.5,5867000416,5190605000,88.47,16827857981,5570138149,33.1,37690361107,27724954328.77,73.56,18477069155,15205731185.39,82.3,0,0,0,381600000,381396000,99.95,79243888659,54072824663.16,68.23595557740056,2000000000,1270634200,63.53,0,0,0,129871029900,87001526164,66.99,129871029900,87001526164,66.99071088524569,900309665407,600665944883.01,66.71770480343216,,74438154309,49973657385.33,67.13,2000000000,0,0,72438154309,49973657385.33,68.98803242854171,,0,29850919904.699997,,902309665407,630516864787.71,69.87810160531818,902309665407,600665944883.01,66.56982274617116,,19 Desember
8,Kab. Seram Bagian Barat,9184993825,11662806925,126.98,2124812000,1850331106,87.08,3895102095,3895102095,100,4795092080,2882550186.74,60.11,20000000000,20290790312.74,101.45,8738022000,8311006600,95.11,629349775000,558244865000,88.7,16228912000,9807672698,60.43,159869386000,28219701151,17.65,814186095000,604583245449,74.26,7578959000,7578959000,100,0,0,0,0,0,0,87851631000,50884902342,57.92,95430590000,58463861342,61.26,909616685000,663047106791,72.89,19503449500,9907746260,50.8,0,0,0,19503449500,9907746260,50.8,929120134500,672954853051,72.43,0,0,0,0,0,0,15325000000,14834275467,96.8,15325000000,14834275467,96.8,964445134500,708079918830.74,73.42,,478933717301.79,393299462948,82.12,277172516824.55,160198284681.2,57.8,0,0,0,0,0,0,29504446000,19413872660,65.8,409335388,0,0,786020015514.34,572911620289.2,72.89,2399319281.2,99600000,4.15,17044555767,8551054770,50.17,30229036087,14482059090,47.91,31376371617.5,16305900449,51.97,1351219158,625977080,46.33,0,0,0,82400501910.7,40064591389,48.62178076587355,8000000000,3224097000,40.3,0,0,0,156258962954,102957275752,65.89,156258962954,102957275752,65.88887690385408,1032679480379.0399,719157584430.2,69.63996071329284,,70984345879.04,70981028878.04,100,2750000000,0,0,68234345879.03999,70981028878.04,104.02536723055731,,7.62939453125e-05,59903363278.58003,,1035429480379.04,779060947708.78,75.24036764180106,1035429480379.0399,719157584430.2,69.4550037504184,,12 Desember
9,Kab. Seram Bagian Timur,8775163788,6621156397.07,75.45,1500000000,362904698,24.19,6517696726,6517696726,100,5026293183,2118297608.79,42.14,21819153697,15620055429.86,71.59,25258447000,22164638100,87.75,552293041000,528622768020,95.71,150601981000,120533952100,80.03,0,0,0,728153469000,671321358220,92.2,0,0,0,0,0,0,0,0,0,157093474000,100902901798,64.23,157093474000,100902901798,64.23,885246943000,772224260018,87.23,13411796453,5673699262,42.3,0,0,0,13411796453,5673699262,42.3,898658739453,777897959280,86.56,0,0,0,0,0,0,18759530400,6132341875,32.69,18759530400,6132341875,32.69,939237423550,799650356584.86,85.14,,400031625110.42,351785786198,87.94,255191787685,203144639425.71,79.6,1662150000,1429176604,85.98,0,0,0,23401182000,18597906790,79.47,12899796700,11580888125.6,89.78,693186541495.42,586538397143.31,84.61,400000000,150000000,37.5,20011631793.25,12975184737.25,64.84,20303949248,13084399100,64.44,54021531808,38178157578.33,70.67,428811597,221175009,51.58,0,0,0,95165924446.25,64608916424.58,67.89080944731568,1000000000,300000000,30,0,0,0,218983217197,135530619279,61.89,218983217197,135530619279,61.89087045747208,1008335683138.67,786977932846.89,78.04721641876695,,69098259588.67,69098259588.67,100,0,0,0,69098259588.67,69098259588.67,100,,0,81770683326.63997,,1008335683138.67,868748616173.53,86.15668677610971,1008335683138.67,786977932846.89,78.04721641876695,,19 Desember
10,Kota Ambon,169319044660,170963992581,100.97,37065911712,17653461943,47.63,7234087373,6989087373,96.61,49333709126,27033633883.12,54.8,262952752871,222640175780.12,84.67,0,0,0,0,0,0,0,0,0,0,0,0,0,0,0,0,0,0,0,0,0,0,0,0,0,0,0,0,0,0,971459497000,844432008013,86.92,0,0,0,0,0,0,47618056729,59035656758,123.98,1019077553729,903467664771,88.66,0,0,0,0,0,0,25472331584,11476562568,45.06,25472331584,11476562568,45.06,1307502638184,1137584403119.12,87,,535142146765.45,471190263495,88.05,468386238754.6,391842977045,83.66,0,0,0,1500000000,1460000000,97.33,38176527346,37471275184,98.15,2291425000,2181315000,95.19,1045496337866.05,904145830724,86.48,2877136000,0,0,55070086425,27168820775,49.33,33735444021,20988126050,62.21,59288655377.95,33921712522,57.21,476850000,446962800,93.73,443504700,174504700,39.35,151891676523.95,82700126847,54.44677992869477,10763638849,10763638849,100,0,0,0,106908499310,80479477752,75.28,106908499310,80479477752,75.2788396352245,1315060152549,1078089074172,81.98020996091505,,9807514365,8307514365.36,84.71,2250000000,1000000000,44.44,7557514365,7307514365.36,96.69203407938213,,0,66802843312.48012,,1317310152549,1145891917484.4802,86.98725317399058,1317310152549,1079089074172,81.91609789721568,,19 Desember
11,Kota Tual,12294000000,7970925591,64.84,20037201175,8725327301,43.55,2328206440,3438165048,147.67,4470000000,1471220470.51,32.91,39129407615,21605638410.51,55.22,6006158000,5387943400,89.71,425377529000,363712989895,85.5,40325424000,28524347221,70.74,55606847000,29723026676,53.45,527315958000,427348307192,81.04,0,0,0,0,0,0,0,0,0,23432422000,15128733542,64.56,23432422000,15128733542,64.56,550748380000,442477040734,80.34,12950000000,12043007093,93,0,0,0,12950000000,12043007093,93,563698380000,454520047827,80.63,0,0,0,0,0,0,3867210000,5926835956,153.26,3867210000,5926835956,153.26,606694997615,482052522193.51,79.46,,212336540604,176980246436,83.35,246816867096,173128918601.61,70.14,0,0,0,0,0,0,17400368000,14392572700,82.71,1101680000,811083349,73.62,477655455700,365312821086.61,76.48,2863000000,1736250000,60.64,9034429266,5894786830,65.25,29625794452,18455430862,62.3,13593319000,9742747010,71.67,102240000,0,0,0,0,0,55218782718,35829214702,64.88591913548383,4400000000,700367667,15.92,0,0,0,66570790700,41947243875,63.01,66570790700,41947243875,63.011485118202145,603845029118,443789647330.61,73.49396383685178,,5000000000,8879074011.47,177.58,0,0,0,5000000000,8879074011.47,177.5814802294,,7849968497,47141948874.370026,,611694997615,490931596204.98,80.25757904169942,603845029118,443789647330.61,73.49396383685178,,2025-11-30 00:00:00
XXXII,Prov. Maluku Utara,956000000000,948733498190.85,99.24,17088335475,11054043885,64.69,3226037000,1575573263,48.84,172187428901,145585786467.46,84.55,1148501801376,1106948901806.31,96.38,833276816000,873698816859,104.85,1200657347000,1181880899391,98.44,303727303000,284460052751,93.66,0,0,0,2337661466000,2340039769001,100.1,0,0,0,0,0,0,0,0,0,0,0,0,0,0,0,2337661466000,2340039769001,100.1,0,0,0,0,0,0,0,0,0,2337661466000,2340039769001,100.1,212282000,166793000,78.57,0,0,0,19217096320,19217096320.09,100,19429378320,19383889320.09,99.77,3505592645696,3466372560127.4,98.88,,1172416387005.01,1098881028668,93.73,1206825889223.28,922239141863.6,76.42,3500000000,3023117878,86.37,4127472000,2810826500,68.1,151904242803,112832355975,74.28,3582500000,2017500000,56.32,2542356491031.29,2141803970884.6,84.24,55578396593,8246970019,14.84,203361036001.71,111953406656,55.05,139405389836,79065990189.08,56.72,193786042592,113993133727,58.82,12558981922,10231793340,81.47,1622400820,1194838861,73.65,606312247764.71,324686132792.08,53.55097707313347,21551745521,18225947960,84.57,308788511459,235224908020,76.18,2000000000,2000000000,100,310788511459,237224908020,76.33001197706605,3481008995776,2721940959656.68,78.19402256528483,,33635432000,37866811979.83,112.58,58219081920,40469081920,69.51,-24583649920,-2602269940.169998,10.58536852191718,,0,741829330530.5497,,3539228077696,3504239372107.23,99.01140291553216,3539228077696,2762410041576.68,78.05120158786093,,19 Desember
1,Kab. Halmahera Barat,12146930757,8579609764,70.63,2639152000,114175000,4.33,1369384000,0,0,48683565959,2551501258.77,5.24,64839032716,11245286022.77,17.34,215177139000,121442606650,56.44,514831002000,406387593674,78.94,185070673000,89712247768,48.47,0,0,0,915078814000,617542448092,67.49,0,0,0,0,0,0,0,0,0,135552830000,94235270284,69.52,135552830000,94235270284,69.52,1050631644000,711777718376,67.75,52148443024,23794133469,45.63,0,0,0,52148443024,23794133469,45.63,1102780087024,735571851845,66.7,24814300000,0,0,0,0,0,4948408000,0,0,29762708000,0,0,1197381827740,746817137867.77,62.37,,439531012669,345773138862,78.67,323223600606,144751702504,44.78,12513281215,0,0,0,0,0,12057870000,3896000000,32.31,6905000000,3985000000,57.71,794230764490,498405841366,62.75,1900000000,1137500000,59.87,31290659386,15121236389,48.33,63969252198,41813421904,65.36,72647150202,23223484407,31.97,0,0,0,0,0,0,169807061786,81295642700,47.87530144208793,6277308400,4149286100,66.1,1157636300,0,0,206792787976,145614644523.84,70.42,207950424276,145614644523.84,70.02373043037147,1178265558952,729465414689.84,61.910102450814044,,3716940764,0,0,22833209552,0,0,-19116268788,0,0,,0,17351723177.930054,,1201098768504,746817137867.77,62.177828955561274,1201098768504,729465414689.84,60.73317480779772,,2025-11-28 00:00:00
2,Kab. Halmahera Selatan,157920000000,129730451507.11,82.15,82750500000,89414163383,108.05,1342603684,1342603684,100,5556500000,3351362603.46,60.31,247569603684,223838581177.57,90.41,0,0,0,0,0,0,0,0,0,0,0,0,0,0,0,0,0,0,0,0,0,0,0,0,0,0,0,0,0,0,1775419776000,1395540939836,78.6,0,0,0,0,0,0,169613201316,26110062752,15.39,1945032977316,1421651002588,73.09,0,0,0,0,0,0,14942000000,0,0,14942000000,0,0,2207544581000,1645489583765.57,74.54,,644013893122,488558025608,75.86,584063962533,344103510601.64,58.92,0,0,0,339800000,285107500,83.9,162931393658,53899762697.65,33.08,26238500000,22963473620,87.52,1417587549313,909809880027.29,64.18,9728763843,1519452500,15.62,81943612502,33412833684,40.78,190552220669,107765964541.67,56.55,144051256638,93324320648.15,64.79,84000000,84000000,100,1234800000,593425836,48.06,427594653652,236699997209.81998,55.356163878152564,31762205220,6676848800,21.02,19708895555,14060900556,71.34,336910096300,210910872261,62.6,356618991855,224971772817,63.084630363284944,2233563400040,1378158498854.11,61.70223324887169,,30518819040,0,0,4500000000,1000000000,22.22,26018819040,-1000000000,-3.8433719780388618,,0,266331084911.45996,,2238063400040,1645489583765.57,73.5229209206567,2238063400040,1379158498854.11,61.62285209746341,,2025-11-28 00:00:00
3,Kab. Halmahera Tengah,174177000000,182707579175,104.9,139284235733,165890717460,119.1,500000000,2586332526,517.27,12500000000,13505775666.93,108.05,326461235733,364690404827.93,111.71,928882097000,944074197363,101.64,433868673000,393523499420,90.7,79792333000,24011626233,30.09,0,0,0,1442543103000,1361609323016,94.39,0,0,0,0,0,0,0,0,0,52076155000,50609385022,97.18,52076155000,50609385022,97.18,1494619258000,1412218708038,94.49,375376496313,42938979376,11.44,0,0,0,375376496313,42938979376,11.44,1869995754313,1455157687414,77.82,0,0,0,0,0,0,7181121687,533639000,7.43,7181121687,533639000,7.43,2203638111733,1820381731241.93,82.61,,617551414513.1,406885848114.6,65.89,906252959849,572717901323,63.2,0,0,0,1000000000,0,0,6535626359,5364217644,82.08,0,0,0,1531340000721.1,984967967081.6,64.32,4855958906,3405552375,70.13,101316584487,56906017648,56.17,187367010202,89160483960,47.59,476598324118,245373141245,51.48,4275357459,3264919378,76.37,0,0,0,774413235172,398110114606,51.40796883689344,24500000000,8424035087,34.38,0,0,0,197984102728.9,163330746745,82.5,197984102728.9,163330746745,82.49689974787981,2528237338622,1554832863519.6,61.498690798034495,,340989253342,340989253342.73,100,16390026453,3073550616,18.75,324599226889,337915702726.73,104.10243609184062,,0,603464570449.0598,,2544627365075,2161370984584.66,84.93860493090139,2544627365075,1557906414135.6,61.22336164099542,,12 Desember
4,Kab. Halmahera Timur,46239615000.5,42122281608,91.1,11547858538,12025239279,104.13,4000000000,702738374,17.57,7233500000,13177558052.92,182.17,69020973538.5,68027817313.92,98.56,1001117891254,957699883000,95.66,452774956000,411893637178,90.97,91168612000,67820048699,74.39,0,0,0,1545061459254,1437413568877,93.03,0,0,0,0,0,0,0,0,0,87849807000,59095706958,67.27,87849807000,59095706958,67.27,1632911266254,1496509275835,91.65,22014900000,18133865581,82.37,0,0,0,22014900000,18133865581,82.37,1654926166254,1514643141416,91.52,0,0,0,0,0,0,10000000000,6611496329,66.11,10000000000,6611496329,66.11,1733947139792.5,1589282455058.92,91.66,,503997535923,257875305382,51.17,724744560161,424077963222,58.51,0,0,0,0,0,0,32009493000,24725290225,77.24,2905920440,286500000,9.86,1263657509524,706965058829,55.95,2291426084,2291426084,100,88291299222,57055665067,64.62,156734747955,76931881081,49.08,475478246113,285043517809,59.95,4526573300,2829588400,62.51,0,0,0,727322292674,424152078441,58.31693634490497,5000000000,0,0,0,0,0,195514630200,134363294845,68.72,195514630200,134363294845,68.72288519153489,2191494432398,1265480432115,57.74508999004267,,459047292605.5,459047292605.5,100,1500000000,0,0,457547292605.5,459047292605.5,100.32783496356372,,0,782849315549.4199,,2192994432398,2048329747664.42,93.40332640172771,2192994432398,1265480432115,57.705592564191775,,05 Desember
5,Kab. Halmahera Utara,42160295734.78,26215629442.4,62.18,4886500000,150944000,3.09,2000000000,0,0,96355627998.67,41644915837.7,43.22,145402423733.45,68011489280.1,46.77,87749445000,74336537500,84.71,516780033000,432823056311,83.75,176534266000,57912834478,32.81,0,3300564894,0,781063744000,568372993183,72.77,0,0,0,0,0,0,0,0,0,150749567000,77808136564,51.61,150749567000,77808136564,51.61,931813311000,646181129747,69.35,82482928827,21343893462,25.88,0,0,0,82482928827,21343893462,25.88,1014296239827,667525023209,65.81,0,0,0,0,0,0,9958731762,4992940340,50.14,9958731762,4992940340,50.14,1169657395322.45,740529452829.1,63.31,,340229381607.28,274413101507,80.66,436640023946.98,231239139541.6,52.96,0,0,0,1000000000,0,0,24956403980.19,17831547738,71.45,532000000,132000000,24.81,803357809534.45,523615788786.6,65.18,2120000000,1790455000,84.46,23703100382,7368153915.46,31.09,45692667252,27153194182.94,59.43,69730946162,35664404152,51.15,2382164250,1018433766,42.75,0,0,0,143628878046,72994641016.4,50.82170243857368,1448247859,1039852500,71.8,0,0,0,208361291399,124375270211,59.69,208361291399,124375270211,59.6921190955898,1156796226838.45,722025552514,62.41596711352629,,0,-11361168483.9,0,12861168484,0,0,-12861168484,-11361168483.9,88.33698507280981,,0,7142731831.199976,,1169657395322.45,729168284345.2,62.340330361796546,1169657395322.45,722025552514,61.72966164292517,,12 Desember
6,Kab. Kep. Sula,12000000000,8375908381.4,69.8,9868131672,8475704129,85.89,1500000000,1168342439,77.89,8410000000,1964383048.63,23.36,31778131672,19984337998.03,62.89,58875433000,71310060748,121.12,471582267000,369555381300,78.36,288876222000,198574903070,68.74,0,0,0,819333922000,639440345118,78.04,7424986000,0,0,0,0,0,0,0,0,66735678000,64606752690,96.81,74160664000,64606752690,87.12,893494586000,704047097808,78.8,51931267231,3419327897,6.58,0,0,0,51931267231,3419327897,6.58,945425853231,707466425705,74.83,0,0,0,0,0,0,2000000000,0,0,2000000000,0,0,979203984903,727450763703.03,74.29,,287940506639,251000053568,87.17,307978576548,221231150554,71.83,0,0,0,5429000000,4315680000,79.49,1368130000,967962351,70.75,0,0,0,602716213187,477514846473,79.23,580000000,0,0,36865523411,24048350356,65.23,196040021719,114322820977,58.32,69730946162,35664404152,51.15,438812500,0,0,199000000,198912000,99.96,303854303792,174234487485,57.34145783377491,3411000000,2796863727,82,1879113167,0,0,124211216375,103468086065,83.3,126090329542,103468086065,82.05870064804243,1036071846521,758014283750,73.16232810449559,,25460123684,0,0,0,0,0,25460123684,0,0,,-31407737934,-30563520046.96997,,1004664108587,727450763703.03,72.40736057806882,1036071846521,758014283750,73.16232810449559,,12 Desember
7,Kab. Pulau Morotai,30205560000,1549471024,5.13,32612285396,10960352962,33.61,0,408162703,0,7077925233,2255176449.5,31.86,69895770629,15173163138.5,21.71,54486401000,87253494048.88,160.14,421537859000,367368881891,87.15,96459655000,32047677523.64,33.22,0,0,0,572483915000,486670053463.52,85.01,0,0,0,0,0,0,0,0,0,66055044000,52633298340,79.68,66055044000,52633298340,79.68,638538959000,539303351803.52,84.46,21683009450,3691886577,17.03,0,0,0,21683009450,3691886577,17.03,660221968450,542995238380.52,82.24,31389532000,0,0,0,0,0,4401136000,0,0,35790668000,0,0,765908407079,558168401519.02,72.88,,271644266475,200986917787,73.99,232118319193,105550507838.64,45.47,0,0,0,3374200000,2948518226,87.38,1429598700,1184044000,82.82,1543423000,769000000,49.82,510109807368,311438987851.64,61.05,2000000000,2030035000,101.5,28334532824,14316285044.5,50.53,60048306502,33480336884.1,55.76,58516353183,37862054468,64.7,195000000,128000700,65.64,0,0,0,149094192509,87816712096.6,58.90015608173269,4000000000,332455000,8.31,4551934605,0,0,112562250603,96212694074,85.48,117114185208,96212694074,82.1528954012889,780318185085,495800849022.24,63.538292263204454,,1000026420,0,0,33580333333,31058543828,92.49,-32580306913,-31058543828,95.32919352459263,,-46990084919,31309008668.78003,,766908433499,558168401519.02,72.78162256899316,813898518418,526859392850.24,64.73281139205328,,2025-11-30 00:00:00
8,Kab. Pulau Taliabu,6730000000,2050796349.8,30.47,2500000000,649152641,25.97,0,1164847895,0,30010000000,1993724358.35,6.64,39240000000,5858521244.15,14.93,82680640000,102069108000,123.45,345597408000,297612020589,86.12,78356535000,3557824440,4.54,0,0,0,506634583000,403238953029,79.59,0,0,0,0,0,0,0,0,0,60018674000,0,0,60018674000,0,0,566653257000,403238953029,71.16,28027553753,17811471195,63.55,0,0,0,28027553753,17811471195,63.55,594680810753,421050424224,70.8,0,0,0,0,0,0,0,0,0,0,0,0,633920810753,426908945468.15,67.34,,242815214421.4,136833310421,56.35,194438632385.6,121122835620.7,62.29,0,0,0,0,0,0,10391773510,7690824496,74.01,0,0,0,447645620317,265646970537.7,59.34,1695000000,1554373500,91.7,18747657955,14730908802,78.57,40809902568,21437029769,52.53,18092873513,6878115985.7,38.02,0,0,0,0,0,0,79345434036,44600428056.7,56.21045318935962,4083277600,224969000,5.51,0,0,0,102846478800,42987414140,41.8,102846478800,42987414140,41.79765281375875,633920810753,353459781734.4,55.75771858862693,,0,0,0,0,0,0,0,0,0,,0,73449163733.75,,633920810753,426908945468.15,67.34420738783574,633920810753,353459781734.4,55.75771858862693,,19 Desember
9,Kota Ternate,99768000000,87014542732.89,87.22,43570506000,19983174219.11,45.86,4000000000,2700870649.49,67.52,14300000000,5118438697.69,35.79,161638506000,114817026299.18,71.03,86676057000,80654443300,93.05,653399669000,651357845234,99.69,117762240000,11773725048,10,0,0,0,857837966000,743786013582,86.7,0,0,0,0,0,0,0,0,0,0,0,0,0,0,0,857837966000,743786013582,86.7,88500000000,20242521740,22.87,0,0,0,88500000000,20242521740,22.87,946337966000,764028535322,80.74,0,0,0,0,0,0,6947061130,0,0,6947061130,0,0,1114923533130,878845561621.18,78.83,,555911535906,463765015000,83.42,415993446841.71,294779092525.76,70.86,0,0,0,0,0,0,12290200000,10368649348,84.37,1484000000,1430000000,96.36,985679182747.71,770342756873.76,78.15,7016042500,6816042500,97.15,19286478838.92,13069877443,67.77,44098449309.92,28951981037.43,65.65,51979144713.45,42807539068.43,82.36,306722700,306576355,99.95,1300000000,1143455000,87.96,123986838062.29,93095471403.86,75.08496293541221,4250000000,1769868000,41.64,0,0,0,0,0,0,0,0,0,1113916020810,865208096277.62,77.67265037165653,,1992487680,0,0,3000000000,0,0,-1007512320,0,0,,0,13637465343.560059,,1116916020810,878845561621.18,78.68501706903903,1116916020810,865208096277.62,77.46402416630764,,12 Desember
10,Kota Tidore Kep.,24000000000,18851653645,78.55,9219360000,7993394625,86.7,1254774153,1254774153,100,39162500000,28592562596.59,73.01,73636634153,56692385019.59,76.99,0,0,0,0,0,0,0,0,0,0,0,0,0,0,0,0,0,0,0,0,0,0,0,0,0,0,0,0,0,0,1016072936000,954310618048,93.92,0,0,0,0,0,0,30000000000,13689370037,45.63,1046072936000,967999988085,92.54,0,0,0,0,0,0,7366904000,5682806541,77.14,7366904000,5682806541,77.14,1127076474153,1030375179645.59,91.42,,459464731949,413122272650,89.91,331055157643,251055789508,75.84,0,0,0,0,0,0,16538912000,11269235307,68.14,500000000,186500000,37.3,807558801592,675633797465,83.66,806127301,805908720,99.97,76827050245,49430210777,64.34,71080055476,43503924082.99,61.2,93594391698,64116081380,68.5,1890782050,213643500,11.3,115000000,100000000,86.96,244313406770,158169768459.99,64.7405193808677,5231498000,2264927397,43.29,0,0,0,112836679400,107817189550,95.55,112836679400,107817189550,95.55154416392725,1169940385762,943885682871.99,80.67810072709156,,46863911609,46863911609,100,4000000000,3000000000,75,42863911609,43863911609,102.33296487059297,,0,130353408382.59998,,1173940385762,1077239091254.59,91.7626741800316,1173940385762,946885682871.99,80.6587535752397,,19 Desember
XXXIII,Prov. Papua,298808171000,299408283882,100.2,24558947114.43,19757622274.87,80.45,66100000000,66116045417.04,100.02,147135574055,105264918103.24,71.54,536602692169.43,490546869677.15,91.42,0,0,0,0,0,0,0,0,0,0,0,0,0,0,0,0,0,0,0,0,0,0,0,0,0,0,0,0,0,0,1638987529900,1507736894458,91.99,0,0,0,0,0,0,166090018202,158316387720,95.32,1805077548102,1666053282178,92.3,31642174734,2138855645,6.76,0,0,0,0,34886925734,0,31642174734,37025781379,117.01,2373322415005.43,2193625933234.15,92.43,,932559162794.29,900870920240,96.6,1437872722114.94,1006270611288.29,69.98,0,0,0,0,0,0,124532120764,120802777964,97.01,6613222302,2928000000,44.27,2501577227975.23,2030872309492.29,81.18,250000000,0,0,100861167847,82727117725.7,82.02,77794962676.21,40137715747.7,51.59,145880578953.79,75323777663.79,51.63,29000000,29000000,100,2000000000,595750320,29.79,326815709477,198813361457.19,60.833477612000074,1500000000,0,0,103513549730,94657689488,91.44,0,0,0,103513549730,94657689488,91.44473330776577,2933406487182.23,2324343360437.48,79.23700212002315,,525084072176.8,530183509336.69,100.97,0,0,0,525084072176.8,530183509336.69,100.97116584373806,,-34999999999.99982,399466082133.3599,,2898406487182.23,2723809442570.84,93.97610220017381,2933406487182.23,2324343360437.48,79.23700212002315,,19 Desember
1,Kab. Biak Numfor,30894818750,21246230746,68.77,4647953842,2125671361,45.73,2616903164,2616903164,100,11480615831,5557306452.9,48.41,49640291587,31546111723.9,63.55,0,0,0,0,0,0,0,0,0,0,0,0,0,0,0,0,0,0,0,0,0,0,0,0,0,0,0,0,0,0,1187622180000,922858776129,77.71,0,0,0,0,0,0,24297866947,9209373821,37.9,1211920046947,932068149950,76.91,0,0,0,0,0,0,110200000000,63612326610.26,57.72,110200000000,63612326610.26,57.72,1371760338534,1027226588284.16,74.88,,486100697693,401810953323,82.66,516098654922,292034960809.2,56.59,1275000000,954800000,74.89,0,0,0,63985495000,41161083619,64.33,12794578000,2848720000,22.27,1080254425615,738810517751.2,68.39,3000000000,0,0,23873562804,6965909538,29.18,28388868803,7382018303,26,23563341103,9339871610,39.64,390553000,0,0,170000000,90000000,52.94,79386325710,23777799451,29.9520090372501,5000000000,3353848886,67.08,0,0,0,266870387209,149836360241,56.15,266870387209,149836360241,56.14574243625442,1431511138534,915778526329.2,63.972853698298294,,90320800000,30000000000,33.21,30570000000,30000000000,98.14,59750800000,0,0,,0,111448061954.96008,,1462081138534,1057226588284.16,72.30970706210056,1462081138534,945778526329.2,64.6871436476852,,12 Desember
2,Kab. Jayapura,97029960000,57906330921.19,59.68,14525931500,6327302394.46,43.56,5702615196,5702615196,100,51111125000,44681419728.27,87.42,168369631696,114617668239.92,68.08,0,0,0,0,0,0,0,0,0,0,0,0,0,0,0,0,0,0,0,0,0,0,0,0,0,0,0,0,0,0,1294009147000,1175024771000,90.8,0,0,0,0,0,0,20761892493,12774871393,61.53,1314771039493,1187799642393,90.34,0,0,0,0,0,0,23100087361,20664378558,89.46,23100087361,20664378558,89.46,1506240758550,1323081689190.92,87.84,,510809196164,482652667260,94.49,539331143756,427840770651.4,79.33,3620182384,3435460162,94.9,0,0,0,38693336883,36884989363,95.33,24335880871,12127800000,49.84,1116789740058,962941687436.4,86.22,4491000000,3991000000,88.87,37683649073,26915355527.9,71.42,71559950888,49308255894.94,68.9,51852892130,42156592542,81.3,2751744919,2241255380,81.45,402500000,222444000,55.27,168741737010,124834903344.84,73.97986150719902,28184292956,25420659956,90.19,500000000,0,0,223824238460,154910403058,69.21,224324238460,154910403058,69.05647116935273,1538040008484,1268107653795.24,82.44958822918889,,80272987310,80272987310,100,48473737376,47766666669,98.54,31799249934,32506320641,102.2235452360277,,0,87480356036.67993,,1586513745860,1403354676500.92,88.45524850717287,1586513745860,1315874320464.24,82.94124925787801,,19 Desember
3,Kab. Keerom,10530463185,6841142805,64.97,1200000000,8144396246,678.7,3059718682,3059718682,100,3800000000,1647658256.96,43.36,18590181867,19692915989.96,105.93,0,0,0,0,0,0,0,0,0,0,0,0,0,0,0,0,0,0,0,0,0,0,0,0,81953483000,45051059250,54.97,0,0,0,1087962072000,852636440776,78.37,10509618598,5333543388,50.75,0,0,0,10509618598,5333543388,50.75,1098471690598,857969984164,78.11,0,0,0,0,0,0,21940000000,2819410482,12.85,21940000000,2819410482,12.85,1139001872465,880482310635.96,77.3,,368704175847.38,310426817965,84.19,264508778730.07,92740221798,35.06,0,0,0,0,0,0,37874664205,23409382705,61.81,25680867738,11151516200,43.42,696768486520.45,437727938668,62.82,5340000000,5035000000,94.29,56146119493,51014786661,90.86,209996671701.5,115895743925,55.19,68972431021,33890000158,49.14,562302577,89124800,15.85,3515316329,1375118408,39.12,344532841121.5,207299773952,60.16836400187913,3500000000,2000000000,57.14,0,0,0,139840712448,71497488609,51.13,139840712448,71497488609,51.12780631433529,1184642040089.95,718525201229,60.65335999509542,,45640167624.95,0,0,0,0,0,45640167624.95,0,0,,0,161957109406.95996,,1184642040089.95,880482310635.96,74.32475641073019,1184642040089.95,718525201229,60.65335999509542,,2025-11-28 00:00:00
4,Kab. Kepulauan Yapen,12116308554,4825836772.01,39.83,3725925000,1582648772,42.48,4961110648,4961110648,100,29049836022,8501951321.37,29.27,49853180224,19871547513.38,39.86,17953805000,8966263200,49.94,540457140000,476979318000,88.25,22183280000,15396344000,69.41,131442654000,98231524840,74.73,712036879000,599573450040,84.21,0,0,0,146614191000,109960643250,75,0,0,0,119826628000,58918708022,49.17,266440819000,168879351272,63.38,978477698000,768452801312,78.54,14072720525,6612361344,46.99,0,0,0,14072720525,6612361344,46.99,992550418525,775065162656,78.09,0,400000000,0,0,0,0,15846497800,11141438900,70.31,15846497800,11541438900,72.83,1058250096549,806478149069.38,76.21,,458922722934,299735555868,65.31,331579177567,262437092264,79.15,0,0,0,0,0,0,52178486859,15553164316,29.81,8602000000,6807609500,79.14,851282387360,584533421948,68.67,1500000000,1500000000,100,22298869316,14442262961,64.77,16083781338,7420737978,46.14,40562866767,22882669606,56.41,0,0,0,120000000,0,0,80565517421,46245670545,57.40132009993859,2275000000,1996903600,87.78,0,0,0,174170270200,90628691236,52.03,174170270200,90628691236,52.03453559090821,1108293174981,723404687329,65.27196085470811,,74148078432,0,0,24105000000,8092380409,33.57,50043078432,-8092380409,-16.17082853924777,,0,74981081331.38,,1132398174981,806478149069.38,71.2186019800775,1132398174981,731497067738,64.59716060124111,,31 Oktober
5,Kab. Mamberamo Raya,3338329360,850861667,25.49,290000000,340846500,117.53,2535947904,2535947904,100,8744353218.07,6820654714,78,14908630482.07,10548310785,70.75,0,0,0,0,0,0,0,0,0,0,0,0,980828503000,754733372344,76.95,0,0,0,0,0,0,0,0,0,0,0,0,0,0,0,980828503000,754733372344,76.95,6419096576,0,0,0,0,0,6419096576,0,0,987247599576,754733372344,76.45,0,0,0,0,0,0,2717763841,0,0,2717763841,0,0,1004873993899.07,765281683129,76.16,,250443459571.52,194893434860,77.82,438464263650.03,269905903966.91,61.56,0,0,0,8600000000,7762530000,90.26,7596400000,3850000000,50.68,35196511847.78,23282633100,66.15,740300635069.33,499694501926.91,67.5,3179063759.79,1104452000,34.74,24676943339,18782796936,76.11,36099512100,16118790600,44.65,60701828546.88,34365003170,56.61,13600000,0,0,0,0,0,124670947745.67,70371042706,56.44542211194034,7485851767,5923245692,79.13,144659487100,43387201050,29.99,0,0,0,144659487100,43387201050,29.992641284568744,1017116921682,619375991374.9099,60.895259745620166,,12242927782.93,0,0,0,0,0,12242927782.93,0,0,,-5.340576171875e-05,145905691754.0901,,1017116921682,765281683129,75.24028622623429,1017116921682,619375991374.9099,60.895259745620166,,12 Desember
6,Kab. Sarmi,4523287750,2637493534,58.31,390000000,386762270,99.17,7168929651,7168929651,100,2354198619,3469307410,147.37,14436416020,13662492865,94.64,0,0,0,0,0,0,0,0,0,0,0,0,0,0,0,0,0,0,0,0,0,0,0,0,0,0,0,0,0,0,929018451000,742932103491.35,79.97,0,0,0,0,0,0,7541745650,4917898723,65.21,936560196650,747850002214.35,79.85,0,0,0,0,0,0,18718925973,15282959473,81.64,18718925973,15282959473,81.64,969715538643,776795454552.35,80.11,,307723116271.46,228457987082,74.24,415409102452,219512291734,52.84,0,0,0,0,0,0,19047782005,10698909851,56.17,16218856000,11555536000,71.25,758398856728.46,470224724667,62,9200000000,4900000000,53.26,20257912175,6698334483,33.07,40139687334,10889050184,27.13,31647521018,10840313836,34.25,110180693,62780897,56.98,411607668,11607600,2.82,101766908888,33402087000,32.82214952284815,9700000000,4029854000,41.54,0,0,0,154548346802,105375828701,68.18,154548346802,105375828701,68.18308372848692,1024414112418.46,613032494368,59.84225392217011,,56698573775.46,2200000000,3.88,2000000000,2000000000,100,54698573775.46,200000000,0.3656402465281976,,0,163962960184.34998,,1026414112418.46,778995454552.35,75.89485034620806,1026414112418.46,615032494368,59.92050254636958,,2025-11-28 00:00:00
7,Kab. Supiori,6245000000,2130801145,34.12,6115236808,241143796,3.94,2000000000,2589105273,129.46,7849195031,3341262392.54,42.57,22209431839,8302312606.54,37.38,0,0,0,0,0,0,0,0,0,0,0,0,0,0,0,0,0,0,0,0,0,0,0,0,0,0,0,0,0,0,630222314000,508679820430,80.71,0,0,0,0,0,0,6217123967,3020031561,48.58,636439437967,511699851991,80.4,0,0,0,0,0,0,2003947135,149207620,7.45,2003947135,149207620,7.45,660652816941,520151372217.54,78.73,,274116589430.58,212217979660,77.42,243849713630.5,139187276169.4,57.08,0,0,0,0,0,0,6885495000,5987694900,86.96,10991000000,9542000000,86.82,535842798061.08,366934950729.4,68.48,0,0,0,14103243133,3689361322,26.16,20470876829.02,9362120407,45.73,41622232531,23727426544,57.01,22344000,0,0,0,0,0,76218696493.02,36778908273,48.25444407379514,2087475341,1237519341,59.28,0,0,0,78516100826,60899105419,77.56,78516100826,60899105419,77.56256968740574,692665070721.1,465850483762.4,67.25479650322568,,32567253780.1,0,0,555000000,0,0,32012253780.1,0,0,,0,54300888455.13995,,693220070721.1,520151372217.54,75.03409006557891,693220070721.1,465850483762.4,67.20095153589739,,2025-11-28 00:00:00
8,Kab. Waropen,3550271786,1982712595,55.85,525000000,23445000,4.47,2979738787,2979738787,100,3600000000,1016401376,28.23,10655010573,6002297758,56.33,0,0,0,0,0,0,0,0,0,0,0,0,0,0,0,0,0,0,0,0,0,0,0,0,0,0,0,0,0,0,859539764000,753489691076,87.66,0,0,0,0,0,0,7834547433,6632536080,84.66,867374311433,760122227156,87.63,0,0,0,0,0,0,0,0,0,0,0,0,878029322006,766124524914,87.26,,247852131172.22,210775364878.94,85.04,382287927049.8,358017981576.64,93.65,0,0,0,4600000000,2600000000,56.52,26014000000,22681060966.57,87.19,3768800000,2018900000,53.57,664522858222.02,596093307422.15,89.7,10324900000,5100000000,49.4,35103837656,20310900000,57.86,14394200000,17233508000,119.73,17703892448.98,18229600448.98,102.97,974870000,149600000,15.35,816000000,0,0,79317700104.98,61023608448.979996,76.9356756035701,6500000000,6000000000,92.31,0,0,0,129425250847,100502400000,77.65,129425250847,100502400000,77.65285316604012,879765809174,763619315871.13,86.79802146301658,,63161941,63161941,100,0,0,0,63161941,63161941,100,,-1673325227,2568370983.869995,,878092483947,766187686855,87.2559213137788,879765809174,763619315871.13,86.79802146301658,,2025-11-28 00:00:00
9,Kota Jayapura,253321996375,238302429783,94.07,28083840282,24231135912,86.28,8044961330,9152956478,113.77,22881274234.09,25133849009.09,109.84,312332072221.09,296820371182.09,95.03,42690005000,20176751200,47.26,781410808000,708376398000,90.65,210622491077,179419889085,85.19,0,0,0,1034723304077,907973038285,87.75,9043181000,9043181000,100,177861285000,177861285000,100,0,0,0,11903393000,11903393000,100,198807859000,198807859000,100,1233531163077,1106780897285,89.72,62607575141,34540282788,55.17,0,0,0,62607575141,34540282788,55.17,1296138738218,1141321180073,88.06,0,0,0,0,0,0,21509259410,12735131529,59.21,21509259410,12735131529,59.21,1629980069849.09,1450876682784.09,89.01,,669261024674.61,544116663394,81.3,646357560747,513106638538,79.38,0,0,0,0,0,0,81424285000,72603644021,89.17,7860000000,5776221435,73.49,1404902870421.61,1135603167388,80.83,5286821000,3000000000,56.74,57295070006,27897864918,48.69,35545839778,24354147690,68.51,27739079328,17913433420,64.58,4990256939,0,0,957370000,756770000,79.05,131814437051,73922216028,56.08051567173855,10000000000,6195895090,61.96,0,0,0,144566268391,141540609558,97.91,144566268391,141540609558,97.9070782785811,1691283575863.61,1357261888064,80.2504031514023,,67638506014.52,67537337326.52,99.85,6335000000,6335000000,100,61303506014.52,61202337326.52,99.83497079599977,,0,154817132046.61008,,1697618575863.61,1518414020110.61,89.44376797586376,1697618575863.61,1363596888064,80.32410268427424,,12 Desember
XXXIV,Prov. Papua Barat,229889010774,164803472864,71.69,25736722368,1042002740,4.05,158403100204,42003100204,26.52,43831409436,38194715595.08,87.14,457860242782,246043291403.08,53.74,0,0,0,0,0,0,0,0,0,0,0,0,0,0,0,0,0,0,0,0,0,0,0,0,0,0,0,0,0,0,3042885447175,2632125106979,86.5,0,0,0,0,0,0,0,0,0,3042885447175,2632125106979,86.5,807761000,523642000,64.83,0,0,0,134738238647,134738243697,100,135545999647,135261885697,99.79,3636291689604,3013430284079.08,82.87,,751087267310.19,474693995232,63.2,1107088598956.55,630544581415.5,56.96,0,0,0,0,0,0,321901630056.67,224088187346,69.61,3772500000,3443246000,91.27,2183849996323.41,1332770009993.5,61.03,19980484441.48,9147503314,45.78,57509078516.99,32745563073,56.94,59754482265.14,31328519814.41,52.43,345986256185.92,234400953068,67.75,1350000000,490256500,36.32,0,0,0,484580301409.52997,308112795769.41003,63.58343392688115,60000000000,35900850000,59.83,122860631154,100276171537,81.62,918942746883,910534791649,99.09,1041803378037,1010810963186,97.02511860641143,3770233675769.94,2687594618948.91,71.28456350653283,,133941986165.94,133941986165.94,100,0,0,0,133941986165.94,133941986165.94,100,,0,459777651296.1099,,3770233675769.94,3147372270245.02,83.47950129648869,3770233675769.94,2687594618948.91,71.28456350653283,,12 Desember
1,Kab. Fakfak,12821349500,11810104840,92.11,4522592700,2678548345,59.23,6443055993,5793055993,89.91,20531051001.16,13905296655.8,67.73,44318049194.16,34187005833.8,77.14,134417919000,122372812600,91.04,686640170000,653411866767,95.16,150976150000,84921734435,56.25,0,0,0,972034239000,860706413802,88.55,0,0,0,209366250174,209366250174,100,0,0,0,113560493000,94013566072,82.79,322926743174,303379816246,93.95,1294960982174,1164086230048,89.89,12500000000,12208406277,97.67,0,0,0,12500000000,12208406277,97.67,1307460982174,1176294636325,89.97,0,0,0,0,0,0,33202315691,19564451583,58.92,33202315691,19564451583,58.92,1384981347059.16,1230046093741.8,88.81,,534723809970.5,474553658201.1,88.75,492539746979.91,285291611235,57.92,0,0,0,0,0,0,44509190812.8,28291078891.8,63.56,9943155775,7983900814,80.3,1081715903538.21,796120249141.9,73.6,7647060484,4500118000,58.85,49488398507,16602260129,33.55,59784621718.27,25624248391,42.86,44982648656.33,29416925215,65.4,1480566363,0,0,6526538580,2261294988,34.65,169909834308.59998,78404846723,46.14497273924512,6793266291.5,5104966000,75.15,0,0,0,197332666120,175751346801,89.06,197332666120,175751346801,89.0634836373841,1455751670258.31,1055381408665.9,72.49735172748468,,70770323199.15,0,0,0,0,0,70770323199.15,0,0,,-0.000152587890625,174664685075.90002,,1455751670258.3098,1230046093741.8,84.49559900031161,1455751670258.31,1055381408665.9,72.49735172748468,,19 Desember
2,Kab. Kaimana,10638200000,7080003223,66.55,17765000000,13837887320,77.89,3171072805,3171072805,100,21464634186,17887895400.51,83.34,53038906991,41976858748.51,79.14,0,0,0,0,0,0,0,0,0,0,0,0,0,0,0,0,0,0,0,0,0,0,0,0,0,0,0,0,0,0,1140445247112,924465466588,81.06,0,0,0,0,0,0,9847742089,2401685408,24.39,1150292989201,926867151996,80.58,0,0,0,0,0,0,4268150664,0,0,4268150664,0,0,1207600046856,968844010744.51,80.23,,409719099205.02,327601488918,79.96,506448130421.55,282511072554,55.78,0,0,0,0,0,0,53484843013,37546630862,70.2,3680000000,1671680000,45.43,973332072639.57,649330872334,66.71,4463430800,1635638000,36.65,45633260418,20835598910,45.66,81157134956.86,27714134599,34.15,61081490559.07,28500175667,46.66,569397526,0,0,382010000,0,0,193286724259.93,78685547176,40.70923519309297,6855446863.73,3334098770,48.63,0,0,0,170556121100,117958655785,69.16,170556121100,117958655785,69.16119751330343,1344030364863.23,849309174065,63.191219206675186,,137115318007.23,0,0,685000000,685000000,100,136430318007.23,-685000000,-0.5020878130355887,,0,118849836679.51001,,1344715364863.23,968844010744.51,72.0482591379515,1344715364863.23,849994174065,63.20996965416933,,19 Desember
3,Kab. Manokwari,97755479305,63562937209,65.02,34449150265,12762478444,37.05,4308719172,5424083701,125.89,61394814953,36947806888,60.18,197908163695,118697306242,59.98,72183767800,64861709500,89.86,603844059000,567207500253,93.93,22109048750,15425348861,69.77,155565178278,136978511952,88.05,853702053828,784473070566,91.89,0,0,0,268870981804,133271439000,49.57,0,0,0,123669543000,96614740814,78.12,392540524804,229886179814,58.56,1246242578632,1014359250380,81.39,9855887131,44828730110,454.84,100000000000,102230738798,102.23,109855887131,147059468908,133.87,1356098465763,1161418719288,85.64,0,0,0,0,0,0,7603574874,0,0,7603574874,0,0,1561610204332,1280116025530,81.97,,559316922521.3,470731716622,84.16,455743058977.88,335442871028.88,73.6,6300000000,3223608265,51.17,0,0,0,70947234470,48670061274,68.6,85126634249,67860626990,79.72,1177433850218.18,925928884179.88,78.64,57485389000,23504409855,40.89,28677391294,14236722530,49.64,114270517073,73098404096.5,63.97,19742714380,10695485292,54.17,5762419416,275579700,4.78,1754000000,1275000000,72.69,227692431163,123085601473.5,54.05783619807095,500000000,406480000,81.3,0,0,0,191704195400,160799846768,83.88,191704195400,160799846768,83.87914851445134,1597330476781.18,1210220812421.38,75.76521139571103,,108115272449.18,73115272449.18,67.63,72395000000,65589444449,90.6,35720272449.17999,7525828000.179993,21.06878666977457,,6.103515625e-05,77421041108.80011,,1669725476781.18,1353231297979.18,81.04513686812021,1669725476781.18,1275810256870.38,76.40838416922453,,19 Desember
4,Kab. Manokwari Selatan,17982731388,3345377343,18.6,100000000,50726462,50.73,2022906136,0,0,5711330000,257850934.8,4.51,25816967524,3653954739.8,14.15,88205294000,23722263800,26.89,336904784000,350775660852,104.12,53280714000,14524321450,27.26,0,0,0,478390792000,389022246102,81.32,7395262000,7395262000,100,206280405295,143365719980,69.5,0,0,0,47642875000,23580544390,49.49,261318542295,174341526370,66.72,739709334295,563363772472,76.16,0,5709620995,0,0,0,0,0,5709620995,0,739709334295,569073393467,76.93,0,0,0,0,0,0,3750000000,0,0,3750000000,0,0,769276301819,572727348206.8,74.45,,214811262924.07,161519230802,75.19,254056622402.2,153656758569,60.48,3999999996,2712044754,67.8,0,0,0,43432034000,14757495586,33.98,4874265000,2651250000,54.39,521174184322.27,335296779711,64.33,7000000000,3100000000,44.29,28473106263,6106043590,21.44,107922877381.98,83151289725,77.05,26141436938,19233942500,73.58,6283743833,4602266000,73.24,30000000,0,0,175851164415.97998,116193541815,66.07493456235609,14000000000,13696663000,97.83,0,0,0,87366217962,63303842290,72.46,87366217962,63303842290,72.45803213953252,798391566700.25,528490826816,66.19444002900119,,37593042849.64,0,0,8810000000,7222222222,81.98,28783042849.64,-7222222222,-25.091934371665403,,-332222031.6100006,37014299168.80005,,806869344668.64,572727348206.8,70.98142369530771,807201566700.25,535713049038,66.36670085118085,,12 Desember
5,Kab. Pegunungan Arfak,778074457,628549645,80.78,0,47830000,0,2349409428,2349409428,100,14169001004,14640850816,103.33,17296484889,17666639889,102.14,89524348000,59111468663,66.03,331779849000,307394838649,92.65,52646784000,39228430110,74.51,0,13447687600,0,473950981000,419182425022,88.44,6983017000,6983017000,100,213382320026,213382320026,100,0,0,0,123551410000,66670401922,53.96,343916747026,287035738948,83.46,817867728026,706218163970,86.35,7738003971,6205537876,80.2,0,0,0,7738003971,6205537876,80.2,825605731997,712423701846,86.29,0,0,0,0,0,0,0,0,0,2818965020,0,0,845721181906,730090341735,86.33,,192960597188.46,156067142946,80.88,328888499387.46,212844325013,64.72,2621327778,2547411107,97.18,0,0,0,22759577450,22197338650,97.53,27311026000,26168986000,95.82,574541027803.92,419825203716,73.07,0,0,0,34621110117.38,26335837871,76.07,21721052576,18876800600,86.91,35622067257.7,23427950097,65.77,774872100,114423500,14.77,0,0,0,92739102051.07999,68755012068,74.13810415172046,8951,8951,100,0,0,0,165441043100,108560035022,65.62,165441043100,108560035022,65.61856295621966,832721181906,597140259757,71.70950766380372,,40000000000,8000000000,20,53000000000,50333333334,94.97,-13000000000,-42333333334,325.6410256461538,,0,90616748644,,885721181906,738090341735,83.33213169258181,885721181906,647473593091,73.10128811616421,,19 Desember
6,Kab. Teluk Bintuni,90026726126,27284717971,30.31,12701101703,14229026750,112.03,5046071576,7229686736,143.27,1752766970,251646831,14.36,109526666375,48995078288,44.73,1641518679000,945552120800,57.6,477151621000,376104010411,78.82,101184533000,76383892213,75.49,0,0,0,2219854833000,1398040023424,62.98,7533563000,3766781500,50,573938856577,493197264324,85.93,0,0,0,109819256000,106649626454,97.11,691291675577,603613672278,87.32,2911146508577,2001653695702,68.76,0,0,0,0,0,0,0,0,0,2911146508577,2001653695702,68.76,0,0,0,0,0,0,0,0,0,0,0,0,3020673174952,2050648773990,67.89,,534463606302.42,452256327401,84.62,1500675321156.19,832893176767.6,55.5,0,0,0,13744860986,7698253600,56.01,147075425253.8,92983555643.33,63.22,63392966292,41159028392,64.93,2259352179990.41,1426990341803.93,63.16,17813986577.7,2720000000,15.27,86946442953,46626005850,53.63,171541539526.4,61541561215.63,35.88,297334331131.91,124803534484,41.97,4090834220,0,0,526894600,499500000,94.8,578254029009.01,236190601549.63,40.84547442832427,25100000000,23760555000,94.66,0,0,0,298779501300,188959372000,63.24,298779501300,188959372000,63.243753730704825,3161485710299.42,1875900870353.56,59.33605406604529,,147812535347.42,0,0,7000000000,0,0,140812535347.42,0,0,,0,174747903636.43994,,3168485710299.42,2050648773990,64.7201521952332,3168485710299.42,1875900870353.56,59.20496545891913,,19 Desember
7,Kab. Teluk Wondama,8730000000,2744210911,31.43,19305000000,618202997,3.2,4800000000,3012250940,62.76,21770067223,7410376521.38,34.04,54605067223,13785041369.38,25.24,128438573000,111401994800,86.74,442048718000,413420417909,93.52,68142995000,55412539807,81.32,0,0,0,638630286000,580234952516,90.86,7465202000,7465202000,100,226681779766,226681779766,100,0,0,0,62961412000,55437256762,88.05,297108393766,289584238528,97.47,935738679766,869819191044,92.96,15862045166,5478734378,34.54,0,0,0,15862045166,5478734378,34.54,951600724932,875297925422,91.98,0,0,0,0,0,0,4000000000,2530309040,63.26,4000000000,2530309040,63.26,1010205792155,891613275831.38,88.26,,285113883640.66,268491637347.88,94.17,353363401431.61,252119847693.63,71.35,0,0,0,16500000000,16388019479,99.32,50643395234.1,45375768307,89.6,4358300000,2902371000,66.59,709978980306.37,585277643827.51,82.44,8320000000,4978500000,59.84,39826653875,33796972536,84.86,53436365433,36494889085.8,68.3,84873840824.09,66004252540.21,77.77,2217815000,7289460,0.33,0,0,0,188674675132.09,141281903622.01,74.881222677659,2093950000,1031845000,49.28,0,0,0,126820473600,110677993862,87.27,126820473600,110677993862,87.2713929543313,1027568079038.46,838269386311.52,81.577990150874,,18862286883.46,5980598883.46,31.71,1500000000,1500000000,100,17362286883.46,4480598883.46,25.806501836623813,,3.814697265625e-05,57824488403.319984,,1029068079038.46,897593874714.84,87.22395466328459,1029068079038.46,839769386311.52,81.60484261606707,,19 Desember
XXXV,Prov. Papua Barat Daya,207922772277,169729837684,81.63,1000000000,2262935600,226.29,0,0,0,73620383185.32,86143653216.4,117.01,282543155462.32,258136426500.4,91.36,83946237000,43924933800,52.33,485045646000,482561144190,99.49,0,0,0,9739824000,3489305803,35.83,578731707000,529975383793,91.58,0,0,0,693678915000,693678915000,100,0,0,0,0,0,0,693678915000,693678915000,100,1272410622000,1223654298793,96.17,0,0,0,0,0,0,0,0,0,1272410622000,1223654298793,96.17,498392000,549420000,110.24,0,0,0,0,75000000,0,498392000,624420000,125.29,1555452169462.32,1482415145293.4,95.3,,325785460535.5,268801682806.05,82.51,807218714631.82,594556190726.11,73.65,0,0,0,0,0,0,312422842251.18,245372107248.9,78.54,0,0,0,1445427017418.5,1108729980781.06,76.71,8096265300,7691452035,95,34359025970,26625614596.5,77.49,48020958962,40518998713.9,84.38,171270112696,132404000946.8,77.31,1511760000,1511760000,100,624375000,270845000,43.38,263882497928,209022671292.2,79.21050957658873,54579547352.59,10915909470.52,20,173665947657,93928151999.33,54.09,173980815306,144272203297,82.92,347646762963,238200355296.33002,68.51792700905477,2111535825662.09,1566868916840.11,74.20517794666377,,554773656199.77,554773656199.77,100,0,0,0,554773656199.77,554773656199.77,100,,-1310000000,470319884653.0598,,2110225825662.09,2037188801493.17,96.5389000892355,2111535825662.09,1566868916840.11,74.20517794666377,,19 Desember
1,Kab. Maybrat,767666258,513530696,66.9,111195000,78495000,70.59,2258781803,2239738603,99.16,11950063373,12592775328,105.38,15087706434,15424539627,102.23,0,0,0,0,0,0,0,0,0,0,0,0,0,0,0,0,0,0,0,0,0,0,0,0,0,0,0,0,0,0,893360500040,741812233107,83.04,0,0,0,0,0,0,9288870686,8504679025.5,91.56,902649370726,750316912132.5,83.12,0,0,0,0,0,0,0,0,0,0,0,0,917737077160,765741451759.5,83.44,,218520527146,170023416095,77.81,316217648603,192496718183,60.87,0,0,0,0,0,0,43025392376,21900992376,50.9,6327118925,4018000000,63.5,584090687050,388439126654,66.5,2800000000,1871000000,66.82,20114522800,9621026670,47.83,61217350035,27949987750,45.66,98827550283,41552083424,42.05,384512000,78330000,20.37,0,0,0,183343935118,81072427844,44.21876719937415,7246840000,5003930000,69.05,0,0,0,227782622826,161507122856,70.9,227782622826,161507122856,70.90405793569822,1002464084994,636022607354,63.445924584700386,,85727007834,0,0,1000000000,1000000000,100,84727007834,-1000000000,-1.180261200725079,,0,128718844405.5,,1003464084994,765741451759.5,76.30980153754867,1003464084994,637022607354,63.482352470822015,,19 Desember
2,Kab. Raja Ampat,27256524000,9131347548.54,33.5,38279651000,16643435660,43.48,6651011060,6651011060,100,12650000000,9533048860,75.36,84837186060,41958843128.54,49.46,156120183893,114187045000,73.14,684823658854,610854275598,89.2,303476632000,230460986302,75.94,0,0,0,1144420474747,955502306900,83.49,0,0,0,280865000540,269766347000,96.05,0,0,0,94008482000,78515557766,83.52,374873482540,348281904766,92.91,1519293957287,1303784211666,85.82,9159384673,8466270589.89,92.43,964625000,0,0,10124009673,8466270589.89,83.63,1529417966960,1312250482255.89,85.8,0,0,0,0,0,0,0,0,0,0,0,0,1614255153020,1354209325384.43,83.89,,540052733782,452393956660.51,83.77,540700582059,491798145770,90.96,0,0,0,0,0,0,39668704990,8172695945,20.6,48327710701,28363073212.15,58.69,1168749731532,980727871587.66,83.91,6808911880,3596414500,52.82,51241115618,46749284886,91.23,204683117890,143271402191.54,70,119241084904,104893154312,87.97,74815500,74700000,99.85,6000000,0,0,382055045792,298584955889.54004,78.15233934957553,6501246385,6181395000,95.08,0,0,0,202743879236,186124340834,91.8,202743879236,186124340834,91.8026929026773,1760049902945,1471618563311.2002,83.61232035800901,,147794749925,123843796674.98,83.79,2000000000,0,0,145794749925,123843796674.98,84.94393435887639,,0,6434558748.209732,,1762049902945,1478053122059.41,83.88259149693023,1762049902945,1471618563311.2002,83.51741689333613,,19 Desember
3,Kab. Sorong,21280000000,43034850856,202.23,2611808000,4130818697,158.16,3000000000,0,0,113410316097,11879796269.61,10.48,140302124097,59045465822.61,42.08,190048502000,140674683688,74.02,554340996000,463467795650,83.61,206662469000,17204815512,8.33,0,0,0,951051967000,621347294850,65.33,2814358500,0,0,288088043450,217746849620,75.58,0,0,0,171596265000,133827870758,77.99,462498666950,351574720378,76.02,1413550633950,972922015228,68.83,10751847314,20833135071.9,193.76,3872400000,500000000,12.91,14624247314,21333135071.9,145.88,1428174881264,994255150299.9,69.62,0,0,0,0,0,0,0,0,0,0,0,0,1568477005361,1053300616122.51,67.15,,553664085417,402340488408,72.67,514298082893,262890948662,51.12,0,0,0,0,0,0,27757413762,22958820794,82.71,15842169540,8159133180,51.5,1111561751612,696349391044,62.65,3629353000,2602416350,71.7,51262898086,15754208371,30.73,123296785000,58875118084,47.75,112388067794,60012578262,53.4,127932000,12210000,9.54,270000000,260920000,96.64,290975035880,137517451067,47.2609104252205,3739540308,520323000,13.91,0,0,0,250296275600,250779264715,100.19,250296275600,250779264715,100.19296696039213,1656572603400,1085166429826,65.50672319455069,,89005598039,89005680039.42,100,910000000,910000000,100,88095598039,88095680039.42,100.00009308117752,,0,56229866335.93001,,1657482603400,1142306296161.93,68.91814694276205,1657482603400,1086076429826,65.52566087861963,,19 Desember
4,Kab. Sorong Selatan,11942500000,3461559572,28.99,1372873900,4396985888,320.28,4500000000,5752131321,127.83,4007000000,3858659198,96.3,21822373900,17469335979,80.05,0,0,0,0,0,0,0,0,0,0,0,0,0,0,0,0,0,0,0,0,0,0,0,0,0,0,0,0,0,0,889020430273,575919288959,64.78,3687657000,4619908907.67,125.28,0,1802250000,0,3687657000,6422158907.67,174.15,892708087273,582341447866.67,65.23,0,0,0,0,0,0,8788400,0,0,8788400,0,0,914539249573,599810783845.67,65.59,,375162154653,262951992695,70.09,214778936439,86059893888,40.07,0,0,0,0,0,0,44541132354,11406780000,25.61,10251777670,12497000000,121.9,644734001116,372915666583,57.84,5050000000,5560000000,110.1,24930908148,3641228264,14.61,26928459359,3553871624,13.2,57019221350,20810943500,36.5,276989000,0,0,200000000,0,0,114405577857,33566043388,29.339516496263414,7070604200,650000000,9.19,0,0,0,148329066400,59006357330.67,39.78,148329066400,59006357330.67,39.78071106545439,914539249573,466138067301.67,50.96971699348176,,0,0,0,0,1255000000,0,0,-1255000000,0,,0,132417716544.00006,,914539249573,599810783845.67,65.5861171760231,914539249573,467393067301.67,51.1069445646971,,03 Oktober
5,Kab. Tambrauw,5313696400,1847774663,34.77,433439000,123300000,28.45,2244313895,2244313895,100,12847486051,16866013846.51,131.28,20838935346,21081402404.51,101.16,0,0,0,0,0,0,0,0,0,0,0,0,0,0,0,0,0,0,0,0,0,0,0,0,0,0,0,0,0,0,972873861540,843992330912,86.75,34000000000,37498317375.06,110.29,7151625000,6651625000,93.01,4292040540,6790028362.58,158.2,977165902080,850782359274.58,87.07,3477850000,2342396783.89,67.35,0,0,0,2002729706,178887,0.01,5480579706,2342575670.89,42.74,1003485417132,874206337349.98,87.12,,217167923018.2,178926277269,82.39,428393921797.23,309851588380.2,72.33,0,0,0,1954168000,1193903088,61.1,32840978574,19823423735,60.36,14854366500,14703866500,98.99,695211357889.43,524499058972.2,75.44,2500000000,0,0,17580390563.57,10453575025,59.46,71587149744.49,49711386327.8,69.44,50820166211,20433374968.6,40.21,1157395014,0,0,0,0,0,143645101533.06,80598336321.4,56.1093524674423,7765285383.41,6733800000,86.72,0,0,0,217024573500,137164602875,63.2,217024573500,137164602875,63.20233725744426,1063646318305.9,748995798168.6,70.41774932870045,,62160901173.9,31245888921.5,50.27,2000000000,0,0,60160901173.9,31245888921.5,51.93720225563312,,0,156456428102.88,,1065646318305.9,905452226271.48,84.9674240615698,1065646318305.9,748995798168.6,70.28558962783337,,19 Desember
6,Kota Sorong,127516695692,102231980022,80.17,13365000000,5504128137,41.18,1500000000,1815600522,121.04,57650000000,44451752982,77.11,200031695692,154003461663,76.99,29188257000,22049793000,75.54,622186263000,547438283971,87.99,187085976000,95712287041,51.16,0,0,0,838460496000,665200364012,79.34,0,0,0,158172376540,110305292250,69.74,0,0,0,0,0,0,158172376540,110305292250,69.74,996632872540,775505656262,77.81,34000000000,37498317375.06,110.29,7151625000,6651625000,93.01,41151625000,44149942375.06,107.29,1037784497540,819655598637.06,78.98,0,0,0,0,0,0,15000000000,10041391846,66.94,15000000000,10041391846,66.94,1252816193232,983700452146.06,78.52,,541024230396.2,450825324796,83.33,454640969879.8,353471053431.46,77.75,0,0,0,0,0,0,68769382784,32332643243,47.02,1855000000,1855000000,100,1066289583060,838484021470.46,78.64,9662000000,7350000000,76.07,58141091027,26579754425,45.72,120656645115,60700530461,50.31,85981925250.16,40280887962,46.85,0,0,0,0,0,0,274441661392.16,134911172848,49.158415731648105,2727976606.5,0,0,0,0,0,3000000000,0,0,3000000000,0,0,1346459221058.66,973395194318.46,72.29295763989965,,95038027826.66,102481048499.43,107.83,1395000000,0,0,93643027826.66,102481048499.43,109.43799114348354,,0,112786306327.03009,,1347854221058.66,1086181500645.49,80.58597759870192,1347854221058.66,973395194318.46,72.21813599054619,,19 Desember
XXXVI,Prov. Papua Tengah,518420666514,416813745490.9,80.4,0,0,0,0,0,0,7100000000,29578171311.2,416.59,525520666514,446391916802.1,84.94,0,0,0,0,0,0,0,0,0,0,0,0,0,0,0,0,0,0,0,0,0,0,0,0,0,0,0,0,0,0,2378527030000,1974355402080,83.01,0,0,0,0,0,0,0,0,0,2378527030000,1974355402080,83.01,1075000000,1012758869,94.21,0,0,0,1161327267089,1161327267089,100,1162402267089,1162340025958,99.99,4066449963603,3583087344840.1,88.11,,417556396737,362113635044,86.72,2173798238037.72,1013064928347.57,46.6,0,0,0,0,0,0,491888241038,309341800000,62.89,27960000251,5800000000,20.74,3111202876063.72,1690320363391.57,54.33,20025000000,2052632000,10.25,88933941282,21870131357,24.59,151338175576,63747428183,42.12,482727677430.28,162666314861.58,33.7,129797000,129315000,99.63,4620000000,1092604750,23.65,747774591288.28,251558426151.58,33.64094328455189,133791448544,36862755600,27.55,267926253568,225101388639,84.02,551125000000,516125000000,93.65,819051253568,741226388639,90.49816912067777,4811820169464,2719967933782.1504,56.52679938130635,,745370205861,0,0,0,0,0,745370205861,0,0,,0,863119411057.9497,,4811820169464,3583087344840.1,74.46428209388442,4811820169464,2719967933782.1504,56.52679938130635,,05 Desember
1,Kab. Deiyai,4113124414,5325309533,129.47,0,0,0,1141989361,1141989361,100,5196922626,7267848897,139.85,10452036401,13735147791,131.41,0,0,0,0,0,0,0,0,0,0,0,0,0,0,0,0,0,0,0,0,0,0,0,0,0,0,0,0,0,0,964954468000,810443644172,83.99,0,0,0,0,0,0,86594520165,84847142580,97.98,1051548988165,895290786752,85.14,221205193731,221205193731,100,0,0,0,5000000000,0,0,226205193731,221205193731,97.79,1288206218297,1130231128274,87.74,,283602787732,231087503974.8,81.48,440385570658,381598728389,86.65,0,0,0,0,0,0,87921491552,86703568163,98.61,18470000000,18470000000,100,830379849942,717859800526.8,86.45,5260000000,5260000000,100,30914583313,26799848888,86.69,94125501713,68989123031.6,73.29,198074647175,128958744851,65.11,3504659034,1797640000,51.29,1371215000,1352320368,98.62,333250606235,233157677138.6,69.964667063256,5000000000,4218435000,84.37,0,0,0,130443988100,97266543430,74.57,130443988100,97266543430,74.56575411925787,1299074444277,1052502456095.4,81.01941045273739,,11368225980,0,0,500000000,500000000,100,10868225980,-500000000,-4.600566835103662,,0,77228672178.59998,,1299574444277,1130231128274,86.96932547814052,1299574444277,1053002456095.4,81.02671307000216,,19 Desember
2,Kab. Dogiyai,2801000000,231647132,8.27,10000000,0,0,2301355313,2681927469,116.54,11225000000,16759790988.5,149.31,16337355313,19673365589.5,120.42,0,0,0,0,0,0,0,0,0,0,0,0,0,0,0,0,0,0,0,0,0,0,0,0,0,0,0,0,0,0,1050197597000,824108234016,78.47,0,0,0,0,0,0,67898401629,63427598057,93.42,1118095998629,887535832073,79.38,0,0,0,0,0,0,221205193731,221205193731,100,221205193731,221205193731,100,1355638547673,1128414391393.5,83.24,,329666717255,210289292768,63.79,532645650664,281189564861,52.79,0,0,0,4120000000,3000000000,72.82,87769436998,30693512000,34.97,12865000000,8165000000,63.47,967066804917,533337369629,55.15,10000000000,0,0,40395733881,22282894240,55.16,111205163431,49601977658,44.6,36450766460,7369902025,20.22,4869600000,2828020000,58.07,930000000,925026000,99.47,203851263772,83007819923,40.719796574742425,30701019738,5938275000,19.34,0,0,0,155436877000,84024884640,54.06,155436877000,84024884640,54.057239351251255,1357055965427,706308349192,52.04710543899779,,1997417754,0,0,580000000,580000000,100,1417417754,-580000000,-40.91948180860729,,0,421526042201.5,,1357635965427,1128414391393.5,83.11612391902082,1357635965427,706888349192,52.06759154834789,,05 Desember
3,Kab. Intan Jaya,12686297190,5806217358.3,45.77,0,0,0,1266510905,1266510905,100,3203729282,8105854461.11,253.01,17156537377,15178582724.41,88.47,0,0,0,0,0,0,0,0,0,0,0,0,0,0,0,0,0,0,0,0,0,0,0,0,0,0,0,0,0,0,1186354257000,935806560225,78.88,0,0,0,0,0,0,50356002668,49951845670,99.2,1236710259668,985758405895,79.71,221205193731,221205193731,100,0,0,0,5578674240,0,0,226783867971,221205193731,97.54,1480650665016,1222142182350.41,82.54,,374357134078.17,299590676665,80.03,495583499601.82,311858485937.42,62.93,0,0,0,5343517000,5297400000,99.14,114682420000,77170000000,67.29,23415500000,13075709664,55.84,1013382070679.99,706992272266.42,69.77,25350000000,19424538664,76.63,31401784483.49,10839022975,34.52,188204213674.03,66000430351.79,35.07,137438131440.82,68347550690.75,49.73,2068423600,190187776,9.19,765000000,0,0,385227553198.34,164801730457.54,42.780359060321274,29306125298.1,26395250000,90.07,0,0,0,182598149500,97188440050,53.23,182598149500,97188440050,53.22531488743264,1610513898676.4302,995377692773.9601,61.80497377836925,,131863233660.43,0,0,2000000000,0,0,129863233660.43,0,0,,-0.00018310546875,226764489576.44983,,1612513898676.43,1222142182350.41,75.79110997762923,1612513898676.4302,995377692773.9601,61.728317107280596,,05 Desember
4,Kab. Mimika,342089600000,168622620617,49.29,18903177500,9015012102,47.69,8215500000,0,0,124919300000,24588969732.86,19.68,494127577500,202226602451.86,40.93,2390516350800,1644851107700,68.81,683313559000,388039003076,56.79,242159725000,33548573150,13.85,0,0,0,3315989634800,2066438683926,62.32,0,0,0,223013841000,0,0,0,0,0,130178674000,69217244356,53.17,353192515000,69217244356,19.6,3669182149800,2135655928282,58.21,126988280700,87268725814,68.72,80000000000,0,0,206988280700,87268725814,42.16,3876170430500,2222924654096,57.35,0,0,0,0,0,0,1780179992000,1767055445150,99.26,1780179992000,1767055445150,99.26,6150478000000,4192206701697.86,68.16,,1586604165094.06,1202260945339,75.78,2710369540458.54,1546452715792.87,57.06,0,0,0,0,0,0,270685354722,221426218902,81.8,3000000000,2000000000,66.67,4570659060274.6,2972139880033.87,65.03,90916670468,57162089963,62.87,223968652901,120074497386,53.61,778300551283,237260008782.48,30.48,659708179022,121535506312.56,18.42,430003300,148513300,34.54,9882183484,2005123000,20.29,1763206240458,538185738744.04,30.523130328999066,40379009318,16690979000,41.34,0,0,0,429027031000,190184477706,44.33,429027031000,190184477706,44.32925292905379,6803271341050.6,3717201075483.91,54.63843626307398,,661277699968.6,661277699968.6,100,8484358918,0,0,652793341050.6,661277699968.6,101.29970059197377,,0,1136283326182.5498,,6811755699968.6,4853484401666.46,71.25159232720037,6811755699968.6,3717201075483.91,54.570381546435165,,12 Desember
5,Kab. Nabire,76900000000,66739146499.54,86.79,7570463000,6111993976,80.73,3554878767,3589878767,100.98,65029537000,72618138890.69,111.67,153054878767,149059158133.23,97.39,147920691000,145043516050,98.05,711390408000,688363516170,96.76,86827200000,67145674285,77.33,177554911000,115536579316,65.07,1123693210000,1016089285821,90.42,14235394000,14235394000,100,213795468000,160346601000,75,0,0,0,73752753000,52205728200,70.78,301783615000,226787723200,75.15,1425476825000,1242877009021,87.19,35658815263,30489673973,85.5,50000000000,50000000000,100,85658815263,80489673973,93.97,1511135640263,1323366682994,87.57,221205193731,221205193731,100,0,0,0,11670450413,6777930766,58.08,232875644144,227983124497,97.9,1897066163174,1700408965624.23,89.63,,662295200728,599193691741.8,90.47,604830930398,491062865191.7,81.19,8000000000,4733093376,59.16,0,0,0,91362506939,63722348170,69.75,101600000000,91545000000,90.1,1468088638065,1250256998479.5,85.16,6500000000,6500000000,100,77854062487,54715181915,70.28,110866238038,67109511756,60.53,95930643062,37330910758,38.91,4555174800,389800000,8.56,3000000000,2950000000,98.33,298706118387,168995404429,56.57580947506794,78886942313,71800000000,91.02,0,0,0,167975484300,145787054925,86.79,167975484300,145787054925,86.79067396801071,2013657183065,1636839457833.5,81.28689786918231,,148791019891,157969293980.41,106.17,32200000000,32000000000,99.38,116591019891,125969293980.41,108.04373621414211,,0,189538801771.13998,,2045857183065,1858378259604.64,90.83616759702217,2045857183065,1668839457833.5,81.57164985159565,,19 Desember
6,Kab. Paniai,7570164050,12188006066,161,249640000,160932000,64.47,2061107915,2061107915,100,19149166862.45,19214330724.45,100.34,29030078827.45,33624376705.45,115.83,0,0,0,0,0,0,0,0,0,0,0,0,0,0,0,0,0,0,0,0,0,0,0,0,0,0,0,0,0,0,1458583929000,1345230346973,92.23,0,0,0,0,0,0,124967323101,114963117277,91.99,1583551252101,1460193464250,92.21,0,0,0,0,0,0,230205193731,225496910526,97.95,230205193731,225496910526,97.95,1842786524659.45,1719314751481.45,93.3,,443086741887.57,324770716872,73.3,673100660478,549935825403,81.7,0,0,0,0,0,0,267968265647,209822872800,78.3,43646292353,31110992000,71.28,1427801960365.57,1115640407075,78.14,10000000000,0,0,57966989514,28447762989,49.08,108792968032,58857783983,54.1,84715222334,41703468180,49.23,592918800,543156971,91.61,0,0,0,262068098680,129552172123,49.43454498107018,119729620000,8540800000,7.13,0,0,0,257519732100,227795263550,88.46,257519732100,227795263550,88.45740157167552,2067119411145.57,1481528642748,71.67116881394658,,224777886486.12,0,0,445000000,0,0,224332886486.12,0,0,,0,237786108733.44995,,2067564411145.5698,1719314751481.45,83.15652669455815,2067564411145.57,1481528642748,71.65574309373672,,19 Desember
7,Kab. Puncak,1760000000,693290655,39.39,30000000,114526928,381.76,1500000000,1885704852,125.71,19160000000,21451038219.74,111.96,22450000000,24144560654.74,107.55,201172602000,202675575941,100.75,776286866000,750880542818,96.73,48052010000,15476542998,32.21,0,0,0,1025511478000,969032661757,94.49,6963420000,6963420000,100,292612833000,292612833000,100,0,0,0,185746586000,154743813800,83.31,485322839000,454320066800,93.61,1510834317000,1423352728557,94.21,15328182658,15848145864,103.39,51000000000,50000000000,98.04,66328182658,65848145864,99.28,1577162499658,1489200874421,94.42,0,0,0,0,0,0,233060810227,222705193731,95.56,233060810227,222705193731,95.56,1832673309885,1736050628806.74,94.73,,402208498123.6,365939694733,90.98,925976050077.45,841811483784.67,90.91,0,0,0,4006800000,0,0,41767463310,29217134310,69.95,20465910000,20454333950,99.94,1394424721511.05,1257422646777.67,90.18,13411515787,6161599800,45.94,36994426842,25768582919,69.66,137449339680,92088960815.26,67,148425910481,58716139710.13,39.56,574064400,574064400,100,0,0,0,336855257190,183309347644.38998,54.417837849268324,30000000000,29900000000,99.67,0,0,0,286890013600,253643813800,88.41,286890013600,253643813800,88.41151722821766,2048169992301.05,1724275808222.0598,84.1861669052623,,216496682416.05,0,0,1000000000,0,0,215496682416.05,0,0,,0,11774820584.680176,,2049169992301.05,1736050628806.74,84.71969799134611,2049169992301.05,1724275808222.0598,84.14508384859957,,19 Desember
8,Kab. Puncak Jaya,1455000004,547078896,37.6,795000000,428527489.61,53.9,8000000000,6006620195,75.08,8115000000,4500178590,55.46,18365000004,11482405170.61,62.52,135759926000,109527097399,80.68,753297095000,701566632298,93.13,223704000,0,0,45339313000,13049787080,28.78,934620038000,824143516777,88.18,13968710000,6984355000,50,234613386000,234613386000,100,0,0,0,275517473000,154326575600,56.01,524099569000,395924316600,75.54,1458719607000,1220067833377,83.64,20075619835,15292582002,76.17,50000000000,50000000000,100,70075619835,65292582002,93.17,1528795226835,1285360415379,84.08,221205193731,221205193731,100,0,0,0,17550000000,0,0,238755193731,221205193731,92.65,1785915420570,1518048014280.61,85,,380440215740,306412024962,80.54,529678634824,308451229925,58.23,0,0,0,0,0,0,32193981000,14816300000,46.02,161446942285,132990917200,82.37,1103759773849,762670472087,69.1,840368550,150000000,17.85,20674690286,10962916447,53.03,167731476258,74525783582,44.43,111254406417,64868276931,58.31,528653297,560062143,105.94,0,0,0,301029594808,151067039103,50.183450965793654,70000000000,61909061535,88.44,0,0,0,364229493800,243038596400,66.73,364229493800,243038596400,66.7267754361083,1839018862457,1218685169125,66.26822562857184,,53103441887,0,0,0,0,0,53103441887,0,0,,0,299362845155.6101,,1839018862457,1518048014280.61,82.54662555513104,1839018862457,1218685169125,66.26822562857184,,12 Desember
XXXVII,Prov. Papua Pegunungan,167334249968,108733300674,64.98,0,0,0,0,0,0,2534789929,20454507656.03,806.95,169869039897,129187808330.03,76.05,0,0,0,0,0,0,0,0,0,0,0,0,0,0,0,0,0,0,0,0,0,0,0,0,0,0,0,0,0,0,1622680780000,1331275370550,82.04,0,0,0,0,0,0,0,0,0,1622680780000,1331275370550,82.04,45084780000,13500000000,29.94,0,0,0,0,0,0,45084780000,13500000000,29.94,1837634599897,1473963178880.03,80.21,,402919887078.98,202612469250.52,50.29,800518549039.9,905707647447.7,113.14,0,0,0,0,0,0,166200000000,102024521976.76,61.39,20950000000,36996750000,176.6,1390588436118.88,1247341388674.98,89.7,12000000000,2500000000,20.83,35136713882,11095810000,31.58,91925857243,16017463200,17.42,284161691395,229115743518.3,80.63,0,0,0,0,0,0,423224262520,258729016718.3,61.13284129264055,14189334024,14681729000,103.47,72982744194,82062972249,112.44,35260540463,14450000000,40.98,108243284657,96512972249,89.16301140974161,1936245317319.88,1617265106642.28,83.5258369471939,,0,0,0,0,0,0,0,0,0,,-98610717422.87988,-143301927762.25,,1837634599897,1473963178880.03,80.20980770402593,1936245317319.88,1617265106642.28,83.5258369471939,,19 Desember
1,Kab. Jayawijaya,20685334550,23098153501,111.66,20292846663,12423556692,61.22,4273559900,4273559900,100,29040698433.24,48633060830.66,167.47,74292439546.24,88428330923.66,119.03,8063359000,8612388000,106.81,738835831000,691842003615,93.64,187910595000,163237253995,86.87,0,0,0,934809785000,863691645610,92.39,0,0,0,244803777000,244803777000,100,0,0,0,260162060000,197637977200,75.97,504965837000,442441754200,87.62,1439775622000,1306133399810,90.72,22611371556,11217306716,49.61,0,0,0,22611371556,11217306716,49.61,1462386993556,1317350706526,90.08,0,0,0,0,0,0,15146131179,9878246750,65.22,15146131179,9878246750,65.22,1551825564281.24,1415657284199.66,91.23,,407010678461.24,395515525456,97.18,529967204064,438672878517.38,82.77,0,0,0,0,0,0,145827093293,133419204610,91.49,12340250000,12192098000,98.8,1095145225818.24,979799706583.38,89.47,1733825023,1733825023,100,36903935516,33337115801,90.33,63268977048,58214818196,92.01,69400087299,44573070406.75,64.23,1527824195,376744000,24.66,7000000,7000000,100,172841649081,138242573426.75,79.98221155710242,16060538940.04,13284513349,82.72,2026118976,2026118976,100,336747386900,326931301200,97.09,338773505876,328957420176,97.10246358415262,1622820919715.28,1460284213535.13,89.98431039398562,,71645355434.04,71645355434.04,100,0,0,0,71645355434.04,71645355434.04,100,,649999999.9999542,27018426098.570023,,1623470919715.28,1487302639633.7,91.61252114663927,1622820919715.28,1460284213535.13,89.98431039398562,,19 Desember
2,Kab. Lanny Jaya,4000000000,1907295582,47.68,20000000,0,0,1219205723,1219205723,100,9737940734,9558634424,98.16,14977146457,12685135729,84.7,4567025000,3091304000,67.69,655264165000,625534914707,95.46,122170241000,104153501089,85.25,0,0,0,782001431000,732779719796,93.71,0,0,0,202842227000,152131670250,75,0,0,0,304670202000,155191283592,50.94,507512429000,307322953842,60.55,1289513860000,1040102673638,80.66,13173233241,10792069346,81.92,0,0,0,13173233241,10792069346,81.92,1302687093241,1050894742984,80.67,0,0,0,0,0,0,8000000000,8000000000,100,8000000000,8000000000,100,1325664239698,1071579878713,80.83,,312010103186,294805023570,94.49,427799127458,391662937121.2,91.55,6000000000,5284318639,88.07,0,0,0,34345494265,33345494265,97.09,72159557378,69024680600,95.66,852314282287,794122454195.2,93.17,5250000000,5200000000,99.05,25533571125,20784275200,81.4,40203160667,38991377600,96.99,30003806786,25440183000,84.79,211086600,211086600,100,1125000000,1124700000,99.97,102326625178,91751622400,89.66544361293603,9000000000,9000000000,100,0,0,0,374170202000,191191283592,51.1,374170202000,191191283592,51.097410368343546,1337811109465,1086065360187.2,81.1822650076157,,12146869767,12146869767,100,0,0,0,12146869767,12146869767,100,,0,-2338611707.199951,,1337811109465,1083726748480,81.00745619562016,1337811109465,1086065360187.2,81.1822650076157,,12 Desember
3,Kab. Mamberamo Tengah,500000000,114219222,22.84,69000000,0,0,390017942,505238852,129.54,15436106311,16646621454,107.84,16395124253,17266079528,105.31,0,0,0,0,0,0,0,0,0,0,0,0,0,0,0,0,0,0,0,0,0,0,0,0,0,0,0,0,0,0,853287011000,807601540721,94.65,0,0,0,0,0,0,5389142677,3856623013,71.56,858676153677,811458163734,94.5,0,0,0,0,0,0,0,0,0,0,0,0,875071277930,828724243262,94.7,,255921720857.85,227752047116,88.99,351115943449.96,350119478162,99.72,0,0,0,0,0,0,28079436110,16075854783,57.25,49316029608,48157433250,97.65,684433130025.81,642104813311,93.82,690000000,690000000,100,27433720548,26776242969,97.6,51315703814.19,50051798901,97.54,31501447578,31257506110,99.23,1327688581,1324580000,99.77,718048000,200000000,27.85,112986608521.19,110300127980,97.62230181403652,19800000000,19775000000,99.87,0,0,0,113577773300,99170442500,87.32,113577773300,99170442500,87.31500857835536,930797511847,871350383791,93.61331253045167,,55726233917,55726233917,100,0,0,0,55726233917,55726233917,100,,0,13100093388,,930797511847,884450477179,95.02071781691458,930797511847,871350383791,93.61331253045167,,19 Desember
4,Kab. Nduga,70000000,318655491,455.22,100000000,193063000,193.06,1400000000,1625445070,116.1,31686948340,31180846916,98.4,33256948340,33318010477,100.18,0,0,0,0,0,0,0,0,0,0,0,0,0,0,0,0,0,0,0,0,0,0,0,0,0,0,0,0,0,0,1077014812000,807932819114,75.02,0,0,0,0,0,0,8518709017,5033857407,59.09,1085533521017,812966676521,74.89,0,0,0,0,0,0,0,0,0,0,0,0,1118790469357,846284686998,75.64,,217078110020.65,145778912826,67.16,397454639265,335522815673,84.42,3540057478,1954923772,55.22,9694667800,5693777400,58.73,5258383011,4559000017,86.7,38483808486,32542859150,84.56,671509666060.65,526052288838,78.34,0,0,0,24730246708,10011131752,40.48,44530499591,14504266600,32.57,23080062397,15457296250,66.97,0,0,0,0,0,0,92340808696,39972694602,43.28822236503927,47500000000,47382965000,99.75,0,0,0,288461885800,153610604400,53.25,288461885800,153610604400,53.251612071378894,1099812360556.65,767018552840,69.74085583578889,,15845193628.65,0,0,34823302429,449309468,1.29,-18978108800.35,-449309468,2.367514449025151,,9.918212890625e-05,78816824690,,1134635662985.65,846284686998,74.58646987801434,1134635662985.65,767467862308,67.64002642826382,,2025-11-28 00:00:00
5,Kab. Pegunungan Bintang,100000000,10501000,10.5,1250000000,1310404000,104.83,6068718407,6068718407,100,5600000000,5945903524,106.18,13018718407,13335526931,102.43,7097669000,4023767000,56.69,745433169120,729237936374,97.83,148524961625,136702430155,92.04,0,0,0,901055799745,869964133529,96.55,0,0,0,267115455000,267115455000,100,0,0,0,237691526000,160723901744,67.62,504806981000,427839356744,84.75,1405862780745,1297803490273,92.31,5995744910,1260068693,21.02,0,0,0,5995744910,1260068693,21.02,1411858525655,1299063558966,92.01,0,0,0,0,0,0,0,0,0,0,0,0,1424877244062,1312399085897,92.11,,411505819774.49,304738812863,74.05,491869335963,444485511954,90.37,0,0,0,0,0,0,59255773280,57160796396,96.46,132000000,132000000,100,962762929017.49,806517121213,83.77,0,0,0,20690702970,12120585920,58.58,100492030330,82849049829.6,82.44,28874208800,19596114094,67.87,2251580000,1199770000,53.29,5074200000,3864705000,76.16,157382722100,119630224843.6,76.01229871191813,9500000000,9452500000,99.5,0,0,0,319771868200,242804243944,75.93,319771868200,242804243944,75.9304579576522,1449417519317.49,1178404090000.6,81.30190744179039,,27260275255.49,27260275255.49,100,2720000000,2720000000,100,24540275255.49,24540275255.49,100,,0,158535271151.8899,,1452137519317.49,1339659361152.49,92.25430397130259,1452137519317.49,1181124090000.6,81.33693085457449,,12 Desember
6,Kab. Tolikara,2744466578,1611814244,58.73,1588230000,957920525,60.31,3721503549,3721503549,100,10021177575,10263233882,102.42,18075377702,16554472200,91.59,5390392446,4265615946,79.13,724767499000,714411616391,98.57,21335722000,21251034000,99.6,93329002209,90613384249,97.09,844822615655,830541650586,98.31,0,0,0,285121688000,285121699000,100,0,0,0,421499494000,249351829600,59.16,706621182000,534473528600,75.64,1551443797655,1365015179186,87.98,12345454937,9404541415,76.18,0,0,0,12345454937,9404541415,76.18,1563789252592,1374419720601,87.89,0,0,0,0,0,0,12408187191,0,0,12408187191,0,0,1594272817485,1390974192801,87.25,,342244739861,315139992025,92.08,523002159705,424482196272,81.16,0,0,0,9800000000,9800000000,100,60220631729,51411802680,85.37,6111766000,936190000,15.32,941379297295,801770180977,85.17,9531668800,7620000000,79.94,26695721457,18957164613,71.01,123619419488,88826040500,71.85,66381606244,34109483367,51.38,245460000,72900000,29.7,0,0,0,226473875989,149585588480,66.0498204602042,0,0,0,0,0,0,494838554000,304853298362,61.61,494838554000,304853298362,61.60661813792302,1662691727284,1256209067819,75.55273459326175,,73638909799,73638909799,100,5220000000,5220000000,100,68418909799,68418909799,100,,0,203184034781,,1667911727284,1464613102600,87.81118800483236,1667911727284,1261429067819,75.62924627150925,,12 Desember
7,Kab. Yalimo,3250000000,2339872282.02,72,0,0,0,692021168,692021168,100,30312842976.52,3187489584.01,10.52,34254864144.52,6219383034.03,18.16,0,0,0,0,0,0,0,0,0,0,0,0,0,0,0,0,0,0,0,0,0,0,0,0,0,0,0,0,0,0,1086067716000,734402124749,67.62,9353933396,8181805516,87.47,0,0,0,9353933396,8181805516,87.47,1095421649396,742583930265,67.79,0,0,0,0,0,0,4535434543,0,0,4535434543,0,0,1134211948083.52,748803313299.03,66.02,,280765966457.02,218338237512.65,77.77,392483690286.14,303851129171,77.42,0,0,0,0,0,0,23616644792,19887911123,84.21,1600000000,1600000000,100,698466301535.16,543677277806.65,77.84,0,0,0,34160673052,24292003000,71.11,92731705621.08,74191107025,80.01,75888176659.38,42041132475,55.4,1276170900,1238950000,97.08,255645000,255645000,100,204312371232.46002,142018837500,69.51064032163552,1500000000,1500000000,100,0,0,0,287860712100,34250000000,11.9,287860712100,34250000000,11.89811549833931,1192139384867.62,721446115306.65,60.51692649905718,,57927436784.1,57927436784.1,100,0,0,0,57927436784.1,57927436784.1,100,,-9.918212890625e-05,85284634776.48001,,1192139384867.62,806730750083.13,67.6708412055955,1192139384867.62,721446115306.65,60.51692649905718,,2025-11-30 00:00:00
8,Kab. Yahukimo,10993543171,4398724140,40.01,9650000000,460030000,4.77,2983812272,1263584811,42.35,16372644557,7990805639,48.81,40000000000,14113144590,35.28,0,0,0,0,0,0,0,0,0,0,0,0,0,0,0,0,0,0,0,0,0,0,0,0,0,0,0,0,0,0,1854785195922,1570872393361,84.69,0,0,0,0,0,0,21097621370,12303135755,58.32,1875882817292,1583175529116,84.4,0,0,0,0,0,0,5258000000,3329580000,63.32,5258000000,3329580000,63.32,1921140817292,1600618253706,83.32,,416623174386,380456297387,91.32,589808216986,557542221697,94.53,12375000000,10277503473,83.05,0,0,0,134775000000,131245514000,97.38,5160000000,4946000000,95.85,1158741391372,1084467536557,93.59,2458452000,1510450000,61.44,22930383300,13250709100,57.79,105838985716,75384369100,71.23,49859724500,38770519150,77.76,183250000,83250000,45.43,0,0,0,181270795516,128999297350,71.16386121812643,4500000000,4456836000,99.04,0,0,0,527080167290,317479355672,60.23,527080167290,317479355672,60.23359924626467,1871592354178,1535403025579,82.0372567857249,,451536886,451536886,100,50000000000,49000000000,98,-49548463114,-48548463114,97.98177392969944,,0,16666765013,,1921592354178,1601069790592,83.31995009820332,1921592354178,1584403025579,82.45260875097313,,05 Desember
XXXVIII,Prov. Papua Selatan,130993681252,151588161992,115.72,0,46590000,0,0,0,0,0,16994337934.76,0,130993681252,168629089926.76,128.73,0,0,0,0,0,0,0,0,0,0,0,0,0,0,0,0,0,0,0,0,0,0,0,0,0,0,0,0,0,0,1228572765277,1164660117082,94.8,0,0,0,0,0,0,0,0,0,1228572765277,1164660117082,94.8,20000000000,5446494000,27.23,0,0,0,0,0,0,20000000000,5446494000,27.23,1379566446529,1338735701008.76,97.04,,345899785062.61,260345789373,75.27,796098308927.35,559762491046,70.31,0,0,0,0,0,0,12327050000,53996197103,438.03,0,2500000000,0,1154325143989.96,876604477522,75.94,0,0,0,32604704960,19699948919,60.42,1848850000,142247161,7.69,236988465000,115202878382,48.61,50000000,0,0,964066700,298000000,30.91,272456086660,135343074462,49.67518843904399,6127587297,5224661600,85.26,65962765306,79044940851,119.83,74868867390.04,11200000000,14.96,140831632696.03998,90244940851,64.08002174183243,1573740450643,1107417154435,70.36847492752256,,194174004114,408525193618.63,210.39,0,0,0,194174004114,408525193618.63,210.39129078204718,,0,639843740192.39,,1573740450643,1747260894627.3901,111.0259886827903,1573740450643,1107417154435,70.36847492752256,,05 Desember
1,Kab. Asmat,4588445163,7606968724,165.79,14539557921,16632822635,114.4,4291604145,4291604145,100,14712235092,7618603667,51.78,38131842321,36149999171,94.8,0,0,0,0,0,0,0,0,0,0,0,0,0,0,0,0,0,0,0,0,0,0,0,0,0,0,0,0,0,0,1610634871000,1466374496797,91.04,0,0,0,0,0,0,12844856501,17101375664,133.14,1623479727501,1483475872461,91.38,200000000,116826000,58.41,0,0,0,6010933578,6266270618,104.25,6210933578,6383096618,102.77,1667822503400,1526008968250,91.5,,489483454341.19,378744450523.38,77.38,660007119749.66,482640682758.79,73.13,0,0,0,0,0,0,71389464425,54495673496,76.34,87845343804.37,72755876527,82.82,1308725382320.22,988636683305.17,75.54,1223162500,1187500000,97.08,40704068542,22781583473.74,55.97,77747067832.83,61203129593,78.72,78740136281.46,46683587994,59.29,2431652700,2108466100.57,86.71,0,0,0,200846087856.29,133964267161.31001,66.69996343526718,6358660870.79,5179684919,81.46,0,0,0,309655819100,196296764940,63.39,309655819100,196296764940,63.39191865036713,1825585950147.3,1324077400325.48,72.52889956885595,,187763446747.3,187763446747.3,100,30000000000,0,0,157763446747.3,187763446747.3,119.01581172225082,,0,389695014671.82,,1855585950147.3,1713772414997.3,92.35747958003549,1855585950147.3,1324077400325.48,71.35629584931769,,19 Desember
2,Kab. Boven Digoel,7964418865,6124226325,76.89,11103478274,9681256810,87.19,2942801489,3326968577,113.05,8071206665,4257706456,52.75,30081905293,23390158168,77.75,22954084000,16723485200,72.86,683950753000,555980374116,81.29,115450962716,33483735711,29,0,0,0,822355799716,606187595027,73.71,13786988000,13786988000,100,182740827000,137055620250,75,0,0,0,113427169000,52641028600,46.41,309954984000,203483636850,65.65,1132310783716,809671231877,71.51,8169172118,18421383001,225.5,0,0,0,8169172118,18421383001,225.5,1140479955834,828092614878,72.61,8700000000,8700000000,100,0,0,0,3235216057,0,0,11935216057,8700000000,72.89,1182497077184,860182773046,72.74,,367155735557.93,232233363166.19,63.25,478548972638,288001717647,60.18,0,0,0,0,0,0,42125000000,41050910000,97.45,24694815143,17633500000,71.41,912524523338.93,578919490813.19,63.44,4508500000,4501000000,99.83,31259730653,19607135651,62.72,73664761744,25380513006,34.45,45434324916,10416156500,22.93,27560000,27560000,100,0,0,0,154894877313,59932365157,38.69228356460953,5840400808.07,700000000,11.99,0,0,0,184117652698,109193415560,59.31,184117652698,109193415560,59.306326123495126,1257377454158,748745271530.19,59.54817060335995,,74880376974,0,0,0,0,0,74880376974,0,0,,0,111437501515.81006,,1257377454158,860182773046,68.41086343655012,1257377454158,748745271530.19,59.54817060335995,,2025-11-28 00:00:00
3,Kab. Mappi,2560765948,2750414887,107.41,1001847615,1025332934,102.34,3890444822,3890444822,100,13693970570,17628434249,128.73,21147028955,25294626892,119.61,20113362600,14652582298,72.85,694179027000,609344331000,87.78,192327781920,45307052251,23.56,0,0,0,906620171520,669303965549,73.82,14315743000,14315743000,100,266750911000,200063183250,75,0,0,0,167737079000,84604557654,50.44,448803733000,298983483904,66.62,1355423904520,968287449453,71.44,18554572268,8359217815,45.05,0,0,0,18554572268,8359217815,45.05,1373978476788,976646667268,71.08,0,0,0,0,0,0,18640587068,12803833600,68.69,18640587068,12803833600,68.69,1413766092811,1014745127760,71.78,,434269772665.82,286460033626.03,65.96,467951042389.25,226860853326.99,48.48,0,0,0,0,0,0,40644002818.84,21273634415.57,52.34,9292807280,5757348094,61.95,952157625153.91,540351869462.59,56.75,0,0,0,40083652347,11066922755,27.61,104463892227,33462197555,32.03,94633911546,36337689480.24,38.4,813269000,150000000,18.44,20370800,0,0,240015095920,81016809790.23999,33.75488090850914,13360172405.19,1780592974,13.33,0,0,0,238906787505,137628741481,57.61,238906787505,137628741481,57.60771509186176,1444439680984.1,760778013707.8301,52.669420795024834,,31673588173.1,0,0,1000000000,0,0,30673588173.1,0,0,,-9.918212890625e-05,253967114052.16992,,1445439680984.1,1014745127760,70.20321505696661,1445439680984.1,760778013707.8301,52.63298245623565,,05 Desember
4,Kab. Merauke,82524881660,90281140960,109.4,29959519020,18837108327,62.88,10330492652,10330492652,100,102390970124,103368547154.03,100.95,225205863456,222817289093.03,98.94,47194971000,29916255000,63.39,1220683290000,1220598260295,99.99,243287345000,150359290261,61.8,0,6614865400,0,1511165606000,1407488670956,93.14,0,0,0,254964461000,254964461000,100,0,0,0,192982600000,103122934652,53.44,447947061000,358087395652,79.94,1959112667000,1765576066608,90.12,40227467741,25388068398,63.11,0,0,0,40227467741,25388068398,63.11,1999340134741,1790964135006,89.58,1815150000,1046947686,57.68,0,0,0,108118393000,41250392086,38.15,109933543000,42297339772,38.48,2334479541197,2056078763871.03,88.07,,805504005391,663672253726,82.39,870265549274,697228918967.04,80.12,0,0,0,0,0,0,14993800409,13761840409,91.78,29091362206,27194735520,93.48,1719854717280,1401857748622.04,81.51,4568917880,4565000000,99.91,90944667634,68925493231,75.79,120658931831,91037717061,75.45,110838270937,56289493972,50.79,31914316683,4936431665,15.47,211600000,192323238,90.89,359136704965,225946459167,62.91377518458321,671865030,0,0,0,0,0,324329646300,229910760749,70.89,324329646300,229910760749,70.88798799981917,2403992933575,1857714968538.04,77.27622417655842,,73763392378,73763392378.61,100,4250000000,2225000000,52.35,69513392378,71538392378.61,102.91310772116897,,0,269902187711.59998,,2408242933575,2129842156249.6401,88.43967220067461,2408242933575,1859939968538.04,77.23224026145019,,19 Desember
,,,,,,,,,,,,,,,,,,,,,,,,,,,,,,,,,,,,,,,,,,,,,,,,,,,,,,,,,,,,,,,,,,,,,,,,,,,,,,,,,,,,,,,,,,,,,,,,,,,,,,,,,,,,,,,,,,,,,,,,,,,,,,,,,,,,,,,,,,,,,,,,,,,,,,,,,,,,
,Total Provinsi,159524654688049.47,141542566077737.16,88.72770566689124,14956989189432.67,15034449640043.309,100.51788798955184,6020364641258.561,4553953757389.23,75.64249059235097,12313694676796.809,11725419569835.479,95.22259466064365,192815703195537.53,172856389045005.25,89.64850174558075,45796479790793,38471159715342,84.00462195148087,32085772364000,30794826558333,95.97657868097502,8778696282868,6724710697300,76.60261251347264,14796622873005,13693561825311,92.54518374117362,111464890062360,98717983251829,88.56419559253176,144932558000,167309719500,115.4397064460837,693678915000,693678915000,100,976134243366,976134243366,100,0,0,0,1821235009366,1843612170866,101.22868061424921,163103661656883.56,145135326439258.94,88.9834875348022,0,0,0,339471852000,278597398880,82.06789377046789,541734154853,486602223983,89.82306535851333,172437859821736.56,153865717509823.94,89.22966085805507,544694363949,261234423566.68,47.95981762556652,40000000000,20000000000,50,3794035725705,3133015216801.5503,82.5773778453122,4378730089654,3414249640368.23,77.97351219330393,369632293106928.06,330136356195197.4,89.31480348219867,,113565143132395.88,94847726128610.84,83.51834331599089,117718213225766.31,90502047741236.14,76.88024245463737,288972179536,273211169435,94.54583824425336,7481525601608.03,3952646455202,52.83209155031754,20856229748825.98,18355572680581.992,88.01002339176497,5206900074726,4819141003937,92.55297652683674,265116983962858.25,212750345179003,80.24772385340971,1991442705386.6501,353470031949,17.74944521340732,15794323474243.549,9751154376807.111,61.7383479115691,13749837540057.291,6411817756811.331,46.631952836765045,23831373309448.48,14830747235960.8,62.23202936475683,1564928997192.85,1011508252637.65,64.63604767066626,335794349251,259503016215.9,77.28034042107312,57267700375579.82,32618200670381.79,56.95741309055757,4742585318305.93,474797387969.32,10.011362075799608,46836424804164.33,40791622292055.92,87.09380031165199,13924155396146.09,11255495250346.42,80.83431224461701,60760580200310.414,52047117542402.34,85.65934915502412,387887849857054.44,297890460779756.44,76.79809019270284,,27107523313852.508,23568719796290.184,86.94530858983373,8960861590780,4369184504888.6504,48.75853131560683,18146661723072.508,19199535291401.535,105.80202344870051,,-108895027053.82843,51445430706842.38,,396739816420780.56,353705075991487.6,89.15290609913211,396848711447834.44,302259645284645.06,76.16495570362383,,
,Total Kabupaten,77443512641916.34,67045301421196.164,86.57316685930883,40723539824556.805,33926741856195.008,83.30990381080959,5107508280329.02,4445462343585.803,87.03779024122173,18639631692804.047,15350731228902.389,82.35533556614556,141914192439606.2,120768236849879.44,85.09947791252398,54886608892314.04,48322333063359.875,88.04029623722411,143443500642843,136957619519772,95.47844196913455,26456660665177.707,19421401878791.64,73.40836443638602,23049804860451,17602221593704,76.3660330326961,300783291330970.25,269086375110120.53,89.46187599697096,1646472310194,1538382995000,93.43509668976674,5485201071632,4614576008040,84.12774568840072,306953273000,303296102000,98.80855774422709,36403375130000,30424789731550,83.57683765008083,45977446874826,38804006098908,84.3979140567597,607405690429718.6,542000049289325.44,89.23196766659842,19834378925474.52,15488432136942.36,78.08881838518073,3178981263054.59,1773196207836.2102,55.77875618343211,42734777055797.57,32998156962096.195,77.21616733605853,650140467485516.4,574998206251421.8,88.44214981345264,1644558833836,1470957393723.19,89.44388996361549,8000000000,16000000000,200,7711031772984.23,6005623227694.869,77.88352330145626,9724365740120.23,7866208805257.06,80.89174158478127,801779025665243,703632651906558.4,87.75892476393335,,320906320582355.94,265725532273806.62,82.80470505896814,237407462945874.44,169264029242712.84,71.29684431247331,495641649062.78,359263151028.07996,72.48445559557368,361432624725.3,251470082760.66998,69.57592247014088,26423093307288.41,17962709469277.516,67.98109994306675,4328864821942.281,3119643991757.9604,72.06609862116771,589922815931249.1,456682648211343.94,77.41396601018509,5041731025681.49,1275954168527.2002,25.307858789526154,27592923683047.867,16489060490783.059,59.758294119855684,36630470985731.12,19752078467609.492,53.92253480798441,58344740075365.86,32316672003402.93,55.3891781189845,2711958658596.6797,1202180575557.97,44.32886805804208,506806187469.86,255078149640.16,50.330512126063894,130828630615892.89,71291023855520.8,54.49191321495071,4220574708286.6997,1421370329508.97,33.677174976152976,9588972166818.48,7360938601815.5,76.76462579886476,116174228618057.33,98840496205185.4,85.07953733021156,125763200784875.81,106201434807000.9,84.44555652544477,850735222040304.8,635596477203374.2,74.71143320938721,,55400991108613.23,43275694313696.7,78.11357422984551,5075390641972.83,3710252684569.6997,73.1028002827287,50325600466640.375,39565441629126.99,78.61891614259817,,1369404091578.3699,107601616332310.53,,857180016773856.2,746908346220254.5,87.13552948088686,855810612682277.8,639306729887944.1,74.70189320090714,,
,Total Kota,55425873069394.086,48638602471618.42,87.7543280386799,10601652974702.04,8686588996724.47,81.93617558934113,1512168095931.8599,1352896946227.8098,89.4673647637103,6400553913497.619,5716314945287.979,89.30969135707609,73940248053525.61,64394403359858.69,87.08978540786522,6581903884986,5362364479469.65,81.47132764581622,31012653024072,29808248057984,96.1164078250476,5297196820594.84,3977175330654.24,75.08075431880272,4590604947788,3715820406379,80.94402477759455,54505062057790.84,49168935976885.89,90.20985229730195,318807296721,311477460500,97.70085681965598,434721033540,360862155000,83.01005177077451,0,0,0,342068590000,304645261446,89.05970040862272,1124944642261,1009082122946,89.7006025930191,99882713524205.88,90707714364492.89,90.8142271710615,5552525795600.74,4664765118210.529,84.01158841812887,924421661994,868037645387,93.90061711823387,13192021338709.29,11293230023994.938,85.60651725795245,113074734862915.19,102000944388487.83,90.20666244510541,10862221093,10754619594.58,99.00939690419906,4000000000,12000000000,300,733649378037.02,646065821066.79,88.06193263537251,748511599130.02,668820440661.3701,89.35338362675029,187763494515570.84,167064168189007.94,88.97585157329591,,74684418410950.95,62910888624060.12,84.23562767523073,75147737830601.47,57208526805613.58,76.12807578396227,99445033052,77507751023.06,77.9402938933421,260062266792,181988492834.06,69.97881510415964,6140183776787.551,4412546413793.561,71.8634258224456,855587899779,677236624959.52,79.15453516049625,157187435217963,125468694712283.9,79.82107128238557,2140819452152.85,857334453077.5,40.04702275174806,8321641569765.5205,5143627436535.69,61.81024973754815,9830524203607.29,5689711762877.47,57.8780098093817,14968391382773.896,9535251375966.84,63.70257920260097,611215305770.74,357026028353.89,58.4124816546735,109296474248.1,58504542800.5,53.5282983307369,35981888388318.41,21641455599611.887,60.14541362047532,1159707094500.71,230347185960,19.862531414380253,284667260414.11,195100185202,68.53622187468437,1944671365926,1592463456119,81.88856400221185,2229338626340.11,1787563641321,80.18358540064553,196558369327122.22,149128061139176.8,75.86960639207912,,9998632715022.887,9400344916189.559,94.01630386988408,1160841606619.48,974860851371.03,83.97880001992263,8837791108403.41,8425484064818.53,95.33472743893168,,42916296852.0008,26361591114649.613,,197762127230593.7,176464513105197.44,89.23069122301516,197719210933741.7,150102921990547.8,75.91721678519609,,
,Total Kabupaten/Kota,132869385711310.44,115683903892814.6,87.06588298990462,51325192799258.84,42613330852919.48,83.02614861981547,6619676376260.879,5798359289813.612,87.59279094983211,25040185606301.664,21067046174190.367,84.13294735678234,215854440493131.8,185162640209738.12,85.78125137788386,61468512777300.04,53684697542829.52,87.33690651883637,174456153666915,166765867577756,95.59185163290836,31753857485772.547,23398577209445.883,73.68735348116277,27640409808239,21318042000083,77.1263600937225,355288353388761.1,318255311087006.44,89.57662362176205,1965279606915,1849860455500,94.12708751421995,5919922105172,4975438163040,84.04566943023048,306953273000,303296102000,98.80855774422709,36745443720000,30729434992996,83.62787840352142,47102391517087,39813088221854,84.52455796731954,707288403953924.5,632707763653818.4,89.45541311250388,25386904721075.258,20153197255152.89,79.38422378220241,4103402925048.59,2641233853223.21,64.36691452112113,55926798394506.86,44291386986091.13,79.19528429584027,763215202348431.5,676999150639909.6,88.70357253848809,1655421054929,1481712013317.77,89.50665505346733,12000000000,28000000000,233.33333333333334,8444681151021.25,6651689048761.659,78.7677939498905,10472877339250.25,8535029245918.43,81.49650730588476,989542520180813.9,870696820095566.2,87.98983392209043,,395590738993306.9,328636420897866.75,83.07485198823804,312555200776475.9,226472556048326.44,72.45841870034614,595086682114.78,436770902051.13995,73.39618162835912,621494891517.3,433458575594.73,69.74451142092197,32563277084075.96,22375255883071.08,68.71315754031706,5184452721721.281,3796880616717.4805,73.23590011361671,747110251149212.1,582151342923627.9,77.9204062624167,7182550477834.34,2133288621604.7002,29.700990312398375,35914565252813.39,21632687927318.75,60.233745765930266,46460995189338.41,25441790230486.96,54.75946033184669,73313131458139.75,41851923379369.766,57.08653081237749,3323173964367.42,1559206603911.8599,46.91919895348185,616102661717.96,313582692440.66003,50.897798682813054,166810519004211.3,92932479455132.69,55.71140238031782,5380281802787.41,1651717515468.97,30.699461032194446,9873639427232.59,7556038787017.5,76.52739238357347,118118899983983.33,100432959661304.4,85.02700217740167,127992539411215.92,107988998448321.9,84.37132269199972,1047293591367427,784724538342551,74.92880170477835,,65399623823636.11,52676039229886.266,80.54486578078541,6236232248592.311,4685113535940.7295,75.12731003561146,59163391575043.78,47990925693945.52,81.11591377088833,,1412320388430.3706,133963207446960.14,,1054942144004450,923372859325452,87.52829380959464,1053529823616019.5,789409651878492,74.9299767489267,,
,"Total Provinsi, Kabupaten/Kota",292394040399359.9,257226469970551.75,87.97254199135685,66282181988691.516,57647780492962.78,86.97326907976284,12640041017519.44,10352313047202.844,81.90094504324992,37353880283098.48,32792465744025.844,87.78864604024407,408670143688669.4,358019029254743.4,87.60586864096616,107264992568093.03,92155857258171.53,85.91419721552673,206541926030915,197560694136089,95.6516180189577,40532553768640.55,30123287906745.883,74.31875148723502,42437032681244,35011603825394,82.5024786449505,466753243451121.1,416973294338835.4,89.33484666454198,2110212164915,2017170175000,95.59087036545694,6613601020172,5669117078040,85.71906682530062,1283087516366,1279430345366,99.71497104029521,36745443720000,30729434992996,83.62787840352142,48923626526453,41656700392720,85.14638703285054,870392065610808.1,777843090093077.2,89.3669784945956,25386904721075.258,20153197255152.89,79.38422378220241,4442874777048.59,2919831252103.21,65.71941363701588,56468532549359.86,44777989210074.13,79.29724253226011,935653062170168.2,830864868149733.6,88.80052892923929,2200115418878,1742946436884.45,79.22068187555841,52000000000,48000000000,92.3076923076923,12238716876726.25,9784704265563.21,79.948775383229,14851607428904.25,11949278886286.66,80.45781538118851,1359174813287741.8,1200833176290763.8,88.35016397824785,,509155882125702.75,423484147026477.6,83.17377092030253,430273414002242.25,316974603789562.56,73.66818247987564,884058861650.78,709982071486.1399,80.3093665234472,8103020493125.33,4386105030796.73,54.129260002710566,53419506832901.94,40730828563653.07,76.24710705596836,10391352796447.281,8616021620654.48,82.91530265049059,1012227235112070.4,794901688102630.9,78.5299644713296,9173993183220.99,2486758653553.7,27.10661108950812,51708888727056.94,31383842304125.863,60.6933219350044,60210832729395.695,31853607987298.293,52.90345033169913,97144504767588.23,56682670615330.58,58.34881834123309,4888102961560.27,2570714856549.5103,52.591258342253596,951897010968.96,573085708656.56,60.204591678799545,224078219379791.12,125550680125514.48,56.029845503510586,10122867121093.34,2126514903438.29,21.00704156243643,56710064231396.92,48347661079073.42,85.25411094898082,132043055380129.42,111688454911650.83,84.58487619066283,188753119611526.34,160036115990724.25,84.78594489992818,1435181441224481.5,1082614999122307.5,75.43401607803902,,92507147137488.62,76244759026176.45,82.42039819135032,15197093839372.31,9054298040829.379,59.57914148935301,77310053298116.3,67190460985347.06,86.91037985222059,,1303425361376.5422,185408638153802.53,,1451681960425230.5,1277077935316939.5,87.97229490561793,1450378535063854,1091669297163137,75.26788840094599,,
,,,,,,,,,,,,,,,,,,,,,,,,,,,,,,,,,,,,,,,,,,,,,,,,,,,,,,,,,,,,,,,,,,,,,,,,,,,,,,,,,,,,,,,,,,,,,,,,,,,,,,,,,,,,,,,,,,,,,,,,,,,,,,,,,,,,,,,,,,,,,,,,,,,,,,,,,,,,
Mil,Total Provinsi,159524.65468804946,141542.56607773717,88.72770566689125,14956.98918943267,15034.449640043309,100.51788798955184,6020.36464125856,4553.95375738923,75.64249059235097,12313.69467679681,11725.419569835478,95.22259466064364,192815.70319553753,172856.38904500526,89.64850174558075,45796.479790793,38471.159715342,84.00462195148089,32085.772364,30794.826558333,95.97657868097502,8778.696282868,6724.7106973,76.60261251347264,14796.622873005,13693.561825311,92.54518374117362,111464.89006236,98717.983251829,88.56419559253176,144.932558,167.3097195,115.4397064460837,693.678915,693.678915,100,976.134243366,976.134243366,100,0,0,0,1821.235009366,1843.612170866,101.22868061424923,163103.66165688357,145135.32643925893,88.98348753480218,0,0,0,339.471852,278.59739888,82.0678937704679,541.734154853,486.602223983,89.82306535851333,172437.85982173655,153865.71750982394,89.22966085805507,544.694363949,261.23442356668,47.95981762556652,40,20,50,3794.035725705,3133.01521680155,82.5773778453122,4378.730089654,3414.24964036823,77.97351219330393,369632.29310692806,330136.3561951974,89.31480348219867,,113565.14313239587,94847.72612861084,83.51834331599089,117718.21322576632,90502.04774123614,76.88024245463737,288.972179536,273.211169435,94.54583824425336,7481.52560160803,3952.646455202,52.83209155031755,20856.22974882598,18355.57268058199,88.01002339176497,5206.900074726,4819.141003937,92.55297652683676,265116.98396285827,212750.345179003,80.2477238534097,1991.4427053866502,353.470031949,17.749445213407316,15794.323474243549,9751.154376807111,61.738347911569115,13749.837540057291,6411.8177568113315,46.631952836765045,23831.37330944848,14830.7472359608,62.232029364756826,1564.9289971928501,1011.50825263765,64.63604767066626,335.794349251,259.5030162159,77.2803404210731,57267.70037557982,32618.20067038179,56.95741309055757,4742.58531830593,474.79738796932,10.011362075799608,46836.42480416433,40791.62229205592,87.09380031165199,13924.15539614609,11255.49525034642,80.83431224461701,60760.58020031041,52047.117542402346,85.65934915502412,387887.8498570544,297890.4607797564,76.79809019270284,,27107.523313852507,23568.719796290185,86.94530858983373,8960.86159078,4369.184504888651,48.75853131560683,18146.66172307251,19199.535291401535,105.80202344870051,,-108.89502705382843,51445.43070684238,,396739.81642078055,353705.0759914876,89.15290609913211,396848.71144783444,302259.6452846451,76.16495570362383,,
,Total Kabupaten,77443.51264191634,67045.30142119617,86.57316685930884,40723.53982455681,33926.74185619501,83.30990381080959,5107.50828032902,4445.462343585803,87.03779024122173,18639.631692804047,15350.731228902388,82.35533556614556,141914.19243960618,120768.23684987944,85.09947791252398,54886.60889231404,48322.333063359874,88.04029623722411,143443.500642843,136957.619519772,95.47844196913456,26456.660665177707,19421.40187879164,73.40836443638601,23049.804860451,17602.221593704,76.36603303269608,300783.29133097024,269086.3751101205,89.46187599697096,1646.472310194,1538.382995,93.43509668976672,5485.201071632,4614.57600804,84.12774568840071,306.953273,303.296102,98.80855774422707,36403.37513,30424.78973155,83.57683765008083,45977.446874826,38804.006098908,84.39791405675972,607405.6904297186,542000.0492893255,89.23196766659844,19834.37892547452,15488.43213694236,78.08881838518073,3178.98126305459,1773.1962078362103,55.77875618343211,42734.77705579757,32998.1569620962,77.21616733605853,650140.4674855163,574998.2062514217,88.44214981345264,1644.558833836,1470.9573937231899,89.44388996361548,8,16,200,7711.031772984231,6005.6232276948695,77.88352330145626,9724.36574012023,7866.20880525706,80.89174158478127,801779.025665243,703632.6519065584,87.75892476393335,,320906.32058235595,265725.53227380663,82.80470505896814,237407.46294587443,169264.02924271283,71.2968443124733,495.64164906278,359.26315102807996,72.48445559557369,361.4326247253,251.47008276066998,69.57592247014088,26423.09330728841,17962.709469277517,67.98109994306675,4328.864821942281,3119.6439917579605,72.06609862116771,589922.8159312492,456682.6482113439,77.41396601018508,5041.73102568149,1275.9541685272002,25.307858789526154,27592.923683047866,16489.06049078306,59.75829411985569,36630.47098573112,19752.07846760949,53.92253480798441,58344.74007536586,32316.67200340293,55.3891781189845,2711.9586585966795,1202.1805755579699,44.328868058042076,506.80618746986,255.07814964016,50.330512126063894,130828.6306158929,71291.02385552079,54.49191321495071,4220.5747082867,1421.37032950897,33.677174976152976,9588.972166818481,7360.9386018155,76.76462579886476,116174.22861805733,98840.49620518541,85.07953733021156,125763.20078487581,106201.4348070009,84.44555652544477,850735.2220403048,635596.4772033743,74.7114332093872,,55400.99110861323,43275.6943136967,78.11357422984551,5075.39064197283,3710.2526845697,73.1028002827287,50325.600466640375,39565.441629126995,78.61891614259818,,1369.4040915783698,107601.61633231053,,857180.0167738562,746908.3462202545,87.13552948088687,855810.6126822778,639306.7298879442,74.70189320090714,,
,Total Kota,55425.87306939409,48638.60247161842,87.75432803867989,10601.65297470204,8686.58899672447,81.93617558934112,1512.1680959318599,1352.8969462278098,89.46736476371031,6400.553913497619,5716.314945287979,89.30969135707609,73940.2480535256,64394.40335985869,87.08978540786522,6581.903884986,5362.36447946965,81.47132764581622,31012.653024072,29808.248057984,96.1164078250476,5297.19682059484,3977.17533065424,75.08075431880272,4590.604947788,3715.820406379,80.94402477759455,54505.06205779084,49168.93597688589,90.20985229730196,318.807296721,311.4774605,97.70085681965598,434.72103354,360.862155,83.0100517707745,0,0,0,342.06859,304.645261446,89.05970040862273,1124.944642261,1009.082122946,89.70060259301911,99882.71352420587,90707.71436449289,90.8142271710615,5552.52579560074,4664.765118210529,84.01158841812887,924.421661994,868.037645387,93.90061711823387,13192.02133870929,11293.230023994938,85.60651725795245,113074.73486291518,102000.94438848783,90.20666244510541,10.862221093,10.75461959458,99.00939690419905,4,12,300,733.64937803702,646.06582106679,88.06193263537251,748.51159913002,668.8204406613701,89.35338362675029,187763.49451557084,167064.16818900793,88.97585157329591,,74684.41841095095,62910.88862406012,84.23562767523075,75147.73783060147,57208.526805613576,76.12807578396227,99.445033052,77.50775102306,77.9402938933421,260.062266792,181.98849283406,69.97881510415962,6140.18377678755,4412.5464137935605,71.8634258224456,855.587899779,677.23662495952,79.15453516049624,157187.435217963,125468.6947122839,79.82107128238557,2140.8194521528503,857.3344530775,40.04702275174806,8321.641569765521,5143.62743653569,61.81024973754814,9830.524203607289,5689.7117628774695,57.8780098093817,14968.391382773896,9535.25137596684,63.70257920260097,611.21530577074,357.02602835389,58.4124816546735,109.29647424810001,58.5045428005,53.52829833073689,35981.88838831841,21641.455599611887,60.14541362047532,1159.70709450071,230.34718596,19.862531414380253,284.66726041411,195.100185202,68.53622187468437,1944.671365926,1592.463456119,81.88856400221187,2229.33862634011,1787.563641321,80.18358540064553,196558.36932712223,149128.0611391768,75.86960639207912,,9998.632715022886,9400.344916189559,94.01630386988408,1160.84160661948,974.86085137103,83.97880001992263,8837.79110840341,8425.48406481853,95.3347274389317,,42.9162968520008,26361.591114649615,,197762.1272305937,176464.51310519743,89.23069122301514,197719.21093374168,150102.92199054782,75.9172167851961,,
,Total Kabupaten/Kota,132869.38571131043,115683.90389281459,87.06588298990462,51325.192799258846,42613.33085291948,83.02614861981546,6619.676376260879,5798.359289813612,87.5927909498321,25040.185606301664,21067.046174190367,84.13294735678234,215854.4404931318,185162.64020973814,85.78125137788386,61468.51277730004,53684.697542829526,87.33690651883637,174456.153666915,166765.867577756,95.59185163290836,31753.857485772547,23398.577209445884,73.68735348116277,27640.409808239,21318.042000083,77.1263600937225,355288.3533887611,318255.3110870064,89.57662362176205,1965.279606915,1849.8604555,94.12708751421995,5919.922105172,4975.43816304,84.04566943023049,306.953273,303.296102,98.80855774422707,36745.44372,30729.434992996,83.62787840352142,47102.391517087,39813.088221854,84.52455796731952,707288.4039539245,632707.7636538184,89.45541311250388,25386.904721075258,20153.19725515289,79.3842237822024,4103.40292504859,2641.2338532232097,64.36691452112112,55926.79839450686,44291.386986091136,79.19528429584027,763215.2023484315,676999.1506399097,88.7035725384881,1655.421054929,1481.71201331777,89.50665505346733,12,28,233.33333333333334,8444.68115102125,6651.689048761659,78.7677939498905,10472.87733925025,8535.02924591843,81.49650730588476,989542.5201808139,870696.8200955662,87.98983392209043,,395590.7389933069,328636.4208978668,83.07485198823804,312555.2007764759,226472.55604832643,72.45841870034614,595.08668211478,436.77090205113996,73.3961816283591,621.4948915173001,433.45857559473,69.74451142092198,32563.277084075962,22375.255883071077,68.71315754031706,5184.452721721282,3796.8806167174803,73.23590011361671,747110.2511492121,582151.3429236278,77.92040626241669,7182.55047783434,2133.2886216047,29.700990312398368,35914.565252813394,21632.68792731875,60.233745765930266,46460.995189338406,25441.79023048696,54.75946033184669,73313.13145813975,41851.923379369764,57.08653081237749,3323.17396436742,1559.20660391186,46.91919895348185,616.1026617179599,313.58269244066,50.89779868281307,166810.51900421132,92932.47945513269,55.71140238031782,5380.28180278741,1651.71751546897,30.699461032194453,9873.63942723259,7556.0387870175,76.52739238357347,118118.89998398333,100432.95966130441,85.02700217740168,127992.53941121593,107988.9984483219,84.37132269199972,1047293.591367427,784724.538342551,74.92880170477834,,65399.62382363611,52676.039229886264,80.54486578078541,6236.2322485923105,4685.11353594073,75.12731003561147,59163.39157504378,47990.92569394552,81.11591377088833,,1412.3203884303707,133963.20744696015,,1054942.14400445,923372.859325452,87.52829380959464,1053529.8236160195,789409.651878492,74.9299767489267,,
,"Total Provinsi, Kabupaten/Kota",292394.0403993599,257226.46997055176,87.97254199135683,66282.18198869152,57647.78049296278,86.97326907976284,12640.04101751944,10352.313047202844,81.90094504324992,37353.88028309848,32792.465744025845,87.78864604024407,408670.14368866937,358019.02925474336,87.60586864096616,107264.99256809303,92155.85725817153,85.91419721552673,206541.926030915,197560.694136089,95.65161801895772,40532.553768640544,30123.28790674588,74.31875148723502,42437.032681244,35011.603825394,82.5024786449505,466753.24345112115,416973.2943388354,89.33484666454198,2110.212164915,2017.170175,95.59087036545694,6613.601020172,5669.11707804,85.71906682530062,1283.087516366,1279.430345366,99.71497104029521,36745.44372,30729.434992996,83.62787840352142,48923.626526453,41656.70039272,85.14638703285053,870392.0656108081,777843.0900930773,89.3669784945956,25386.904721075258,20153.19725515289,79.3842237822024,4442.87477704859,2919.83125210321,65.71941363701588,56468.53254935986,44777.989210074134,79.29724253226011,935653.0621701683,830864.8681497336,88.80052892923929,2200.115418878,1742.94643688445,79.22068187555841,52,48,92.3076923076923,12238.71687672625,9784.70426556321,79.948775383229,14851.60742890425,11949.27888628666,80.45781538118851,1359174.8132877417,1200833.1762907638,88.35016397824785,,509155.88212570274,423484.1470264776,83.17377092030253,430273.41400224227,316974.60378956253,73.66818247987563,884.05886165078,709.98207148614,80.3093665234472,8103.02049312533,4386.10503079673,54.129260002710566,53419.506832901934,40730.82856365307,76.24710705596836,10391.352796447281,8616.021620654481,82.9153026504906,1012227.2351120703,794901.6881026309,78.52996447132962,9173.99318322099,2486.7586535537002,27.106611089508124,51708.88872705694,31383.842304125865,60.6933219350044,60210.8327293957,31853.607987298292,52.90345033169912,97144.50476758824,56682.67061533058,58.34881834123309,4888.102961560269,2570.7148565495104,52.591258342253596,951.89701096896,573.0857086565601,60.204591678799545,224078.21937979112,125550.68012551448,56.029845503510586,10122.867121093339,2126.51490343829,21.00704156243643,56710.06423139692,48347.66107907342,85.25411094898082,132043.05538012943,111688.45491165083,84.58487619066283,188753.11961152634,160036.11599072424,84.78594489992817,1435181.4412244814,1082614.9991223074,75.43401607803901,,92507.14713748863,76244.75902617646,82.42039819135032,15197.09383937231,9054.298040829379,59.57914148935301,77310.0532981163,67190.46098534706,86.91037985222059,,1303.4253613765422,185408.63815380255,,1451681.9604252304,1277077.9353169396,87.97229490561794,1450378.535063854,1091669.297163137,75.26788840094599,,
,,,,,,,,,,,,,,,,,,,,,,,,,,,,,,,,,,,,,,,,,,,,,,,,,,,,,,,,,,,,,,,,,,,,,,,,,,,,,,,,,,,,,,,,,,,,,,,,,,,,,,,,,,,,,,,,,,,,,,,,,,,,,,,,,,,,,,,,,,,,,,,,,,,,,,,,,,,,
Tril,Total Provinsi,159.52465468804945,141.54256607773718,88.72770566689127,14.95698918943267,15.03444964004331,100.51788798955184,6.020364641258561,4.55395375738923,75.64249059235097,12.313694676796809,11.725419569835477,95.22259466064364,192.81570319553754,172.85638904500524,89.64850174558073,45.79647979079299,38.471159715342,84.00462195148089,32.085772364,30.794826558333,95.97657868097502,8.778696282868001,6.7247106973,76.60261251347264,14.796622873005001,13.693561825311,92.54518374117362,111.46489006236001,98.71798325182901,88.56419559253176,0.144932558,0.1673097195,115.43970644608372,0.693678915,0.693678915,100,0.976134243366,0.976134243366,100,0,0,0,1.821235009366,1.843612170866,101.22868061424923,163.1036616568836,145.13532643925893,88.98348753480218,0,0,0,0.339471852,0.27859739888,82.06789377046789,0.5417341548529999,0.486602223983,89.82306535851335,172.43785982173654,153.86571750982395,89.2296608580551,0.5446943639490001,0.26123442356668,47.95981762556652,0.04,0.02,50,3.794035725705,3.1330152168015504,82.5773778453122,4.378730089654,3.41424964036823,77.97351219330395,369.63229310692805,330.1363561951974,89.31480348219868,,113.56514313239587,94.84772612861084,83.51834331599089,117.71821322576632,90.50204774123614,76.88024245463737,0.288972179536,0.273211169435,94.54583824425336,7.4815256016080305,3.952646455202,52.83209155031755,20.856229748825978,18.35557268058199,88.01002339176497,5.206900074726,4.819141003937,92.55297652683676,265.1169839628583,212.750345179003,80.2477238534097,1.9914427053866501,0.35347003194899995,17.749445213407316,15.79432347424355,9.751154376807111,61.7383479115691,13.74983754005729,6.411817756811332,46.63195283676505,23.83137330944848,14.8307472359608,62.23202936475683,1.5649289971928502,1.01150825263765,64.63604767066626,0.33579434925100005,0.2595030162159,77.2803404210731,57.26770037557982,32.61820067038179,56.95741309055757,4.74258531830593,0.47479738796932003,10.011362075799608,46.83642480416433,40.791622292055926,87.09380031165199,13.92415539614609,11.255495250346419,80.834312244617,60.76058020031041,52.04711754240235,85.65934915502412,387.8878498570544,297.89046077975644,76.79809019270284,,27.107523313852507,23.568719796290186,86.94530858983373,8.960861590779999,4.369184504888651,48.75853131560683,18.14666172307251,19.199535291401535,105.80202344870051,,-0.10889502705382843,51.44543070684238,,396.7398164207805,353.7050759914876,89.15290609913211,396.84871144783443,302.2596452846451,76.16495570362385,,
,Total Kabupaten,77.44351264191634,67.04530142119617,86.57316685930884,40.72353982455681,33.92674185619501,83.30990381080957,5.10750828032902,4.445462343585803,87.03779024122173,18.63963169280405,15.350731228902388,82.35533556614554,141.91419243960618,120.76823684987944,85.09947791252398,54.886608892314044,48.32233306335988,88.04029623722411,143.443500642843,136.957619519772,95.47844196913456,26.456660665177708,19.421401878791638,73.40836443638601,23.049804860451,17.602221593703998,76.36603303269608,300.78329133097026,269.0863751101205,89.46187599697096,1.6464723101940002,1.5383829949999999,93.43509668976672,5.485201071632,4.614576008039999,84.12774568840071,0.306953273,0.303296102,98.80855774422707,36.40337513,30.42478973155,83.57683765008083,45.97744687482599,38.804006098908005,84.39791405675973,607.4056904297186,542.0000492893255,89.23196766659845,19.83437892547452,15.48843213694236,78.08881838518073,3.17898126305459,1.7731962078362102,55.77875618343211,42.734777055797565,32.998156962096196,77.21616733605853,650.1404674855163,574.9982062514217,88.44214981345264,1.644558833836,1.47095739372319,89.44388996361549,0.008,0.016,200,7.711031772984231,6.005623227694869,77.88352330145626,9.72436574012023,7.86620880525706,80.89174158478127,801.779025665243,703.6326519065584,87.75892476393335,,320.90632058235593,265.7255322738066,82.80470505896814,237.40746294587444,169.26402924271284,71.2968443124733,0.49564164906278,0.35926315102808,72.48445559557369,0.3614326247253,0.25147008276066996,69.57592247014087,26.42309330728841,17.962709469277517,67.98109994306675,4.328864821942282,3.1196439917579606,72.06609862116771,589.9228159312491,456.6826482113439,77.41396601018509,5.04173102568149,1.2759541685272002,25.307858789526154,27.592923683047864,16.48906049078306,59.75829411985569,36.630470985731115,19.752078467609493,53.92253480798441,58.344740075365856,32.31667200340293,55.3891781189845,2.7119586585966795,1.2021805755579698,44.328868058042076,0.50680618746986,0.25507814964016,50.330512126063894,130.8286306158929,71.29102385552079,54.491913214950706,4.2205747082867004,1.42137032950897,33.67717497615297,9.58897216681848,7.3609386018155,76.76462579886476,116.17422861805733,98.8404962051854,85.07953733021156,125.7632007848758,106.2014348070009,84.44555652544477,850.7352220403048,635.5964772033742,74.7114332093872,,55.400991108613226,43.275694313696704,78.11357422984551,5.07539064197283,3.7102526845696997,73.1028002827287,50.325600466640374,39.565441629126994,78.61891614259818,,1.3694040915783698,107.60161633231053,,857.1800167738562,746.9083462202545,87.13552948088687,855.8106126822778,639.3067298879441,74.70189320090714,,
,Total Kota,55.425873069394086,48.63860247161842,87.75432803867989,10.60165297470204,8.686588996724469,81.9361755893411,1.5121680959318597,1.3528969462278098,89.46736476371031,6.400553913497619,5.716314945287979,89.30969135707609,73.94024805352561,64.39440335985869,87.08978540786522,6.581903884986,5.36236447946965,81.47132764581622,31.012653024071998,29.808248057984002,96.11640782504762,5.29719682059484,3.97717533065424,75.08075431880272,4.590604947788,3.7158204063789997,80.94402477759454,54.505062057790845,49.16893597688589,90.20985229730195,0.318807296721,0.3114774605,97.700856819656,0.43472103354,0.36086215499999996,83.0100517707745,0,0,0,0.34206858999999995,0.304645261446,89.05970040862275,1.1249446422609999,1.009082122946,89.70060259301911,99.88271352420587,90.70771436449289,90.8142271710615,5.55252579560074,4.664765118210529,84.01158841812887,0.924421661994,0.868037645387,93.90061711823388,13.19202133870929,11.293230023994939,85.60651725795245,113.07473486291518,102.00094438848782,90.20666244510541,0.010862221093,0.01075461959458,99.00939690419906,0.004,0.012,300,0.73364937803702,0.64606582106679,88.06193263537251,0.7485115991300201,0.66882044066137,89.35338362675029,187.76349451557084,167.06416818900794,88.97585157329593,,74.68441841095095,62.91088862406012,84.23562767523075,75.14773783060147,57.20852680561357,76.12807578396227,0.099445033052,0.07750775102306,77.9402938933421,0.260062266792,0.18198849283406,69.97881510415962,6.14018377678755,4.41254641379356,71.8634258224456,0.8555878997790001,0.67723662495952,79.15453516049624,157.187435217963,125.4686947122839,79.82107128238557,2.1408194521528503,0.8573344530775,40.04702275174805,8.321641569765521,5.143627436535691,61.81024973754815,9.830524203607288,5.68971176287747,57.878009809381716,14.968391382773897,9.53525137596684,63.70257920260097,0.61121530577074,0.35702602835389,58.4124816546735,0.10929647424810002,0.0585045428005,53.52829833073689,35.98188838831841,21.641455599611888,60.14541362047532,1.15970709450071,0.23034718595999998,19.86253141438025,0.28466726041411,0.195100185202,68.53622187468437,1.944671365926,1.592463456119,81.88856400221187,2.22933862634011,1.7875636413209999,80.18358540064553,196.55836932712222,149.1280611391768,75.86960639207912,,9.998632715022886,9.400344916189558,94.01630386988408,1.16084160661948,0.97486085137103,83.97880001992263,8.83779110840341,8.42548406481853,95.33472743893168,,0.042916296852000796,26.361591114649613,,197.7621272305937,176.46451310519743,89.23069122301514,197.71921093374166,150.10292199054783,75.9172167851961,,
,Total Kabupaten/Kota,132.86938571131043,115.68390389281458,87.06588298990462,51.32519279925884,42.613330852919475,83.02614861981546,6.619676376260879,5.798359289813612,87.5927909498321,25.040185606301662,21.067046174190367,84.13294735678234,215.85444049313182,185.16264020973813,85.78125137788386,61.46851277730004,53.684697542829525,87.33690651883637,174.456153666915,166.765867577756,95.59185163290837,31.753857485772546,23.398577209445886,73.68735348116279,27.640409808239,21.318042000083,77.1263600937225,355.2883533887611,318.2553110870064,89.57662362176205,1.965279606915,1.8498604555,94.12708751421995,5.919922105172,4.975438163040001,84.04566943023049,0.306953273,0.303296102,98.80855774422707,36.745443720000004,30.729434992996,83.62787840352142,47.102391517087,39.813088221854,84.52455796731954,707.2884039539246,632.7077636538183,89.45541311250386,25.386904721075258,20.15319725515289,79.3842237822024,4.10340292504859,2.6412338532232096,64.36691452112112,55.92679839450686,44.29138698609113,79.19528429584027,763.2152023484315,676.9991506399097,88.70357253848809,1.655421054929,1.48171201331777,89.50665505346733,0.012,0.028,233.33333333333334,8.44468115102125,6.651689048761659,78.7677939498905,10.47287733925025,8.535029245918428,81.49650730588476,989.5425201808139,870.6968200955662,87.98983392209043,,395.5907389933069,328.6364208978668,83.07485198823805,312.5552007764759,226.47255604832642,72.45841870034614,0.59508668211478,0.43677090205113994,73.39618162835912,0.6214948915173001,0.43345857559473,69.74451142092197,32.56327708407596,22.375255883071077,68.71315754031706,5.184452721721282,3.7968806167174805,73.23590011361671,747.1102511492121,582.1513429236278,77.92040626241669,7.18255047783434,2.1332886216047,29.700990312398368,35.9145652528134,21.632687927318752,60.233745765930266,46.460995189338405,25.441790230486962,54.75946033184669,73.31313145813975,41.851923379369765,57.08653081237749,3.32317396436742,1.55920660391186,46.91919895348185,0.6161026617179599,0.31358269244066,50.897798682813054,166.81051900421133,92.9324794551327,55.71140238031782,5.38028180278741,1.65171751546897,30.699461032194453,9.873639427232591,7.5560387870175,76.52739238357346,118.11889998398333,100.43295966130441,85.02700217740168,127.99253941121593,107.98899844832191,84.37132269199972,1047.293591367427,784.724538342551,74.92880170477834,,65.3996238236361,52.676039229886264,80.54486578078541,6.2362322485923105,4.68511353594073,75.12731003561149,59.16339157504378,47.99092569394552,81.11591377088833,,1.4123203884303708,133.96320744696015,,1054.94214400445,923.372859325452,87.52829380959464,1053.5298236160195,789.409651878492,74.92997674892672,,
,"Total Provinsi, Kabupaten/Kota",292.3940403993599,257.22646997055176,87.97254199135685,66.28218198869152,57.64778049296278,86.97326907976284,12.640041017519438,10.352313047202845,81.90094504324993,37.353880283098476,32.79246574402585,87.78864604024409,408.6701436886694,358.0190292547434,87.60586864096616,107.26499256809304,92.15585725817152,85.91419721552671,206.541926030915,197.560694136089,95.65161801895772,40.53255376864055,30.123287906745883,74.31875148723502,42.437032681244006,35.011603825394,82.5024786449505,466.75324345112114,416.9732943388354,89.33484666454198,2.110212164915,2.017170175,95.59087036545692,6.613601020172,5.66911707804,85.71906682530062,1.283087516366,1.279430345366,99.71497104029523,36.745443720000004,30.729434992996,83.62787840352142,48.923626526453,41.65670039272,85.14638703285053,870.3920656108081,777.8430900930773,89.3669784945956,25.386904721075258,20.15319725515289,79.3842237822024,4.44287477704859,2.9198312521032097,65.71941363701588,56.46853254935986,44.77798921007413,79.29724253226011,935.6530621701683,830.8648681497336,88.80052892923929,2.200115418878,1.7429464368844498,79.22068187555841,0.052,0.048,92.3076923076923,12.23871687672625,9.78470426556321,79.94877538322899,14.85160742890425,11.94927888628666,80.45781538118851,1359.1748132877417,1200.8331762907637,88.35016397824785,,509.15588212570276,423.4841470264776,83.17377092030253,430.27341400224225,316.97460378956254,73.66818247987563,0.8840588616507801,0.7099820714861399,80.3093665234472,8.10302049312533,4.38610503079673,54.12926000271058,53.41950683290193,40.73082856365307,76.24710705596837,10.391352796447281,8.61602162065448,82.9153026504906,1012.2272351120704,794.9016881026309,78.52996447132962,9.17399318322099,2.4867586535537,27.10661108950812,51.70888872705694,31.383842304125864,60.6933219350044,60.2108327293957,31.853607987298293,52.90345033169912,97.14450476758824,56.68267061533058,58.34881834123309,4.88810296156027,2.5707148565495106,52.591258342253596,0.95189701096896,0.5730857086565601,60.204591678799545,224.0782193797911,125.55068012551448,56.029845503510586,10.12286712109334,2.1265149034382897,21.00704156243643,56.71006423139692,48.34766107907342,85.25411094898082,132.04305538012943,111.68845491165082,84.58487619066281,188.75311961152636,160.03611599072423,84.78594489992815,1435.1814412244814,1082.6149991223074,75.43401607803901,,92.50714713748863,76.24475902617645,82.42039819135032,15.19709383937231,9.054298040829378,59.57914148935301,77.3100532981163,67.19046098534706,86.91037985222057,,1.3034253613765423,185.40863815380254,,1451.6819604252305,1277.0779353169396,87.97229490561793,1450.3785350638539,1091.669297163137,75.26788840094599,,
